2130.1,0.223249157899208,2250.1,0.327265883185866,2280.1,0.357758263824523,2310.1,0.387771898478265,0.0956211227995163,0.387754366276827,0.455521873432828,0.000253007572666106,0.00318495465713373,92,0.6049375,0.602458333333333,2730.1,5370.1,-0.000175037275848371,7590.1,14970.1,-6.44743378713986e-06,0.282104504048583,0.00778656563020564,0,0,0
2010.1,0.218466183546499,2130.1,0.330012407837082,2160.1,0.360727892132268,2190.1,0.390123606675106,0.103124754269869,0.389855941547532,0.45883769041132,0.000223303701324652,0.00342752140654358,88,0.6166875,0.611541666666667,2670.1,4650.1,-0.000234274316918083,7470.1,14970.1,-9.48934737241513e-06,0.313727589641434,0.0108653230861734,0,0,0
2040.1,0.209716496813741,2190.1,0.352085674295525,2220.1,0.383682868600334,2250.1,0.413960084256125,0.103623587082906,0.414187853803745,0.480994875458685,0.000193971563432317,0.00342844637327562,92,0.6449375,0.639791666666667,2700.1,4500.1,-0.000267062841530055,7470.1,14970.1,-7.19083349143112e-06,0.312448705179283,0.0091776417622793,0,0,0
1920.1,0.205620655804954,2070.1,0.345742807313167,2100.1,0.378643489752271,2130.1,0.411469270826268,0.103932434534605,0.411019255460081,0.482133293682838,0.000263575229447472,0.00346907266741243,92,0.6409375,0.637791666666667,2640.1,4470.1,-0.000246730597315605,7320.1,14970.1,-9.23740579342146e-06,0.352897094726563,0.0109805017815922,0,0,0
930.1,0.09034375,1170.1,0.94284375,1200.1,1.03790625,1230.1,1.0901875,0.29315984188703,1.06896875,1.119165625,9.64511231448261e-05,0.00791498170775028,57,1.3135,1.28022916666667,1650.1,4380.1,-0.000619734753325216,6750.1,10200.1,-3.34293750560617e-05,0.392080818965517,0.0172936691601035,0,0,0
900.1,0.075875,1170.1,0.95784375,1200.1,1.04790625,1230.1,1.0961875,0.281733046120016,1.07616875,1.131565625,0.000124842398084173,0.00771704024585728,56,1.260625,1.25819791666667,1650.1,4350.1,-0.000575768824321813,13050.1,14070.1,1.39431605975724e-05,0.398608035714286,0.00801329226195608,0,0,0
960.1,0.0751875,1260.1,1.0175,1290.1,1.07140625,1320.1,1.11296875,0.260511892358185,1.0901125,1.131865625,0.000223930798458772,0.00676074678697794,58,1.2505625,1.24002083333333,1710.1,4320.1,-0.000652099880537259,9210.1,10110.1,3.27704973118279e-05,0.398369959677419,0.00614596272872715,0,0,0
3090.1,0.327663973632888,2970.1,0.259371647713728,3000.1,0.273542832084196,3030.1,0.289939332640124,0.0584316615499342,0.291591392628789,0.335213884543616,0,0,136,0.5123125,0.505447916666667,4020.1,5940.1,-5.36846226689976e-05,8580.1,12180.1,-4.57411343313914e-05,0.397246900826446,0.0253518134152191,3000.1,4020.1,0.000388035877430075
270.1,0.0343125,1410.1,0.3429375,1440.1,0.36621875,1470.1,0.400755208333333,0.0605799604091959,0.399010271990741,0.465015237188143,0.0116686872926238,0.00237233550361234,194,0.66775,0.661083333333333,2070.1,4140.1,-9.90853454057679e-05,7950.1,14970.1,-1.59963964942778e-05,0.451399202127659,0.0180157823539201,0,0,0
1200.1,0.21390625,1410.1,0.3859375,1440.1,0.41221875,1470.1,0.446755208333333,0.0843053720476534,0.44524916087963,0.513250036570859,0.00794773176726512,0.00275613722381455,189,0.7613125,0.754447916666667,2160.1,3660.1,-9.41365007541478e-05,7860.1,14970.1,-1.10829193443173e-05,0.535541360294117,0.0131195968648335,0,0,0
240.1,0.0410625,1230.1,0.5001875,1260.1,0.5425,1290.1,0.58040625,0.0757541736934071,0.5851875,0.677265625,0.00716293786678109,0.0034466046035799,173,0.9166875,0.909572916666667,1770.1,3540.1,-8.17566800963232e-05,6720.1,14970.1,-9.14932542343861e-06,0.734077105978261,0.0136047525623101,0,0,0
240.1,0.0410625,1200.1,0.46790625,1230.1,0.5111875,1260.1,0.5555,0.0760366455966613,0.55579375,0.65310625,0.00727109396641993,0.00345699461348538,176,0.9235,0.9205625,1740.1,3510.1,-7.62300291747706e-05,6720.1,14970.1,-8.28202425288833e-06,0.740533627717391,0.0125542517870981,0,0,0
1140.1,0.14446875,1440.1,0.44021875,1470.1,0.473588541666667,1500.1,0.509394965277778,0.111420854127208,0.509004885223765,0.590119064031972,0.00231733991984492,0.00365841720777956,177,0.82128125,0.811333333333333,2070.1,3600.1,-0.000113599294942941,6990.1,14970.1,-8.48019764319402e-06,0.62198513576779,0.0126224402484511,0,0,0
1020.1,0.16771875,1290.1,0.39240625,1320.1,0.41196875,1350.1,0.443875,0.0944454650902372,0.4484,0.519370112364969,0.00906582723067337,0.00291962643257694,189,0.7833125,0.771447916666667,1890.1,3540.1,-9.05396303258146e-05,8040.1,14970.1,-1.22336799969717e-05,0.580144621048851,0.0135229027275595,0,0,0
1020.1,0.13471875,1350.1,0.484875,1380.1,0.5158125,1410.1,0.5609375,0.116427441255702,0.556453125,0.632087434895833,0.00396580090733037,0.00357714676337532,173,0.8786875,0.86990625,2190.1,3510.1,-0.000103062417654809,6960.1,14970.1,-8.42421024238483e-06,0.673797574626866,0.0132843078471565,0,0,0
900.1,0.163875,1200.1,0.56190625,1230.1,0.6031875,1260.1,0.6485,0.123223107894805,0.64379375,0.72680625,0.00510146687369515,0.00394296342640206,173,1.0486875,1.03690625,1830.1,3510.1,-5.90525343531246e-05,8160.1,14970.1,-1.07051961741204e-05,0.793563733552632,0.0117695283208537,0,0,0
660.1,0.0860625,930.1,0.93534375,960.1,0.9981875,990.1,1.07065625,0.26509337025478,1.0679625,1.165465625,0.0010555044703111,0.00740829482615502,58,1.6235625,1.59735416666667,1800.1,2490.1,-0.00155690986480139,6150.1,6810.1,5.09572628458496e-05,1.30632065217391,0.0128830624076156,0,0,0
720.1,0.10296875,960.1,0.9221875,990.1,0.98265625,1020.1,1.06971875,0.274040377625047,1.06384375,1.16025,0.000783884817785971,0.00747287641129279,61,1.7541875,1.74689583333333,1830.1,2640.1,-0.00169119800218938,0,0,0,0,0,0,0,0
4500.1,0.167119452005084,4680.1,0.362104364039993,4710.1,0.399941376466733,4740.1,0.438046527423639,0.128870605089387,0.436875978857489,0.516330704247098,2.82125798582199e-06,0.0024770437456919,177,0.69528125,0.692666666666667,5280.1,6960.1,-0.000139382670037162,10140.1,14970.1,-8.3457999146627e-06,0.497387731481482,0.00791246108463125,0,0,0
720.1,0.10396875,930.1,0.83034375,960.1,0.9001875,990.1,0.96165625,0.296821342637031,0.9673625,1.096365625,0.000230307967440635,0.00888975725859052,51,1.6465,1.56897916666667,1740.1,2610.1,-0.0017258268446422,12570.1,13230.1,-6.39409344171393e-05,1.20162240107521,0.0334929859525998,0,0,0
570.1,0.09228125,810.1,0.9189375,840.1,0.98503125,870.1,1.0461875,0.28729714154921,1.047475,1.175659375,0.0013253806711322,0.00818120356523476,56,1.743625,1.72286458333333,1680.1,2250.1,-0.00166272869674186,0,0,0,0,0,0,0,0
540.1,0.0925625,780.1,0.8961875,810.1,0.9769375,840.1,1.03503125,0.283783195305905,1.03604375,1.130203125,0.00165736576907763,0.00817997983389741,252,1.5594375,1.52530208333333,1590.1,2400.1,-0.00112835819193578,0,0,0,0,0,0,0,0
540.1,0.0845625,780.1,0.8781875,810.1,0.9649375,840.1,1.01403125,0.292546152304444,1.01364375,1.132803125,0.00112888863040732,0.00863601102839798,54,1.5775625,1.56430208333333,1620.1,2970.1,-0.000526029268167334,0,0,0,0,0,0,0,0
600.1,0.0955,840.1,0.89703125,870.1,0.9681875,900.1,1.044875,0.279995556539416,1.028925,1.164553125,0.0014947792328038,0.00774041771955842,58,1.6885625,1.6716875,1680.1,2490.1,-0.00188460420087575,0,0,0,0,0,0,0,0
3840.1,0.237698529171494,3930.1,0.309528604551876,3960.1,0.33637528378194,3990.1,0.362338237543221,0.0880157743579455,0.362194472448131,0.419813188775589,0.000105030384991454,0.00202008614938461,150,0.587875,0.581895833333333,4560.1,6870.1,-8.33224792085551e-05,9900.1,14970.1,-8.96067541518839e-06,0.337827573529412,0.00724682729970304,0,0,0
1710.1,0.18128119035405,2550.1,0.658073434418939,2580.1,0.690741079545861,2610.1,0.726321941536786,0.0460452558541682,0.726648066461467,0.829565870039355,0.0436205105671873,0.00105612287122467,110,1.29365625,1.27890625,3360.1,6060.1,-0.000104417336890163,6600.1,14040.1,-2.05135202098717e-05,1.10916503514056,0.0260674345708078,0,0,0
1740.1,0.173990354493291,2580.1,0.620070875128601,2610.1,0.661604099687071,2640.1,0.706939833122571,0.0453869258034945,0.708507710212235,0.824258650994538,0.0340693743866937,0.00110638556263153,110,1.21665625,1.20590625,3270.1,7410.1,-0.00019247502308712,14100.1,14970.1,-2.61021505376345e-05,0.64714375,0.00940805809463723,0,0,0
1710.1,0.187148329033367,2640.1,0.663742500964506,2670.1,0.695303606449331,2700.1,0.732937540857553,0.0408384764093028,0.733175138941728,0.830018228882908,0.0564099546051937,0.000919488431425487,117,1.3100625,1.2995,3480.1,4380.1,-0.000143963373655914,5670.1,12420.1,-1.55283497358417e-05,1.16700592275074,0.0182325464219675,0,0,0
1800.1,0.17347647600908,2040.1,0.395412013229977,2070.1,0.425260413219937,2100.1,0.45771323503321,0.1029857859395,0.458092293518296,0.530208391862615,0.00040928785975762,0.00337892014506336,210,0.74315625,0.737760416666667,2910.1,3720.1,-5.97222222222223e-05,7680.1,14970.1,-9.3702994083014e-06,0.560416282445355,0.0107659245442518,0,0,0
1770.1,0.165383027099057,2040.1,0.428199420692599,2070.1,0.458995855500071,2100.1,0.492973107602134,0.105702762581992,0.492973565454388,0.563301968889465,0.000434878873715592,0.00339180814755772,211,0.8080625,0.806072916666667,2940.1,4320.1,-6.59369700123343e-05,7710.1,14970.1,-9.99385552550396e-06,0.606092849794239,0.0113022848092622,0,0,0
8370.1,0.0471875,8700.1,0.90240625,8730.1,0.9673125,8760.1,1.03040625,0.26826688906234,1.02225625,1.115615625,6.20286983058346e-06,0.00131310993204419,324,1.7925,1.70382291666667,0,0,0,0,5970.1,-1.83203755098594e-08,2.2990263386054e-05,0.000104073399391295,0,0,0
1800.1,0.167023384933005,2010.1,0.367090817723701,2040.1,0.397622349220256,2070.1,0.428991620517172,0.112496492146654,0.430575810718073,0.506168659978938,0.000234680251279126,0.00366898162541848,215,0.731625,0.729739583333333,2820.1,4860.1,-4.83713920350749e-05,7800.1,14970.1,-1.37601944044168e-05,0.543674739583333,0.0149570531217103,0,0,0
1470.1,0.126921875,1770.1,0.490687125319193,1800.1,0.544747773168302,1830.1,0.598521108888438,0.135223496568355,0.595337689497253,0.698742926647664,0.000209076113360455,0.00439433204801851,76,0.94003125,0.934145833333333,2370.1,4050.1,-0.000144150246305419,6780.1,14970.1,-8.0569321189759e-06,0.717374087591241,0.0121041818027151,0,0,0
1620.1,0.20148486997921,1860.1,0.464888125393194,1890.1,0.503848182815814,1920.1,0.541875761891675,0.104510311809097,0.541294132958746,0.629679811616694,0.000719900601242272,0.00348474399190194,183,0.8933125,0.886135416666667,2880.1,4380.1,-6.83634992458523e-05,7530.1,14970.1,-6.30828151314938e-06,0.729240085341366,0.00810677477107932,1890.1,2880.1,0.000616209386220994
1470.1,0.162921875,1770.1,0.484677230878374,1800.1,0.525971726934343,1830.1,0.56518147067162,0.109021237461835,0.563809389502568,0.648003552347869,0.00087551921389353,0.00358065456049538,183,0.9193125,0.91346875,3060.1,4350.1,-4.92850011745362e-05,7410.1,14970.1,-8.46350326515507e-06,0.754839303359684,0.010382229324865,1800.1,2820.1,0.000531036463214705
1710.1,0.233739295460614,1920.1,0.501315654259076,1950.1,0.544844877009757,1980.1,0.587655458207635,0.109004225544245,0.58562289338218,0.672867575417666,0.000508027067872647,0.00359715831462852,87,0.91996875,0.914583333333333,2640.1,4260.1,-0.000294802338864839,7320.1,14970.1,-6.43819894963092e-06,0.645690409342448,0.00947665828336209,0,0,0
3000.1,0.174848123415199,3180.1,0.335332256973551,3210.1,0.362802360187169,3240.1,0.389496445484262,0.108534020209208,0.388540227932016,0.44756706448485,1.13721333551565e-05,0.00323096922807651,136,0.6623125,0.66078125,4050.1,8130.1,-0.000125036422455367,11550.1,14970.1,-1.10037251111287e-05,0.386701086956522,0.00641209100753128,0,0,0
0,0,0,0,0,0,0,0,0,0,0,0,0,1,0.0020625,0.0020625,30.1,5970.1,-3.69270595401249e-09,0,0,0,0,0,0,0,0
3270.1,0.178515458764731,3450.1,0.339931196539271,3480.1,0.368750737625004,3510.1,0.396504653856688,0.107344672136408,0.395423052132175,0.456807078698551,1.52771970839161e-05,0.00288918451569272,148,0.646875,0.6418125,4350.1,7440.1,-0.000132392088089904,7470.1,14970.1,-1.51268861063682e-05,0.428536354581673,0.017044813670374,0,0,0
2700.1,0.234990210862086,2820.1,0.323094268312616,2850.1,0.346660043003126,2880.1,0.369132255951142,0.0796000689081429,0.367428652423342,0.416956652479999,0.000262922210935126,0.00252029987869311,124,0.64053125,0.638270833333333,4050.1,5550.1,-0.000128666101055807,12510.1,14970.1,-1.18629570546996e-05,0.404346762048193,0.00529694326988937,0,0,0
1470.1,0.138421875,1770.1,0.476133503365326,1800.1,0.523971587714636,1830.1,0.571293572351455,0.12353921971098,0.569576644377486,0.669405755979737,0.000364979193906154,0.00406120712797873,77,0.907875,0.903583333333333,2790.1,4170.1,-9.63818705673761e-05,7380.1,14970.1,-1.16169170509696e-05,0.690828863188976,0.0142794674430715,0,0,0
1470.1,0.148421875,1740.1,0.445430022548371,1770.1,0.490423828802807,1800.1,0.540413079574481,0.122109048092492,0.537881247111484,0.631561757465864,0.000382435732928686,0.00406681851537014,79,0.889375,0.882958333333333,2430.1,3930.1,-0.000107378959276018,7320.1,14970.1,-9.01870109364273e-06,0.682807250976563,0.0113543913750493,0,0,0
1470.1,0.145421875,1740.1,0.444319776515944,1770.1,0.486352414364427,1800.1,0.528656533848818,0.124100613305818,0.527290632514637,0.613839771610561,0.000434580711451173,0.00399512743117943,178,0.84921875,0.844927083333333,2370.1,4080.1,-6.17768028340869e-05,7440.1,14970.1,-1.1195567657221e-05,0.683458953373016,0.0133722720568425,0,0,0
1770.1,0.126357542567562,2040.1,0.524346234569731,2070.1,0.586175917639668,2100.1,0.648690051628993,0.158115187915278,0.647325044892571,0.774450750583844,2.21221794826273e-05,0.00494439305035335,87,1.01796875,1.01125,2640.1,4020.1,-0.000192786626965772,7320.1,14970.1,-8.07569254700098e-06,0.828748494466146,0.0111069706015688,0,0,0
480.1,0.0949375,810.1,0.9069375,840.1,0.96703125,870.1,1.0361875,0.205168614445029,1.020275,1.092259375,0.00655852144829537,0.00615889342411009,35,1.17271875,1.16809375,1140.1,2100.1,-0.000274308572860963,12090.1,14970.1,-3.14488875447092e-06,0.851431056701031,0.00659071769814938,0,0,0
480.1,0.1069375,810.1,0.9309375,840.1,0.99103125,870.1,1.0451875,0.196722508295926,1.035275,1.096459375,0.00855189270405249,0.00587187760061115,34,1.16365625,1.15952083333333,1140.1,3600.1,-0.000235508803506709,5640.1,11220.1,-2.90626073046259e-05,0.881634664661319,0.0245412022945704,0,0,0
510.1,0.1289375,810.1,0.9089375,840.1,0.97003125,870.1,1.0291875,0.195294854410646,1.019075,1.089259375,0.00783652632086875,0.0059322273272436,37,1.16575,1.16151041666667,1140.1,3600.1,-0.000253382388438772,5070.1,8790.1,-5.81442652329757e-06,0.9045245,0.00825052652889694,0,0,0
510.1,0.1309375,810.1,0.9039375,840.1,0.95903125,870.1,1.0341875,0.193204011071749,1.017875,1.088059375,0.00774949221953858,0.00593331752643201,35,1.16871875,1.16176041666667,1140.1,3660.1,-0.000223299785030291,5610.1,14970.1,-2.56828564742272e-05,0.89333536341853,0.0359234579875988,0,0,0
0,0,0,0,0,0,0,0,0,0,0,0,0,58,0.2975625,0.2936875,1740.1,2400.1,-0.000116833415678525,2430.1,10440.1,-7.84096218814038e-06,0.260695545708955,0.0109513811785839,780.1,1740.1,0.000263467162433155
600.1,0.1425,2010.1,0.37453125,2040.1,0.38009375,2070.1,0.394322916666667,0.0205602817948947,0.394740972222222,0.433642998176369,0.152599454554418,0.000438755767298956,97,0.736875,0.73475,2940.1,5340.1,-0.000248876750225835,5670.1,7080.1,1.45100593428861e-05,0.470122395833333,0.00817071029374705,2040.1,2940.1,0.000872490730538391
12960.1,0.18940625,600.1,0.1485,630.1,0.1545,660.1,0.1670625,0.000590556361429136,0.16636875,0.187603125,0,0,177,0.29628125,0.292333333333333,3660.1,4140.1,-2.16503267973855e-05,4170.1,9000.1,-1.04957941753309e-05,0.279684606481481,0.00870732425605935,630.1,3150.1,5.8250765422448e-05
8130.1,0.32121875,720.1,0.16496875,750.1,0.17684375,780.1,0.1901875,0.0026978392436814,0.18399375,0.202621875,0,0,273,0.32721875,0.32509375,3690.1,4200.1,-2.52622979016167e-05,4230.1,7920.1,-1.21944007343299e-05,0.280147681451613,0.0078477116435936,750.1,2430.1,8.56627020136548e-05
0,0,0,0,0,0,0,0,0,0,0,0,0,451,0.10853125,0.10459375,13440.1,14790.1,-4.61031452358928e-05,14820.1,14970.1,3.77314814814848e-06,0.0790211226851852,0.00102473767760463,0,0,0
3750.1,0.142211503765918,3990.1,0.628224397538349,4020.1,0.709154589765304,4050.1,0.785040187695013,0.185697751371711,0.77735159410947,0.91523211344213,5.12936638284912e-08,0.00405413479127252,147,1.12871875,1.126125,4470.1,6630.1,-0.00030038739510058,12120.1,14970.1,5.428738432206e-06,0.834883355034722,0.00689817956120754,0,0,0
0,0,0,0,0,0,0,0,0,0,0,0,0,6,0.0495,0.046375,630.1,1560.1,-4.62504963954056e-05,1590.1,13440.1,-3.39608136040114e-06,0.0198605438641675,0.00688530989915605,0,0,0
1770.1,0.124238346831861,2040.1,0.671664204799798,2070.1,0.75635239071967,2100.1,0.83844736583882,0.187506294210074,0.830899646543096,0.978026600558148,4.29048629846105e-06,0.00586820899204573,80,1.17565625,1.17141666666667,2430.1,3450.1,-0.000211911764705883,5370.1,14970.1,-1.35174881424024e-05,1.00358080218069,0.0234582170088309,0,0,0
0,0,0,0,0,0,0,0,0,0,0,0,0,1,0.0310625,0.0310625,0,0,0,120.1,5970.1,2.9554077815824e-08,1.65064805377172e-05,8.88095124947309e-05,0,5640.1,-3.95447259389151e-07
0,0,0,0,0,0,0,0,0,0,0,0,0,1,0.0340625,0.0340625,3510.1,3870.1,-4.19835128014852e-05,3900.1,12990.1,-1.21873757157672e-06,0.0162685983019231,0.00468609476133636,0,0,0
0,0,0,0,0,0,0,0,0,0,0,0,0,34,0.04865625,0.0435208333333333,900.1,1860.1,-4.67337656706424e-05,1890.1,9810.1,-5.52521414145284e-06,0.0123420378184967,0.00692186271353307,0,0,0
0,0,0,0,0,0,0,0,0,0,0,0,0,15,0.06096875,0.05359375,570.1,1290.1,-3.23637820512821e-05,1320.1,10350.1,-6.623486764632e-06,0.0119279417696965,0.0111168780303504,0,0,0
0,0,0,0,0,0,0,0,0,0,0,0,0,188,0.267482759,0.263655172666667,6240.1,10890.1,-5.62361031179108e-05,10920.1,14970.1,-5.35971839447864e-06,0.142900608529412,0.00371462306265226,0,0,0
990.1,0.101034483,1320.1,0.119,1350.1,0.116206897,1380.1,0.095413793,0.0148783289725284,0.1052620692,0.107133333516667,0.0406555494860669,0.000657193629045027,204,0.218413793,0.21491954,6630.1,8040.1,-5.6658106925749e-05,8070.1,12120.1,-1.13864884432995e-05,0.164345841808824,0.00706657338612284,0,0,0
1320.1,0.134,1320.1,0.134,1350.1,0.148206897,1380.1,0.110413793,NaN,0.1224620692,0.114436494447222,0.13267331036176,7.53731399212731e-06,234,0.252448276,0.249793103333333,2040.1,2580.1,-0.000103174025964912,12540.1,14970.1,-5.75927358431014e-06,0.126051583971545,0.00265420822583306,0,0,0
120.1,0.089451613,540.1,0.160419355,570.1,0.142967742,600.1,0.158451613,0.0417209652158949,0.1516193548,0.1510903226,0.0777079055090624,0.0010208551285475,60,0.272645161,0.270440860333333,2640.1,5010.1,-6.96353766690107e-05,8040.1,14970.1,2.75993029866842e-06,0.168936573043822,0.00425326968139165,570.1,2100.1,0.000201165693141524
1920.1,0.377806452,1230.1,0.226774194,1260.1,0.233096774,1290.1,0.239967742,0.022192489149109,0.2401806452,0.2543032258,0,0,76,0.444387097,0.442344086,2250.1,4230.1,-0.000165847148726953,8130.1,14970.1,-4.35159764705099e-07,0.192397520777293,0.00451139706726917,1260.1,2250.1,0.000421338787389865
810.1,0.153258065,1140.1,0.239903226,1170.1,0.247387097,1200.1,0.259935484,0.0407374924696296,0.256419355,0.2770451614,0.0557489810479959,0.00129830615335773,74,0.476064516,0.455946236333333,2130.1,8010.1,-6.89969411908547e-05,8040.1,14970.1,-1.07971372970917e-06,0.199217857803161,0.00267484839264471,1170.1,2130.1,0.000472730147266785
570.1,0.0795,1410.1,0.326333333,1440.1,0.33275,1470.1,0.355277777666667,0.050434368970738,0.354869135692593,0.395676218351813,0.0494607803900513,0.00135580754048129,89,0.618833333,0.611388888666667,2640.1,4770.1,-8.33190414860549e-05,10050.1,13260.1,-3.01593728152658e-05,0.31062962962037,0.0152319992751092,1440.1,2640.1,0.000413838233307802
780.1,0.1695,1350.1,0.3105,1380.1,0.3195,1410.1,0.335333333,0.0318595249764752,0.335272222133333,0.376632921757716,0.0854069071602,0.00096033181543436,89,0.604833333,0.598388888666667,2640.1,4740.1,-8.31626796668901e-05,9990.1,13260.1,-2.17127135141146e-05,0.314546212109091,0.0113887976786312,1380.1,2640.1,0.000406758647084261
630.1,0.10575,1350.1,0.3355,1380.1,0.3475,1410.1,0.373333333,0.0481060057702229,0.3732388888,0.423385622375,0.0551967794295915,0.00135053500347086,91,0.668666667,0.6655,2670.1,4110.1,-0.000108276644054422,6930.1,13260.1,-2.62070215532547e-05,0.434685927650943,0.0252112739879794,1380.1,2670.1,0.000410501600567301
630.1,0.10875,1350.1,0.3295,1380.1,0.3385,1410.1,0.360333333,0.046188528498907,0.362505555466667,0.409794572992284,0.0604533648634279,0.0012758107441752,84,0.638583333,0.632861111,2670.1,4200.1,-9.79305993369191e-05,7050.1,13260.1,-2.76707024796385e-05,0.402275974869391,0.0260607407808351,1380.1,2670.1,0.000389760004300296
30.1,0.04075,2220.1,0.691610056499006,2250.1,0.763077277513004,2280.1,0.831087944484522,0.0387885815744482,0.824505064646311,0.947070910636897,0.000276093945571425,0.00348496836304057,131,1.2555,1.25058333333333,3990.1,5160.1,-0.000545340837973733,6030.1,9090.1,-4.61794726793482e-05,0.958146440135922,0.0226438920082728,0,0,0
30.1,0.04475,2250.1,0.596745728526749,2280.1,0.671435004700083,2310.1,0.744732845200268,0.0350054008456547,0.739728468348708,0.881610355911897,0.000694859776345908,0.00291523492113414,131,1.1745,1.16958333333333,2820.1,3390.1,-9.09649116290735e-05,8160.1,13230.1,-4.28163400376566e-05,0.814316666635294,0.0322642075836612,0,0,0
30.1,0.04775,2130.1,0.652034439064333,2160.1,0.726880484754242,2190.1,0.796426518777837,0.037344547346511,0.789583467032435,0.918251147098994,0.000489861875944016,0.00331786927606326,132,1.19975,1.19822222233333,2730.1,3180.1,-0.000121102939901961,0,0,0,0,0,0,0,0
30.1,0.06075,2490.1,0.090583333,2520.1,0.0874730580088092,2550.1,0.095833333,0.00487198965161828,0.0924270468020555,0.0945773374510522,0.0781107206747236,2.13449423169901e-05,137,0.175333333,0.169675925944444,840.1,1170.1,-3.47707864801864e-05,3780.1,9690.1,-2.11714788873023e-05,0.141223565499886,0.0190460499818988,0,0,0
570.1,0.1595,840.1,0.776583333,870.1,0.871666667,900.1,0.943916667,0.175873337038169,0.9319833334,1.0332083334,0.00412227599035261,0.0062752080920932,84,1.244583333,1.23452777766667,2520.1,4260.1,-0.000295166244465225,0,0,0,0,0,0,0,0
30.1,0.08875,810.1,0.813166667,840.1,0.906583333,870.1,0.977666667,0.085196640870853,0.9617166668,1.0540583334,0.0112092741431836,0.00526530854666649,83,1.2525,1.24416666666667,1290.1,1620.1,-5.0641027505829e-05,10140.1,13260.1,-2.93586863964338e-05,0.832185714285714,0.0148903320784987,0,0,0
570.1,0.1985,780.1,0.7475,810.1,0.837166667,840.1,0.924583333,0.189420743591085,0.9095666668,1.0134583334,0.00487757614480484,0.00648679479828472,84,1.224583333,1.21819444433333,2400.1,4200.1,-0.000262299782446677,9330.1,13260.1,-2.95101621303433e-05,0.840829545431818,0.0181074444150153,0,0,0
570.1,0.2015,780.1,0.6835,810.1,0.763166667,840.1,0.854583333,0.174491039253895,0.8393666668,0.9572583334,0.00586960907349641,0.00611886275644212,81,1.215833333,1.215111111,2460.1,4170.1,-0.000301600582269525,9960.1,13260.1,-3.20747045425296e-05,0.814289039027027,0.0166481480919297,0,0,0
450.1,0.1178125,840.1,0.84503125,870.1,0.9391875,900.1,1.025875,0.151559940867657,0.998525,1.069853125,0.0110022686281123,0.00520781984645225,37,1.15075,1.14584375,1140.1,2580.1,-0.000278637967687075,12060.1,14970.1,-3.24283493466111e-06,0.720502869897959,0.00642113493699999,0,0,0
480.1,0.1329375,840.1,0.89003125,870.1,0.9841875,900.1,1.065875,0.158448123459071,1.037725,1.100953125,0.0110883100146305,0.00527936471934636,37,1.17475,1.16884375,1140.1,2790.1,-0.000304545739348371,12270.1,14970.1,9.69372113393854e-06,0.718423076923077,0.006897059476357,0,0,0
480.1,0.1339375,840.1,0.91903125,870.1,1.0041875,900.1,1.079875,0.160495571074693,1.054525,1.110853125,0.0120895080167271,0.00521775850115675,38,1.172875,1.16836458333333,1110.1,2730.1,-0.000321950757575758,12270.1,14970.1,7.55325290651375e-06,0.746521978021978,0.00637540251742851,0,0,0
480.1,0.1669375,780.1,0.8691875,810.1,0.9529375,840.1,1.01803125,0.164993937636865,1.00784375,1.082803125,0.0140271160479431,0.00532902905640512,37,1.17275,1.16617708333333,1080.1,2700.1,-0.000298612463924964,6030.1,8880.1,1.40748920464822e-05,0.831791341145833,0.00891943967337633,0,0,0
840.1,0.058777778,1380.1,0.499777778,1410.1,0.538194444,1440.1,0.576861111,0.118911094295827,0.573456018427778,0.650024783606827,0.00218150553610366,0.00396565812045486,187,0.94475,0.941342592666667,2040.1,3900.1,-5.13203507904506e-05,7260.1,8400.1,-2.99482676383266e-05,0.70955056974359,0.00675703808219773,0,0,0
1110.1,0.186888889,1380.1,0.498777778,1410.1,0.538194444,1440.1,0.575861111,0.109071822011116,0.572656018427778,0.648810231143814,0.004145035077694,0.00349197489969657,188,0.934277778,0.928944444666667,2040.1,3870.1,-5.69792208086762e-05,7260.1,8400.1,-2.20197883940614e-06,0.704448005641026,0.00378317131664322,0,0,0
1110.1,0.172888889,1380.1,0.481777778,1410.1,0.517194444,1440.1,0.553861111,0.113870426466636,0.551561573983333,0.625678762522415,0.00349578977511222,0.00359053484035824,187,0.89675,0.890675926,2040.1,3870.1,-5.15852493649955e-05,7260.1,8400.1,-2.24246466936587e-06,0.671396723589743,0.00389858309106714,0,0,0
840.1,0.063777778,1350.1,0.509583333,1380.1,0.557777778,1410.1,0.596194444,0.122246386777146,0.591886110966667,0.673218524864275,0.00196851316538265,0.00413998233248125,183,0.987222222,0.978898148,2010.1,3870.1,-5.023397015489e-05,7110.1,8400.1,2.34737579046271e-06,0.761082701977273,0.00411124851288834,0,0,0
450.1,0.08225,840.1,0.993777778,870.1,1.07075,900.1,1.129138889,0.191673094510523,1.0992277778,1.144675,0.00958801654518741,0.00559171021787404,35,1.192944444,1.190074074,1140.1,2640.1,-0.000290671862316742,4080.1,6990.1,1.86675766867073e-05,0.931627267612245,0.0105607359581741,0,0,0
450.1,0.07625,840.1,0.992777778,870.1,1.05775,900.1,1.118138889,0.197422264230279,1.0950277778,1.141175,0.00695322188810256,0.00596804656819371,35,1.195944444,1.18840740733333,1140.1,2640.1,-0.000303757835167421,4110.1,6540.1,1.37174212688152e-05,0.911682249390244,0.0105636602122828,0,0,0
480.1,0.111138889,840.1,1.015777778,870.1,1.08875,900.1,1.126138889,0.184385767531114,1.1062277778,1.138575,0.00994969960790313,0.00558892119299194,37,1.1815,1.173564815,1140.1,2520.1,-0.000301122289384829,4080.1,6540.1,9.11816073212704e-06,0.952764725638554,0.00767337535673255,0,0,0
450.1,0.09525,840.1,1.004777778,870.1,1.06675,900.1,1.130138889,0.181232051201432,1.1022277778,1.139775,0.0101982300827251,0.00553237616004063,35,1.186944444,1.177074074,1140.1,2730.1,-0.0003019160864062,4380.1,6480.1,3.6974066769506e-05,0.920634976605634,0.0136421813259485,0,0,0
390.1,0.078138889,810.1,0.530833333,840.1,0.585777778,870.1,0.64675,0.136854301906753,0.6390666666,0.7367694444,0.0151462296437112,0.00441814715129263,47,0.948777778,0.940518518333333,1380.1,3150.1,-8.9200086577753e-05,0,0,0,0,0,0,0,0
360.1,0.063611111,750.1,0.498055556,780.1,0.548777778,810.1,0.611833333,0.158301805591537,0.608038889,0.7205722222,0.0132887787910746,0.00485529346471163,53,0.988416667,0.976009259333333,1410.1,3120.1,-7.12497850543951e-05,6960.1,8430.1,9.11760282032818e-06,0.68687444438,0.00844892850036907,0,0,0
360.1,0.063611111,750.1,0.513055556,780.1,0.566777778,810.1,0.616833333,0.160584306096769,0.620638889,0.7328722222,0.0159031791899112,0.00466044752053103,173,1.005027778,0.997398148333333,1380.1,1830.1,-6.58578429411769e-05,6450.1,8400.1,-2.37599105577008e-05,0.880267676712121,0.0096969777560643,0,0,0
390.1,0.087138889,780.1,0.516777778,810.1,0.569833333,840.1,0.624777778,0.136931513946786,0.6244555556,0.7238972222,0.0191292202800703,0.00425993922645395,171,0.953194444,0.944564814666667,1380.1,3090.1,-7.33769453341126e-05,7050.1,8400.1,1.99810420515982e-05,0.776420289804348,0.00773228230599628,0,0,0
480.1,0.089138889,840.1,1.005777778,870.1,1.07075,900.1,1.131138889,0.201943393811493,1.1000277778,1.135975,0.00738867783689196,0.00594370895522721,35,1.179944444,1.17240740733333,1110.1,2400.1,-0.000356605460559079,4260.1,6930.1,6.89623316129557e-06,0.938964197577778,0.00786211096156042,0,0,0
480.1,0.098138889,840.1,1.014777778,870.1,1.07675,900.1,1.119138889,0.194670101628269,1.0990277778,1.132075,0.00902993567896415,0.00570775538093953,39,1.176138889,1.16725,1110.1,2640.1,-0.000354249710290561,4260.1,6960.1,1.16051151786377e-05,0.885994200285714,0.00857407051615388,0,0,0
480.1,0.117138889,840.1,1.020777778,870.1,1.07075,900.1,1.123138889,0.180413318909496,1.0974277778,1.128275,0.0117266892813563,0.00539598206375054,35,1.167944444,1.16140740733333,1110.1,2610.1,-0.000381388302694822,4050.1,6510.1,1.57714483257071e-05,0.857800535542169,0.010478064884862,0,0,0
480.1,0.112138889,840.1,1.004777778,870.1,1.06875,900.1,1.113138889,0.182731958019813,1.0942277778,1.126075,0.0101089421430088,0.00553488654460413,36,1.160305556,1.15925,1110.1,2640.1,-0.000390403271860326,4140.1,6960.1,1.13640558034713e-05,0.831621637463158,0.0086307877005231,0,0,0
330.1,0.10575,600.1,0.595638889,630.1,0.666027778,660.1,0.737888889,0.192061863841475,0.7314722224,0.8364555557,0.0174156637899365,0.00594324211779775,37,1.0675,1.05223148166667,1200.1,3270.1,-0.00018003123421223,3300.1,4020.1,2.6267810256417e-06,0.86102111124,0.0102740680535923,0,0,0
300.1,0.103277778,540.1,0.495166667,570.1,0.563583333,600.1,0.634638889,0.195934021866344,0.6300611112,0.7526777779,0.0185998636708196,0.00613072224682221,38,0.987888889,0.983842592666667,1110.1,3240.1,-0.00012604165933179,6000.1,8400.1,-5.86712517012944e-06,0.75330555554321,0.00777011031312707,0,0,0
270.1,0.071916667,570.1,0.564583333,600.1,0.635638889,630.1,0.703027778,0.206057994943907,0.7021277778,0.812538889,0.0166854073838215,0.00624373739956244,37,1.0195,1.011564815,1170.1,3270.1,-0.000155975793118713,7260.1,8430.1,2.99402407942464e-05,0.739788888825,0.00840504234862114,0,0,0
300.1,0.100277778,570.1,0.566583333,600.1,0.639638889,630.1,0.709027778,0.192408895118139,0.7055277778,0.815638889,0.0209031593044026,0.00584086753696308,37,1.0185,1.008564815,1080.1,2730.1,-0.000218343270097972,6000.1,7170.1,-5.97249130706709e-07,0.76754583335,0.0112623126001514,0,0,0
450.1,0.11525,780.1,0.530777778,810.1,0.598833333,840.1,0.659777778,0.138839977690514,0.6592555556,0.7648972222,0.0172926682962643,0.00440569749725228,171,1.000194444,0.991564814666667,1320.1,3060.1,-7.80441372218975e-05,6330.1,8400.1,-9.82610642755093e-06,0.8697396825,0.00616494581141263,0,0,0
270.1,0.039916667,750.1,0.508055556,780.1,0.566777778,810.1,0.637833333,0.158987302989372,0.636438889,0.7562722222,0.0128952458855805,0.00492490363686738,42,1.002583333,0.993935185333333,1290.1,3180.1,-0.000108260030995116,7080.1,8400.1,1.19999514273165e-05,0.8100944444,0.00685144903002678,0,0,0
270.1,0.046916667,750.1,0.509055556,780.1,0.566777778,810.1,0.637833333,0.149011510780352,0.633838889,0.7509722222,0.0168491692958678,0.00455800660943663,173,1.015027778,1.01039814833333,1350.1,3030.1,-7.16790781090656e-05,6270.1,8400.1,-1.47089666870325e-05,0.906295910458333,0.0080815270955281,0,0,0
270.1,0.047916667,780.1,0.571777778,810.1,0.639833333,840.1,0.704777778,0.145840412819309,0.7064555556,0.8054972222,0.0176376659233411,0.00448780010708647,171,1.032194444,1.026898148,1350.1,3030.1,-7.25821979777025e-05,7080.1,8400.1,4.89411040843217e-06,0.900383333288889,0.00641204518098355,0,0,0
540.1,0.130166667,840.1,0.919777778,870.1,0.98075,900.1,1.035138889,0.195531641204161,1.0180277778,1.081575,0.0068676940400613,0.00589321654262173,39,1.166138889,1.16425,1200.1,2430.1,-0.000166252810123437,3960.1,6870.1,-1.59318129198566e-06,0.94818083905102,0.00673540264543557,0,0,0
480.1,0.090138889,840.1,0.884777778,870.1,0.95275,900.1,0.997138889,0.190332068604803,0.9832277778,1.048775,0.00768336948708518,0.00571922409411443,37,1.1305,1.123564815,1200.1,2550.1,-0.000147040463624216,6360.1,8400.1,-2.61268758713919e-05,0.864338566782609,0.00958467744453427,0,0,0
480.1,0.089138889,750.1,0.608055556,780.1,0.706777778,810.1,0.807833333,0.213341172099054,0.789638889,0.9202722222,0.00407041549076069,0.00670102334044589,38,1.124888889,1.12184259266667,1200.1,2850.1,-0.000159547037072226,0,0,0,0,0,0,0,0
510.1,0.123777778,780.1,0.772777778,810.1,0.867833333,840.1,0.939777778,0.203500409151394,0.9202555556,1.0120972222,0.00627384076680056,0.00621455797804112,38,1.138888889,1.13684259266667,1200.1,2820.1,-0.00013931404016354,4470.1,8220.1,-3.07732700888389e-05,0.893850308650794,0.0184638910453576,0,0,0
210.1,0.04475,690.1,0.5175,720.1,0.580305556,750.1,0.646055556,0.152994880026166,0.6394944446,0.7427611112,0.0174183034369827,0.00494747419576169,40,0.921722222,0.917972222333333,1200.1,3150.1,-8.45595644449081e-05,6390.1,8400.1,-1.45567628888805e-05,0.760342728705882,0.00713065534626095,0,0,0
210.1,0.05175,660.1,0.504888889,690.1,0.5645,720.1,0.622305556,0.151860930075957,0.6203055558,0.7319861112,0.0184708478208388,0.00503486680297457,35,0.910944444,0.903407407333333,1140.1,1770.1,-0.000215214255260681,6420.1,8430.1,-1.0620655779924e-05,0.439774237397059,0.0113055496159533,0,0,0
450.1,0.17025,660.1,0.480888889,690.1,0.5415,720.1,0.599305556,0.148338328341647,0.6023055558,0.7214861112,0.0193785050895994,0.00487405509989175,40,0.947722222,0.942305555666667,1200.1,3810.1,-0.000130913014280934,6270.1,8400.1,-4.33745297768352e-06,0.670712577125,0.00702309939845247,0,0,0
210.1,0.04675,660.1,0.487888889,690.1,0.5495,720.1,0.606305556,0.156351562514569,0.6063055558,0.7207861112,0.0182144312815484,0.00498842878522441,40,0.923722222,0.920972222333333,1230.1,1830.1,-0.000137556517662337,7080.1,8400.1,5.49138752744838e-06,0.774227777733333,0.00504944546209695,0,0,0
480.1,0.112138889,780.1,0.887777778,810.1,0.979833333,840.1,1.039777778,0.206898327828675,1.0278555556,1.0880972222,0.00880486715137694,0.00598979768446649,34,1.157972222,1.15051851833333,1110.1,2460.1,-0.0003590275354096,4470.1,5880.1,4.2766444697737e-06,1.00217351467361,0.00424655831980268,0,0,0
450.1,0.10725,780.1,0.902777778,810.1,0.986833333,840.1,1.048777778,0.193664897481795,1.0298555556,1.0816972222,0.0122189405881616,0.00559699774869797,35,1.145944444,1.133074074,1080.1,2580.1,-0.000381147813279035,6060.1,8130.1,-3.11304544122707e-05,0.832405952357143,0.0114664168643504,0,0,0
450.1,0.10625,750.1,0.817055556,780.1,0.901777778,810.1,0.975833333,0.203991228474358,0.964438889,1.0445722222,0.00883594501662346,0.00609023771014975,35,1.135944444,1.12974074066667,1110.1,2520.1,-0.000421213976487191,4470.1,6870.1,-1.68439058235471e-05,0.900104938320988,0.0097912036534264,0,0,0
390.1,0.085138889,720.1,0.764305556,750.1,0.849055556,780.1,0.926777778,0.199516703672727,0.9179500002,1.0164083334,0.00960354568811578,0.00613396836860633,35,1.129944444,1.12774074066667,1110.1,2610.1,-0.000395700687481147,4590.1,5880.1,-5.63411896640839e-06,0.924914141409091,0.0040990588337926,0,0,0
30.1,0.064111111,990.1,0.792972222,1020.1,0.841944444,1050.1,0.855305556,0.0785990782680862,0.8577222222,0.8930277778,0.00415628024858394,0.00526499935724736,40,0.934722222,0.926638889,1260.1,3630.1,-0.00028484292246601,0,0,0,0,0,0,0,0
30.1,0.068111111,990.1,0.833972222,1020.1,0.869944444,1050.1,0.899305556,0.0782831168087797,0.9071222222,1.0109277778,0.00518877552790807,0.00513769500856016,62,1.601055556,1.58754629666667,1890.1,2550.1,-0.00169307944699531,0,0,0,0,0,0,0,0
30.1,0.069111111,990.1,0.873972222,1020.1,0.952944444,1050.1,1.003305556,0.0792916587108287,1.0071222222,1.1153277778,0.00648507407873011,0.00497967480804692,59,1.663694444,1.65366666633333,1800.1,2550.1,-0.00201467975245774,0,0,0,0,0,0,0,0
30.1,0.066111111,960.1,0.839638889,990.1,0.904972222,1020.1,0.962944444,0.0819882283493569,0.9642722222,1.078975,0.00528888307120243,0.00526637087858709,59,1.610694444,1.590333333,1770.1,2580.1,-0.00110250816048167,0,0,0,0,0,0,0,0
420.1,0.102388889,780.1,0.826777778,810.1,0.920833333,840.1,0.986777778,0.174063145789248,0.9708555556,1.0427972222,0.00901061830864958,0.00583987709976746,38,1.129888889,1.12484259266667,1110.1,2370.1,-0.000407767039404007,4680.1,6930.1,-1.29337484894055e-05,0.901070175473684,0.00700425417693981,0,0,0
420.1,0.105388889,750.1,0.762055556,780.1,0.837777778,810.1,0.918833333,0.179851113461119,0.908638889,0.9990722222,0.010216582210295,0.00578893819260001,35,1.109944444,1.10174074066667,1110.1,2490.1,-0.000400352897155412,4590.1,6900.1,-1.05663440947237e-05,0.882712606871795,0.00667992578008583,0,0,0
420.1,0.117388889,690.1,0.5755,720.1,0.673305556,750.1,0.768055556,0.176638551943947,0.7560944446,0.9039611112,0.0107548560879451,0.0057831450549167,37,1.0985,1.09223148166667,1110.1,2700.1,-0.000400395358505813,4680.1,6870.1,-1.26228968391955e-05,0.811643018054054,0.00832281763372497,0,0,0
420.1,0.138388889,690.1,0.5795,720.1,0.675305556,750.1,0.771055556,0.159121989401211,0.7598944446,0.9105611112,0.0139425763093385,0.00539688202156654,36,1.112305556,1.10858333333333,1110.1,2730.1,-0.000393456924054834,4620.1,6870.1,-5.80646057871958e-06,0.846485014657895,0.00662942278352092,0,0,0
420.1,0.060388889,840.1,1.002777778,870.1,1.05475,900.1,1.096138889,0.20069457678725,1.0868277778,1.136175,0.00810075172798999,0.00585209985008086,39,1.201138889,1.19358333333333,1200.1,3360.1,-0.00024350029257888,4260.1,8040.1,4.45722270770838e-06,0.962255030629921,0.00777446575030213,0,0,0
480.1,0.103138889,840.1,1.002777778,870.1,1.05775,900.1,1.092138889,0.18953772410735,1.0854277778,1.136475,0.0121978050468411,0.00535346151863479,39,1.207138889,1.20225,1230.1,2310.1,-0.000495306710463095,4290.1,6870.1,-1.32034728682171e-05,1.01790389532184,0.00875227578972379,0,0,0
480.1,0.092138889,840.1,0.969777778,870.1,1.01975,900.1,1.065138889,0.196147487392415,1.0554277778,1.112775,0.00856939343199974,0.00571928685719159,40,1.184722222,1.17397222233333,1230.1,3900.1,-0.000201216717717688,5130.1,6930.1,-5.04592910629292e-06,0.957813752327869,0.00677523345025725,0,0,0
480.1,0.083138889,840.1,0.887777778,870.1,0.96475,900.1,1.016138889,0.197350740911781,0.9984277778,1.076875,0.00603926731374571,0.00600675259230558,37,1.1735,1.166564815,1230.1,3900.1,-0.000170615957678726,4230.1,6900.1,-2.21019517581053e-06,0.959170061777778,0.00728578669099807,0,0,0
450.1,0.09025,750.1,0.480055556,780.1,0.537777778,810.1,0.616833333,0.167131824165806,0.608238889,0.7187722222,0.00827911341560626,0.00540780752777634,37,0.8925,0.883898148333333,1200.1,3210.1,-0.000200546924534615,6990.1,8430.1,5.13303116326527e-06,0.561837301530612,0.00605980936310519,0,0,0
480.1,0.103138889,780.1,0.504777778,810.1,0.573833333,840.1,0.634777778,0.158804177206516,0.6282555556,0.7304972222,0.00945060476399156,0.00513321440445779,40,0.931722222,0.924972222333333,1290.1,1860.1,-0.000293538011428572,6150.1,8400.1,-1.34080156664393e-06,0.727086622776316,0.00618684043358168,0,0,0
360.1,0.075611111,750.1,0.484055556,780.1,0.530777778,810.1,0.584833333,0.142815110920577,0.583438889,0.6845722222,0.0157424938127241,0.00458429658313796,40,0.875722222,0.868305555666667,1230.1,3270.1,-0.000202110921736694,5790.1,8430.1,-1.12540828396323e-05,0.57049313358427,0.00826182098729827,0,0,0
360.1,0.091611111,750.1,0.470055556,780.1,0.520777778,810.1,0.571833333,0.125792179117175,0.574038889,0.6831722222,0.0195560456981145,0.00423879092072499,39,0.888138889,0.88325,1230.1,3330.1,-0.000165801413471943,7320.1,8430.1,2.02787812379181e-05,0.63178143268421,0.00635004567946616,0,0,0
810.1,0.154833333,1230.1,0.412583333,1260.1,0.455166667,1290.1,0.501888889,0.0700063526666125,0.5063555556,0.6121666667,0.00883584187785697,0.00308175191347003,61,0.817277778,0.812472222333333,1800.1,2850.1,-0.000108245865559845,6180.1,8400.1,-1.99315105263158e-05,0.59464111108,0.00873142928258065,0,0,0
90.1,0.070361111,1230.1,0.438583333,1260.1,0.482166667,1290.1,0.531888889,0.0481555032852459,0.5317555556,0.6312666667,0.0462657651577742,0.00162339082108663,61,0.814277778,0.808805555666667,1770.1,2790.1,-0.000121158834435108,7290.1,8430.1,-7.49325236282954e-10,0.569488603923077,0.00402234313612125,0,0,0
300.1,0.110277778,1230.1,0.438583333,1260.1,0.483166667,1290.1,0.527888889,0.0445337870182425,0.5307555556,0.6313666667,0.0354345185653966,0.00188488164476698,155,0.835805556,0.832629629666667,1830.1,2850.1,-9.04969401307192e-05,6210.1,8430.1,-2.10399874272166e-05,0.644551851813333,0.00860179349438586,0,0,0
600.1,0.119638889,1230.1,0.417583333,1260.1,0.455166667,1290.1,0.502888889,0.0595241036593695,0.5059555556,0.6061666667,0.019028271935976,0.0024233014111942,61,0.799277778,0.790472222333333,1920.1,2910.1,-6.53942792258724e-05,6690.1,8400.1,-3.10517426456264e-05,0.590574233637931,0.0108252110325786,0,0,0
450.1,0.12425,1110.1,0.419888889,1140.1,0.437138889,1170.1,0.465722222,0.0553497482409614,0.4660777778,0.5347361112,0.0711293216537527,0.00158444664048096,68,0.830583333,0.820740740666667,1980.1,2370.1,-0.000235299145934066,6000.1,6840.1,-1.71729622331692e-05,0.681117816172414,0.00855242950818725,0,0,0
150.1,0.039555556,1350.1,0.588583333,1380.1,0.640777778,1410.1,0.679194444,0.0675003088575706,0.675952777633333,0.75905687363804,0.0566427352555772,0.00170746428497897,123,1.157444444,1.133222222,2250.1,2640.1,-7.80016288644681e-05,0,0,0,0,0,0,0,0
30.1,0.060111111,1410.1,0.624194444,1440.1,0.669861111,1470.1,0.707347222166667,0.0508753745465644,0.704137577028704,0.784601576330645,0.0663622257429876,0.00151469680524454,123,1.186444444,1.16655555533333,3480.1,6480.1,-0.000124009577377597,0,0,0,0,0,1440.1,2370.1,0.000907543605346452
30.1,0.065111111,1410.1,0.618194444,1440.1,0.663861111,1470.1,0.6996805555,0.0489284311247956,0.697528317769444,0.777153708097499,0.0697176202357889,0.00146293331251914,123,1.158444444,1.141222222,3570.1,4020.1,-0.00016979302745098,0,0,0,0,0,1440.1,2430.1,0.000769735670350484
30.1,0.064111111,840.1,0.916777778,870.1,1.00075,900.1,1.068138889,0.0985276822063608,1.0444277778,1.104675,0.026691288444059,0.0041886173086565,38,1.182888889,1.172175926,1170.1,2790.1,-0.000338337341914382,4560.1,6930.1,-5.04301888029378e-06,0.8728222222625,0.006914010010696,0,0,0
150.1,0.075555556,840.1,0.941777778,870.1,1.02075,900.1,1.081138889,0.109691352850941,1.0576277778,1.107675,0.0241264465559788,0.00438367366293269,37,1.1755,1.161564815,1140.1,2850.1,-0.000357530849262256,4620.1,6960.1,-3.51896932976316e-06,0.815877285544304,0.00594826499903357,0,0,0
330.1,0.07675,840.1,0.961777778,870.1,1.02475,900.1,1.073138889,0.148719413971399,1.0540277778,1.094975,0.0190241256212418,0.00472578172492761,39,1.144138889,1.13758333333333,1140.1,2760.1,-0.000343387847017797,4650.1,6930.1,-2.74997902623675e-06,0.868672799454546,0.00597367482658948,0,0,0
360.1,0.078611111,720.1,0.581305556,750.1,0.681055556,780.1,0.777777778,0.166730290148448,0.7691500002,0.9197083334,0.0116345522487475,0.00543538524709626,38,1.126888889,1.12184259266667,1140.1,2730.1,-0.000346065759235118,4860.1,6930.1,-6.85507560260105e-06,0.871944047642857,0.00607159019644389,0,0,0
690.1,0.126972973,1470.1,0.4552972975,1500.1,0.49115765775,1530.1,0.527557807875,0.0491144751495694,0.528642813672917,0.612015926011139,0.0442251491512667,0.0015316655671197,90,0.893378378,0.890828829,2700.1,4110.1,-5.97913804059921e-05,6480.1,8310.1,-1.51359792131483e-05,0.681575850032258,0.00826539595689137,0,0,0
450.1,0.085783784,1380.1,0.490783784,1410.1,0.514243243,1440.1,0.562783784,0.0562636671417263,0.563230931027778,0.654664539651194,0.0396442860385724,0.00176695073323244,70,0.93472973,0.921054054,2130.1,3000.1,-0.000115948250901001,3030.1,4320.1,-2.3427105792812e-05,0.868021498863636,0.0081916346686351,0,0,0
540.1,0.088351351,1380.1,0.535783784,1410.1,0.571243243,1440.1,0.624783784,0.064371757197322,0.619630931027778,0.71288745631786,0.0253881164817943,0.00215508140676736,74,0.989918919,0.98,2130.1,3330.1,-0.000125659666527294,6000.1,7350.1,-1.55612780552986e-05,0.799676263282609,0.00894744094115963,0,0,0
450.1,0.078783784,1290.1,0.48827027,1320.1,0.537297297,1350.1,0.571108108,0.0651486391295445,0.5775405404,0.671065240280555,0.0312285472049049,0.00208653610343947,65,0.924837838,0.920702703,1980.1,2940.1,-0.000149439345565954,5850.1,7650.1,-1.05907070544685e-05,0.700908728442623,0.00997761329952772,0,0,0
450.1,0.025783784,1350.1,0.546108108,1380.1,0.599783784,1410.1,0.643243243,0.101769039631856,0.6423432433,0.739334892169792,0.00182091226870347,0.00425200694881349,174,1.073864865,1.06727027033333,2070.1,3120.1,-6.76352799570996e-05,6780.1,8310.1,-1.48622116053387e-05,0.909658004153846,0.00585478337767947,0,0,0
720.1,0.040972973,1350.1,0.551108108,1380.1,0.603783784,1410.1,0.648243243,0.123762778045554,0.647209909966667,0.743152664803536,0.00172895881765634,0.00430036440848589,174,1.087864865,1.079936937,2100.1,3180.1,-5.97337020546864e-05,6840.1,8310.1,-5.12974943257296e-06,0.91917567566,0.00495392299376415,0,0,0
540.1,0.029351351,1350.1,0.541108108,1380.1,0.599783784,1410.1,0.641243243,0.107936315294391,0.6391432433,0.734032237631578,0.00169248296765093,0.00430005887717536,174,1.079864865,1.07527027033333,2070.1,3150.1,-5.80754294294296e-05,6900.1,8310.1,-1.43387202561875e-05,0.910595720708333,0.00602005923221332,0,0,0
990.1,0.125783784,1350.1,0.531108108,1380.1,0.585783784,1410.1,0.626243243,0.120033430066919,0.623109909966667,0.712627297216626,0.00255803677430583,0.00396780001034608,185,1.059972973,1.05379279266667,2040.1,3240.1,-4.78946540418119e-05,7170.1,8340.1,-2.56367999749843e-05,0.86871418915,0.00820154957342772,0,0,0
390.1,0.066567568,840.1,0.988324324,870.1,1.060243243,900.1,1.108702703,0.179852894337783,1.1027567568,1.1603540541,0.00739186301385314,0.00592044310194652,125,1.238810811,1.224972973,1170.1,2640.1,-9.78074686786719e-05,6420.1,8310.1,5.62609298687427e-06,1.06690033782812,0.00711863505666975,0,0,0
390.1,0.067567568,810.1,0.928702703,840.1,0.996324324,870.1,1.072243243,0.187190040334696,1.0527405406,1.1290054055,0.0070618694423305,0.00611173006756825,118,1.221405405,1.21254054066667,1170.1,2640.1,-9.82112194029617e-05,5880.1,8310.1,-2.2466193395079e-06,1.05678839815854,0.0090275672641524,0,0,0
390.1,0.064567568,840.1,1.008324324,870.1,1.077243243,900.1,1.118702703,0.183222193700129,1.1083567568,1.1589540541,0.00957723200623468,0.0056380374270471,40,1.22327027,1.215846847,1170.1,2670.1,-0.000180377644464555,5880.1,8130.1,8.41861397129182e-06,1.02374431010526,0.0094911627656432,0,0,0
450.1,0.099783784,780.1,0.838810811,810.1,0.930702703,840.1,0.991324324,0.1935435911318,0.9831567568,1.0802135136,0.00609021504698673,0.00637770999289314,38,1.204189189,1.197810811,1170.1,2670.1,-0.000133686845067873,5910.1,7620.1,-1.08022752058405e-06,1.02316775401724,0.00934364617605078,0,0,0
450.1,0.094783784,720.1,0.585972973,750.1,0.675486486,780.1,0.775810811,0.202408369730654,0.7694594594,0.9214540541,0.00603019958334795,0.00637866405636825,150,1.170675676,1.16447747733333,1200.1,2850.1,-0.000114739305162907,5880.1,8310.1,7.11186246485494e-06,0.937885959134146,0.0071704266648807,0,0,0
450.1,0.108783784,720.1,0.618972973,750.1,0.703486486,780.1,0.790810811,0.193188814464079,0.7906594594,0.9378540541,0.00759842908888073,0.00613245049009601,151,1.210405405,1.20845945933333,1230.1,2910.1,-7.88194857186066e-05,5880.1,8310.1,2.75187508988072e-06,0.986678642060976,0.00728311003589226,0,0,0
450.1,0.108783784,720.1,0.605972973,750.1,0.688486486,780.1,0.776810811,0.190830345207648,0.7758594594,0.9203540541,0.00756110471263918,0.00610546249337927,143,1.164945946,1.142225225,1260.1,3060.1,-0.000103496219471179,5910.1,8310.1,-1.96639742547433e-06,0.921472806148148,0.00724978414830303,0,0,0
450.1,0.121783784,720.1,0.663972973,750.1,0.744486486,780.1,0.833810811,0.188443803912378,0.8276594594,0.9567540541,0.010069994567492,0.00584384121014095,161,1.163297297,1.156009009,1260.1,3030.1,-0.000102405522915625,5910.1,8310.1,-2.29611738934076e-06,0.941670337012346,0.00810507420785814,0,0,0
480.1,0.120567568,840.1,0.854324324,870.1,0.921243243,900.1,0.975702703,0.163175047176261,0.9629567568,1.0313540541,0.0107317114495913,0.0052611025503467,150,1.160675676,1.15781081066667,1260.1,2910.1,-0.000124139525604922,5760.1,8310.1,-7.13570981084017e-06,0.916072910127907,0.00633649589818535,0,0,0
480.1,0.103567568,780.1,0.623810811,810.1,0.721702703,840.1,0.805324324,0.179562290427691,0.7951567568,0.9184135136,0.00666777662798542,0.00583813085732077,148,1.152189189,1.150135135,1290.1,2700.1,-0.000123125926313505,5760.1,8310.1,-7.35270117835755e-06,0.907014770593023,0.00566703806686561,0,0,0
480.1,0.115567568,780.1,0.638810811,810.1,0.738702703,840.1,0.819324324,0.170975297687497,0.8079567568,0.9300135136,0.00775549815143124,0.00567926900760377,150,1.167675676,1.161144144,1320.1,3060.1,-0.000100442920826028,5730.1,8310.1,-5.44612566644786e-06,0.92476514445977,0.00789567219303423,0,0,0
450.1,0.122783784,720.1,0.601972973,750.1,0.695486486,780.1,0.775810811,0.176643066008448,0.7738594594,0.8991540541,0.0108761543104784,0.00558955448686777,148,1.146189189,1.14180180166667,1260.1,2940.1,-0.000110725088423645,5610.1,8310.1,-1.00570040654032e-05,0.908277398285714,0.00711339604156321,0,0,0
570.1,0.131,900.1,0.980702703,930.1,1.04972973,960.1,1.101783784,0.183006548671625,1.083264865,1.1350756758,0.00607962558647611,0.00572725005458024,37,1.19572973,1.18621621633333,1230.1,2550.1,-0.000107213616653491,4830.1,7680.1,-1.15601761665765e-06,0.99357657659375,0.00671025548502587,0,0,0
510.1,0.081783784,900.1,0.976702703,930.1,1.05772973,960.1,1.111783784,0.190777178891085,1.090264865,1.1474756758,0.00643951820040414,0.00565557491148271,39,1.216513514,1.20932432433333,1230.1,2580.1,-0.000156926769324699,4830.1,7650.1,-8.11721289660325e-06,0.974504409694737,0.00811356204331263,0,0,0
510.1,0.094783784,870.1,0.928243243,900.1,1.000702703,930.1,1.07872973,0.19014128949705,1.0580486488,1.1195729731,0.0054121580195304,0.00597506559526815,39,1.191513514,1.187990991,1200.1,2700.1,-0.000107043658865761,4920.1,7650.1,8.51192623645613e-07,0.995332256195652,0.00636056056649051,0,0,0
510.1,0.086783784,900.1,0.959702703,930.1,1.04972973,960.1,1.105783784,0.184861828322158,1.086264865,1.1468756758,0.00599602356441963,0.00571388473606597,40,1.23927027,1.21818018033333,1230.1,2670.1,-0.000158074278210885,4260.1,5940.1,7.68303960331857e-06,0.978659001087719,0.00663581790522856,0,0,0
240.1,0.049621622,870.1,0.787243243,900.1,0.873702703,930.1,0.94472973,0.13162431479717,0.9244486488,1.0069729731,0.00534431472265188,0.00575984548083249,40,1.11627027,1.10951351366667,1260.1,2730.1,-0.000147641586151261,5640.1,8310.1,9.5929686167018e-06,0.842663063066666,0.0079988131229228,0,0,0
210.1,0.068405405,870.1,0.873243243,900.1,0.936702703,930.1,0.98272973,0.115761922905517,0.9670486488,1.0255729731,0.00923836123549924,0.00531291215088409,38,1.103189189,1.091810811,1230.1,2670.1,-0.000134138812122449,5550.1,7650.1,1.7583217051196e-05,0.853190331211268,0.00851559627402926,0,0,0
540.1,0.132351351,840.1,0.749324324,870.1,0.841243243,900.1,0.904702703,0.173371176273811,0.8935567568,0.9812540541,0.0050716275626845,0.00598942110182978,38,1.108189189,1.09847747766667,1260.1,2580.1,-0.00015162838705314,5580.1,7680.1,1.47766478672031e-05,0.847421773915493,0.00761150300224277,0,0,0
60.1,0.066945946,840.1,0.753324324,870.1,0.832243243,900.1,0.898702703,0.093100397176235,0.8849567568,0.9720540541,0.0068041274429455,0.00561419454932594,38,1.097189189,1.09014414433333,1230.1,2820.1,-0.00015152043970777,5400.1,7620.1,1.72524445633001e-05,0.794935495533333,0.00923281752935432,0,0,0
30.1,0.051972973,840.1,0.832324324,870.1,0.924243243,900.1,0.998702703,0.102722160885166,0.9877567568,1.0810540541,0.00705296593979372,0.00568549970351535,39,1.194513514,1.187990991,1230.1,2250.1,-0.000149014560578898,4920.1,7620.1,-4.52266879651742e-06,0.949715176747253,0.00758898543171249,0,0,0
60.1,0.044945946,870.1,0.953243243,900.1,1.024702703,930.1,1.09572973,0.113126279354791,1.0762486488,1.1398729731,0.00813453078852607,0.00553039139244264,39,1.214513514,1.20665765766667,1200.1,2310.1,-0.00017390334853558,3450.1,6300.1,5.05521249186109e-06,0.98551295046875,0.00785063942145094,0,0,0
30.1,0.032972973,870.1,0.944243243,900.1,1.009702703,930.1,1.09672973,0.119810556418584,1.0708486488,1.1381729731,0.00801097629684366,0.00553744421626656,37,1.21472973,1.21021621633333,1230.1,2190.1,-0.000193862913658646,4890.1,7680.1,-3.81305292538184e-07,0.995207015542553,0.00814099938329453,0,0,0
30.1,0.047972973,870.1,0.960243243,900.1,1.025702703,930.1,1.11172973,0.107019601452264,1.0832486488,1.1401729731,0.00981738665863884,0.00531320746286069,39,1.203513514,1.19265765766667,1200.1,2310.1,-0.000174815191552686,6090.1,7680.1,1.10176728238358e-05,0.97633633637037,0.00955835480614892,0,0,0
480.1,0.103567568,750.1,0.582486486,780.1,0.661810811,810.1,0.745702703,0.191897972727649,0.7429135134,0.8693891892,0.00619338109901453,0.00608157506342706,152,1.093297297,1.09158558533333,1320.1,3150.1,-9.48085955226511e-05,5850.1,8340.1,-1.22746357571462e-05,0.880500321761905,0.00686971611331499,0,0,0
480.1,0.114567568,720.1,0.534972973,750.1,0.619486486,780.1,0.699810811,0.192631433172506,0.6986594594,0.8321540541,0.00753662174050746,0.0059452722028699,44,1.06927027,1.06546846833333,1320.1,3090.1,-0.000101295630044766,5850.1,8310.1,-7.18595269859933e-06,0.836548355590361,0.00626219347613146,0,0,0
480.1,0.125567568,720.1,0.540972973,750.1,0.625486486,780.1,0.699810811,0.182565664497809,0.7016594594,0.8353540541,0.00838646404879887,0.00580719852727905,44,1.07327027,1.06680180166667,1380.1,3120.1,-8.71247517514126e-05,5820.1,8340.1,-3.44201548433322e-06,0.869751351364706,0.0059770913789759,0,0,0
480.1,0.126567568,720.1,0.538972973,750.1,0.625486486,780.1,0.706810811,0.181111140854841,0.7032594594,0.8323540541,0.00863483653505961,0.00577057261568376,45,1.066297297,1.05989189166667,1320.1,3120.1,-8.40262789000529e-05,5610.1,8310.1,-7.34213439401183e-06,0.861804870813187,0.0064327716034763,0,0,0
480.1,0.073567568,900.1,0.895702703,930.1,0.96772973,960.1,1.031783784,0.178528876913061,1.011464865,1.0873756758,0.00590072778323297,0.00564290753042242,42,1.205837838,1.203810811,1320.1,3150.1,-0.000154284979060377,5340.1,8310.1,6.96848058445845e-06,0.89880864865,0.00679187995078362,0,0,0
480.1,0.096567568,870.1,0.843243243,900.1,0.917702703,930.1,0.99172973,0.166693270077513,0.9734486488,1.0630729731,0.00636014875040226,0.00565712952659941,41,1.194756757,1.19028828833333,1290.1,3150.1,-0.000160301978040194,5400.1,8310.1,8.09823455170262e-06,0.863640099285714,0.00737914080822324,0,0,0
540.1,0.112351351,870.1,0.829243243,900.1,0.902702703,930.1,0.98472973,0.181716591453273,0.9622486488,1.0527729731,0.00577903904023118,0.00574356611909119,41,1.203756757,1.197954955,1320.1,2940.1,-0.000112283062121212,5010.1,8310.1,7.70251291798286e-06,0.957433406387387,0.00789038886682373,0,0,0
510.1,0.098783784,870.1,0.820243243,900.1,0.900702703,930.1,0.98872973,0.17638895602887,0.9654486488,1.0623729731,0.00552372274060223,0.00578035867484829,44,1.21627027,1.20846846833333,1320.1,3150.1,-0.000131525542128545,5370.1,8310.1,8.0507222884628e-06,0.939472972973064,0.00860783880041163,0,0,0
720.1,0.158972973,1050.1,0.39372973,1080.1,0.42372973,1110.1,0.455189189,0.0824482275281754,0.4608864866,0.5529432433,0.0222017680901751,0.00272832599981974,57,0.786378378,0.780126126,1710.1,2100.1,-4.2823483076924e-05,5910.1,8340.1,-3.16785588634574e-05,0.55821720502439,0.0126380706150177,0,0,0
720.1,0.197972973,1020.1,0.514324324,1050.1,0.55072973,1080.1,0.59672973,0.0954723525637825,0.5986972974,0.699045946,0.0204493062613097,0.00315857431902167,57,0.923378378,0.917792792666667,1680.1,3150.1,-0.000105940581438976,5940.1,8340.1,-8.08564671785612e-06,0.726962629308642,0.00777153291166736,0,0,0
720.1,0.197972973,1050.1,0.43472973,1080.1,0.46672973,1110.1,0.485189189,0.0715085460248216,0.4918864866,0.5742432433,0.0357697639403825,0.0023699920042058,57,0.806378378,0.799792792666667,1740.1,3180.1,-9.97225590612245e-05,3210.1,4920.1,2.16962230746357e-05,0.747852749327586,0.00976317968608723,0,0,0
600.1,0.147567568,1020.1,0.454324324,1050.1,0.48672973,1080.1,0.51872973,0.0803232252871033,0.5188972974,0.610545946,0.0312734722045023,0.0026212000408776,57,0.874378378,0.866126126,1680.1,3180.1,-0.000110247930950226,6450.1,8310.1,-1.45132749487966e-05,0.677468897460317,0.00848934196337194,0,0,0
540.1,0.182351351,840.1,0.818324324,870.1,0.905243243,900.1,0.978702703,0.150132341607485,0.9683567568,1.0596540541,0.00781856150297241,0.00556848340894106,38,1.178189189,1.17114414433333,1230.1,2670.1,-0.000131921125047619,4860.1,8310.1,-1.28370187949614e-05,0.956905405405172,0.00976316782958114,0,0,0
60.1,0.057945946,840.1,0.855324324,870.1,0.952243243,900.1,1.017702703,0.103537312032585,1.0051567568,1.0846540541,0.00928062973645902,0.00540049196793218,38,1.184189189,1.17947747766667,1230.1,2520.1,-0.00014590226579751,6480.1,8310.1,-2.84887152678095e-06,0.97914036616129,0.00895148770399553,0,0,0
480.1,0.124567568,840.1,0.871324324,870.1,0.953243243,900.1,1.025702703,0.162097165183799,1.0129567568,1.0885540541,0.00655589156618044,0.00586507766788314,36,1.17572973,1.169927928,1200.1,2310.1,-0.000181664956297188,4980.1,7620.1,-4.90912765633858e-06,0.971593379932584,0.008259031373638,0,0,0
30.1,0.062972973,840.1,0.984324324,870.1,1.042243243,900.1,1.096702703,0.101824066887525,1.0855567568,1.1280540541,0.00938848253695279,0.0056215101565586,36,1.17572973,1.17326126133333,1140.1,2640.1,-0.000128944274455505,4920.1,7650.1,5.45897380926677e-06,0.999756169239131,0.00858380330005868,0,0,0
570.1,0.124,900.1,0.494702703,930.1,0.54572973,960.1,0.608783784,0.125788674230111,0.600664865,0.6927756758,0.0104883615156652,0.00430411415638864,44,0.98027027,0.905801801666667,1440.1,3210.1,-0.000113227648150412,6840.1,8340.1,-1.44419715294119e-05,0.515496025431373,0.00654407284682276,0,0,0
420.1,0.103216216,870.1,0.510243243,900.1,0.562702703,930.1,0.62272973,0.10653743910584,0.6208486488,0.7238729731,0.0188847260640547,0.00377625749172474,49,0.926783784,0.921837837666667,1440.1,3180.1,-0.000113028153621664,6300.1,7170.1,2.01946117908783e-06,0.634652252333333,0.00564592008424753,0,0,0
540.1,0.150351351,870.1,0.457243243,900.1,0.506702703,930.1,0.56172973,0.101112783144869,0.5604486488,0.6677729731,0.0184599538187862,0.00367589181757452,47,0.872783784,0.871045045,1410.1,3150.1,-0.000120789380666277,6330.1,8340.1,-6.94324884529462e-08,0.630782591426471,0.00644498696860903,0,0,0
480.1,0.141567568,840.1,0.459324324,870.1,0.508243243,900.1,0.564702703,0.0980816194418224,0.5629567568,0.6703540541,0.022127235084182,0.00358443497593399,47,0.906783784,0.904045045,1440.1,3150.1,-9.81825405600503e-05,0,0,0,0,0,0,0,0
390.1,0.085567568,810.1,0.507702703,840.1,0.537324324,870.1,0.570243243,0.127184979507071,0.5741405406,0.6644054055,0.0173233367428964,0.00421099664144865,45,0.954297297,0.948558558333333,1440.1,2640.1,-8.93078441695704e-05,5850.1,7740.1,1.43530755570818e-05,0.726183699359375,0.00663737198969899,0,0,0
420.1,0.083216216,810.1,0.583702703,840.1,0.677324324,870.1,0.762243243,0.149842273101576,0.7597405406,0.9035054055,0.00961598536078001,0.00503233487029212,45,1.144297297,1.133225225,1320.1,2700.1,-0.00011471506168671,5850.1,8310.1,-1.23088834459791e-05,0.879500162819277,0.00775803528568601,0,0,0
480.1,0.101567568,840.1,0.723324324,870.1,0.807243243,900.1,0.888702703,0.16359445257521,0.8787567568,0.9846540541,0.00644488712140772,0.00563642203693092,41,1.151756757,1.14762162166667,1290.1,2730.1,-0.000123606361210884,5850.1,7680.1,-3.20005740642819e-06,0.888820401080645,0.00684575514425897,0,0,0
450.1,0.081783784,870.1,0.827243243,900.1,0.911702703,930.1,0.98372973,0.165287128170996,0.9608486488,1.0385729731,0.00755119335261187,0.00542674909048088,44,1.15727027,1.14546846833333,1290.1,2730.1,-0.000119164184340136,5910.1,7710.1,-8.7656562912039e-06,0.894241471016393,0.00804005349778595,0,0,0
1170.1,0.12627027,1440.1,0.188783784,1470.1,0.2002972975,1500.1,0.210990991083333,0.0446864167187469,0.211153403503241,0.240658294213765,0.0256406448060225,0.00138020731018573,204,0.375297297,0.368567567333333,2220.1,4050.1,-3.13090002283163e-05,0,0,0,0,0,0,0,0
420.1,0.057216216,1650.1,0.303461752584837,1680.1,0.32478898943604,1710.1,0.347753519726027,0.0406931274807132,0.348985768339385,0.411060519580281,0.0272455868442121,0.00141124263279385,186,0.602,0.601774774666667,2400.1,4170.1,-5.72563948393072e-05,7080.1,8340.1,-3.07438216752241e-05,0.435472658697674,0.0074593718012282,0,0,0
180.1,0.060675676,1710.1,0.379610818755487,1740.1,0.408737843318434,1770.1,0.438716940594983,0.0359530132129786,0.43971881922913,0.514678516903212,0.0556287073711925,0.000951952798057392,79,0.755783784,0.749459459666667,2340.1,4170.1,-0.00032647764843774,6780.1,8340.1,-2.33348009030801e-05,0.405504334528302,0.00795796885021435,0,0,0
30.1,0.083972973,1770.1,0.423099158051566,1800.1,0.460792773097448,1830.1,0.499457299871203,0.0278812339776202,0.498931252703785,0.581696811322218,0.0571402357266944,0.000923083884756381,79,0.798783784,0.794459459666667,2400.1,4170.1,-0.000385164146992683,6720.1,8340.1,-1.75896677825878e-05,0.439230466836364,0.00760810478114833,0,0,0
30.1,0.075972973,1020.1,0.428324324,1050.1,0.47672973,1080.1,0.52772973,0.0524091823139066,0.5244972974,0.623545946,0.0514809040622889,0.00188951786842429,47,0.798783784,0.791045045,1470.1,3150.1,-0.000182948634210526,6090.1,7350.1,-2.31962253297092e-05,0.556006913953489,0.00787779080413799,0,0,0
120.1,0.061594595,1020.1,0.464324324,1050.1,0.51672973,1080.1,0.56872973,0.0673336386337414,0.5652972974,0.667145946,0.0282552817413411,0.00265048609062327,49,0.840783784,0.832171171,1470.1,3240.1,-0.00012026784197277,6360.1,7710.1,2.12709284407443e-05,0.675095182173913,0.00728299950242547,0,0,0
600.1,0.094567568,990.1,0.454783784,1020.1,0.507324324,1050.1,0.55872973,0.120808270900881,0.5525513514,0.6495972974,0.00682361857340171,0.00426211481240641,47,0.848783784,0.844045045,1470.1,3150.1,-0.000108810703176043,6360.1,7380.1,-6.13672500466861e-06,0.693283397742857,0.00403319686624576,0,0,0
660.1,0.120540541,960.1,0.485783784,990.1,0.537783784,1020.1,0.595324324,0.139377749983764,0.5902702704,0.695091892,0.0052772514206066,0.0047374396179011,47,0.900783784,0.894711711666667,1440.1,3150.1,-0.000105858363665447,6390.1,7380.1,-1.51384387573208e-05,0.732580286205882,0.00501873439337651,0,0,0
360.1,0.059485714,690.1,0.510828571,720.1,0.476257143,750.1,0.540057143,0.195481624867364,0.56232,0.6919114286,0.00866683551557103,0.0059518771274896,38,0.966257143,0.953047619,1290.1,3000.1,-8.63000866467745e-05,3030.1,4860.1,3.1122430822694e-05,0.904006912483871,0.0100510529413273,0,0,0
360.1,0.058485714,750.1,0.561057143,780.1,0.633,810.1,0.703457143,0.173926172325289,0.6961028572,0.8053342858,0.0165430600292793,0.00480105115761846,41,1.006285714,1.00081904733333,1320.1,3180.1,-6.68944294546854e-05,3420.1,4320.1,-2.38018435483871e-05,0.950511520741935,0.00779887788875847,0,0,0
360.1,0.057485714,690.1,0.519828571,720.1,0.521257143,750.1,0.580057143,0.200178420118919,0.59612,0.7251114286,0.00852092086168056,0.00600407722762859,51,1.000714286,0.994971428666667,1350.1,3210.1,-5.46622408826165e-05,3240.1,4710.1,5.83630024489782e-06,0.95138800002,0.00789777907650929,0,0,0
360.1,0.066485714,690.1,0.534828571,720.1,0.547257143,750.1,0.614057143,0.189541742726826,0.62392,0.7525114286,0.0105980518280855,0.00573998121530177,161,1.018657143,1.005704762,1470.1,1830.1,-7.82836227106241e-06,1860.1,3300.1,-4.1152574877551e-05,0.993752769714286,0.0115751897048847,0,0,0
360.1,0.092485714,660.1,0.572171429,690.1,0.647828571,720.1,0.722257143,0.182238445817981,0.7136628572,0.8388200001,0.0117179393559337,0.00592975375295787,160,1.081914286,1.07508571433333,1290.1,2760.1,-6.4591870815526e-05,0,0,0,0,0,0,0,0
360.1,0.091485714,660.1,0.599171429,690.1,0.674828571,720.1,0.759257143,0.187936492021278,0.7426628572,0.8600200001,0.0135367587043228,0.00578508474757501,152,1.066571429,1.060809524,1230.1,2730.1,-6.85438480542982e-05,0,0,0,0,0,0,0,0
360.1,0.097485714,660.1,0.617171429,690.1,0.698828571,720.1,0.777257143,0.184544098391059,0.7646628572,0.8805200001,0.0132903763343997,0.00586474754409448,39,1.075085714,1.07042857133333,1260.1,2700.1,-8.99893097959182e-05,4260.1,4890.1,4.33943698475438e-05,1.06181168831818,0.005950418180363,0,0,0
360.1,0.099485714,660.1,0.610171429,690.1,0.677828571,720.1,0.757257143,0.181372589286623,0.7446628572,0.8573200001,0.0147345320737318,0.0056839461040584,149,1.058085714,1.050990476,1230.1,2730.1,-6.35061406636497e-05,0,0,0,0,0,0,0,0
300.1,0.0374,780.1,0.836,810.1,0.930457143,840.1,1.0002,0.194184869291513,0.9868228572,1.0726571429,0.0050556878665976,0.00660509240277958,37,1.1838,1.18211428566667,1140.1,2670.1,-0.000134374992136942,0,0,0,0,0,0,0,0
300.1,0.0354,750.1,0.806057143,780.1,0.895,810.1,0.986457143,0.20836285445841,0.9629028572,1.0564342858,0.00520104630765589,0.00677565203615655,38,1.184257143,1.17271428566667,1140.1,2670.1,-0.000134281079390421,0,0,0,0,0,0,0,0
420.1,0.090342857,780.1,0.873,810.1,0.959457143,840.1,1.0232,0.18902696676174,1.0070228572,1.0798571429,0.00695532491932814,0.00626518409009192,39,1.172085714,1.165095238,1140.1,2670.1,-0.000167799392375993,0,0,0,0,0,0,0,0
390.1,0.089457143,780.1,0.893,810.1,0.970457143,840.1,1.0192,0.176986686110967,1.0086228572,1.0701571429,0.0083891600756124,0.00606220129217561,39,1.149085714,1.142095238,1140.1,2610.1,-0.000148928599859144,0,0,0,0,0,0,0,0
450.1,0.061685714,840.1,0.8672,870.1,0.9548,900.1,1.018657143,0.203324405099366,0.9949028572,1.0525171429,0.00520551678107527,0.006151657695491,38,1.143257143,1.13038095233333,1200.1,2640.1,-0.000128835762700681,0,0,0,0,0,0,0,0
240.1,0.0354,840.1,0.9142,870.1,0.9788,900.1,1.026657143,0.162566877287896,1.0087028572,1.0498171429,0.00751672718754545,0.00580528239508681,40,1.116942857,1.11577142833333,1230.1,2790.1,-0.000128591394291243,0,0,0,0,0,0,0,0
450.1,0.078685714,750.1,0.587057143,780.1,0.684,810.1,0.798457143,0.200966054845184,0.7817028572,0.9263342858,0.00427896960605397,0.00658197883072577,39,1.148085714,1.139095238,1230.1,2730.1,-0.000127705235686274,0,0,0,0,0,0,0,0
360.1,0.040485714,810.1,0.780457143,840.1,0.8632,870.1,0.9408,0.197262043842034,0.919777143,0.9850371429,0.00521301565329698,0.00623262563621627,46,1.130057143,1.12377142866667,1440.1,2790.1,-0.000147001100812005,2820.1,5310.1,-2.37939995963688e-05,1.0161829932381,0.0111868342223152,0,0,0
360.1,0.047485714,810.1,0.793457143,840.1,0.8732,870.1,0.9458,0.187731374701121,0.930377143,1.0033371429,0.00598144561774692,0.00608650373743901,39,1.125085714,1.119095238,1290.1,2880.1,-0.000109039505312242,0,0,0,0,0,0,0,0
150.1,0.031428571,750.1,0.643057143,780.1,0.739,810.1,0.826457143,0.150925810299533,0.8125028572,0.9270342858,0.00558145222001797,0.00634823764301528,38,1.117257143,1.10538095233333,1260.1,2790.1,-0.000103042528760067,0,0,0,0,0,0,0,0
360.1,0.050485714,780.1,0.741,810.1,0.827457143,840.1,0.8932,0.191879301437508,0.8754228572,0.9507571429,0.00691582748300451,0.00603946370613528,41,1.094285714,1.091485714,1320.1,3090.1,-8.68784182865614e-05,3120.1,4500.1,-1.5757235615171e-05,1.01538176293617,0.00835839707060644,0,0,0
240.1,0.0404,750.1,0.640057143,780.1,0.729,810.1,0.813457143,0.162513392549315,0.7983028572,0.9096342858,0.00605955326849369,0.00622897400752215,47,1.1498,1.14126666666667,1470.1,3210.1,-0.000106273913458017,3240.1,4920.1,-2.33934590225565e-05,1.04629473685965,0.00918014586983818,0,0,0
330.1,0.054942857,660.1,0.477171429,690.1,0.547828571,720.1,0.621257143,0.196507466796463,0.6092628572,0.7174200001,0.00752626571297847,0.00633546498925594,37,0.9418,0.936447619,1200.1,3360.1,-0.00021084959684479,3390.1,4260.1,3.26924092992216e-05,0.715508571433333,0.00817657491652671,0,0,0
420.1,0.116342857,660.1,0.520171429,690.1,0.590828571,720.1,0.674257143,0.187202116610835,0.6626628572,0.7667200001,0.0105072016797465,0.00594934949042957,41,1.010285714,1.004485714,1230.1,3360.1,-0.000271244360847428,0,0,0,0,0,0,0,0
330.1,0.062942857,660.1,0.522171429,690.1,0.595828571,720.1,0.668257143,0.192342605361018,0.6614628572,0.7640200001,0.00972838885686172,0.00608179726986201,41,0.963285714,0.953485714,1200.1,3390.1,-0.00016557578292583,3420.1,4830.1,1.42877822043679e-06,0.767605952395833,0.00601659288002042,0,0,0
390.1,0.115457143,660.1,0.551171429,690.1,0.617828571,720.1,0.696257143,0.173682942149963,0.6852628572,0.7845200001,0.015389280277685,0.00546245524169838,39,0.983085714,0.978761904666667,1230.1,3540.1,-0.000153408688737423,3570.1,4770.1,3.36124108013936e-05,0.800798606292683,0.00835662009630194,0,0,0
360.1,0.064485714,780.1,0.555,810.1,0.625457143,840.1,0.6902,0.153751743060641,0.6842228572,0.7902571429,0.0110191424898608,0.00506062999919089,47,1.0678,1.05926666666667,1470.1,2730.1,-0.000168274294523306,4140.1,5100.1,2.31729545455007e-07,0.788477922121212,0.00853259435913225,0,0,0
420.1,0.100342857,750.1,0.581057143,780.1,0.65,810.1,0.724457143,0.159659655728511,0.7141028572,0.8336342858,0.0138273038167782,0.00503599916899355,61,1.138971429,1.11976190466667,1620.1,4020.1,-0.000292780788739837,4050.1,5280.1,1.50621429786891e-05,0.785663038575397,0.00772654161135651,0,0,0
0,0,0,0,0,0,0,0,0,0,0,0,0,1,0,0,30.1,5970.1,-0,0,0,0,0,0,0,0,0
150.1,0.088428571,540.1,0.471457143,570.1,0.544428571,600.1,0.612571429,0.128741006472588,0.6082457144,0.7210828572,0.0307525902169339,0.00505305120450246,29,0.8922,0.886152381,990.1,2730.1,-0.000309166569082409,3240.1,4020.1,4.67759754985756e-05,0.578335449777778,0.0101252240999072,0,0,0
360.1,0.062485714,690.1,0.567828571,720.1,0.666257143,750.1,0.753057143,0.200625600630205,0.74332,0.8735114286,0.00631798856053212,0.00654572204430847,39,1.079085714,1.075095238,1230.1,3150.1,-0.000118037378942308,0,0,0,0,0,0,0,0
360.1,0.069485714,690.1,0.618828571,720.1,0.718257143,750.1,0.806057143,0.198791555615521,0.78952,0.9077114286,0.00836301456987961,0.00626979307797696,39,1.099085714,1.087095238,1200.1,3180.1,-0.000105750924143986,3210.1,3930.1,-1.43135530256411e-05,0.98576114288,0.00853563911191125,0,0,0
360.1,0.069485714,690.1,0.605828571,720.1,0.702257143,750.1,0.790057143,0.196861443856915,0.77552,0.8937114286,0.00763891038817093,0.00636217325115908,39,1.081085714,1.07476190466667,1170.1,3150.1,-0.000138791451100115,0,0,0,0,0,0,0,0
360.1,0.070485714,750.1,0.781057143,780.1,0.854,810.1,0.921457143,0.185018327894614,0.9071028572,0.9829342858,0.0110055702547912,0.00573945758619979,162,1.113542857,1.10791428566667,1230.1,3180.1,-0.000107625733767062,3210.1,3870.1,-5.16280757575631e-06,0.996228571478261,0.00912642194466481,0,0,0
390.1,0.094457143,720.1,0.599257143,750.1,0.694057143,780.1,0.776,0.167958597703579,0.7689942858,0.8903285715,0.0103426925468366,0.00562938051527843,38,1.068257143,1.06071428566667,1170.1,3210.1,-0.000214423577781026,0,0,0,0,0,0,0,0
240.1,0.0524,690.1,0.543828571,720.1,0.640257143,750.1,0.734057143,0.155981831935188,0.72032,0.8515114286,0.011648782249988,0.00555021859843981,38,1.040257143,1.03271428566667,1110.1,3240.1,-0.000251936458643643,3270.1,4770.1,1.63680240904977e-05,0.77907675072549,0.00534834397701722,0,0,0
450.1,0.148685714,690.1,0.570828571,720.1,0.668257143,750.1,0.755057143,0.168156770304795,0.74212,0.8638114286,0.0112369541436476,0.00569287256325964,39,1.042085714,1.03542857133333,1140.1,3270.1,-0.000209619665963513,3300.1,4740.1,1.42400387278911e-05,0.819459475244898,0.00741544821453725,0,0,0
450.1,0.162685714,690.1,0.571828571,720.1,0.669257143,750.1,0.751057143,0.157127380102397,0.73872,0.8516114286,0.0127129502411781,0.00550972632093033,38,1.005257143,0.999714285666667,1110.1,3120.1,-0.000256033605828911,3390.1,4770.1,-1.98339276904081e-06,0.757423100319149,0.005429443021768,0,0,0
360.1,0.080485714,660.1,0.475171429,690.1,0.541828571,720.1,0.598257143,0.177559593924557,0.5830628572,0.6522200001,0.00977821510454527,0.00590379032930007,39,0.838085714,0.830761904666667,1260.1,2790.1,-0.000132212396997638,3540.1,4860.1,2.7582407826087e-05,0.790502222244444,0.00707687308682045,0,0,0
360.1,0.084485714,690.1,0.648828571,720.1,0.742257143,750.1,0.824057143,0.185326007593951,0.80532,0.9071114286,0.0107727861083211,0.00596147577586601,47,1.1338,1.0736,1260.1,3180.1,-0.000134843073248835,0,0,0,0,0,0,0,0
360.1,0.087485714,660.1,0.559171429,690.1,0.645828571,720.1,0.741257143,0.185498058551962,0.7278628572,0.8558200001,0.0120247905574416,0.00582706358798997,39,1.069085714,1.064095238,1170.1,3120.1,-0.000129303850011481,3150.1,3840.1,3.10028988405798e-05,0.949173809583333,0.00855881445292363,0,0,0
360.1,0.094485714,660.1,0.589171429,690.1,0.677828571,720.1,0.770257143,0.183026854376978,0.7556628572,0.8735200001,0.0129583943342692,0.00579828532365837,39,1.071085714,1.05942857133333,1200.1,3150.1,-0.000119447914913544,0,0,0,0,0,0,0,0
540.1,0.160457143,780.1,0.724,810.1,0.810457143,840.1,0.8822,0.188345563409896,0.8662228572,0.9481571429,0.0064604984358761,0.00608497499698461,38,1.077257143,1.070047619,1230.1,2910.1,-0.000154583749732088,3750.1,4590.1,4.81801547454845e-05,0.958058128068966,0.00788987052687454,0,0,0
480.1,0.141914286,720.1,0.594257143,750.1,0.689057143,780.1,0.767,0.179011108841295,0.7581942858,0.8741285715,0.0070284322489895,0.00616569230513578,39,1.068085714,1.05642857133333,1170.1,2910.1,-0.000155254236992013,0,0,0,0,0,0,0,0
480.1,0.142914286,720.1,0.555257143,750.1,0.654057143,780.1,0.731,0.169648284402488,0.7253942858,0.8541285715,0.00741153525556783,0.00599058175932389,38,1.075257143,1.06871428566667,1230.1,2790.1,-0.000161252792990378,0,0,0,0,0,0,0,0
510.1,0.164571429,720.1,0.543257143,750.1,0.628057143,780.1,0.714,0.170605438983977,0.7061942858,0.8375285715,0.00744768187390793,0.00594925398573646,38,1.067257143,1.06138095233333,1230.1,2730.1,-0.000135120016983409,0,0,0,0,0,0,0,0
510.1,0.165571429,750.1,0.539057143,780.1,0.626,810.1,0.702457143,0.147552360639292,0.6949028572,0.7998342858,0.011536974474096,0.00511873837051724,39,0.962085714,0.958428571333333,1230.1,6390.1,-0.000198500963795498,0,0,0,0,0,0,0,0
150.1,0.062428571,720.1,0.541257143,750.1,0.631057143,780.1,0.704,0.113677444067525,0.6989942858,0.8240285715,0.0157754259441988,0.00486503595796824,39,1.060085714,1.04976190466667,1260.1,2880.1,-0.000129861334155844,0,0,0,0,0,0,0,0
390.1,0.106457143,720.1,0.602257143,750.1,0.687057143,780.1,0.759,0.157540182812149,0.7539942858,0.8645285715,0.0106055863809025,0.0056171614568335,161,1.066657143,1.064704762,1260.1,2760.1,-0.000138335875644042,0,0,0,0,0,0,0,0
390.1,0.110457143,720.1,0.598257143,750.1,0.684057143,780.1,0.758,0.153581187906318,0.7515942858,0.8622285715,0.0119920285093151,0.00543508991287149,160,1.085914286,1.079752381,1290.1,2880.1,-0.000108249212446477,0,0,0,0,0,0,0,0
150.1,0.030428571,660.1,0.492171429,690.1,0.556828571,720.1,0.629257143,0.163732063891816,0.6254628572,0.7488200001,0.0107406186068944,0.00582539506708343,38,0.951257143,0.943047619,1170.1,2700.1,-0.00015019006123111,0,0,0,0,0,0,0,0
150.1,0.042428571,660.1,0.523171429,690.1,0.590828571,720.1,0.666257143,0.147769835930888,0.6552628572,0.7663200001,0.0171679032813569,0.00523486127407113,39,0.945085714,0.940095238,1140.1,2640.1,-0.000167204826346908,0,0,0,0,0,0,0,0
330.1,0.110942857,660.1,0.491171429,690.1,0.549828571,720.1,0.624257143,0.135252540224549,0.6204628572,0.7329200001,0.0242033066016907,0.00455356689518922,39,0.920085714,0.912761904666667,1140.1,2640.1,-0.000206046455306184,0,0,0,0,0,0,0,0
300.1,0.0964,660.1,0.510171429,690.1,0.555828571,720.1,0.646257143,0.138853383576265,0.6352628572,0.7505200001,0.0262863709701949,0.00448685715601732,39,0.943085714,0.939095238,1170.1,2640.1,-0.000167406116555422,0,0,0,0,0,0,0,0
390.1,0.106457143,750.1,0.621057143,780.1,0.705,810.1,0.798457143,0.146973383699953,0.7823028572,0.8974342858,0.0128502494891336,0.00515914185128981,39,1.076085714,1.07076190466667,1200.1,2760.1,-0.000259318389200667,3450.1,4650.1,5.36552180023223e-06,0.896206271780488,0.00644417629516959,0,0,0
360.1,0.075485714,750.1,0.719057143,780.1,0.795,810.1,0.873457143,0.173384416185832,0.8607028572,0.9514342858,0.0112574281310845,0.00556736015261348,39,1.099085714,1.09042857133333,1230.1,2730.1,-0.000191747467963801,0,0,0,0,0,0,0,0
390.1,0.103457143,750.1,0.760057143,780.1,0.835,810.1,0.907457143,0.166186347412894,0.8913028572,0.9717342858,0.0111710298688602,0.00566611388502235,38,1.105257143,1.098047619,1200.1,2730.1,-0.000184965504069552,0,0,0,0,0,0,0,0
390.1,0.100457143,690.1,0.565828571,720.1,0.665257143,750.1,0.759057143,0.172855995549675,0.74652,0.8804114286,0.00849522958683747,0.0060906447067624,160,1.109914286,1.103752381,1230.1,2730.1,-0.000170830424223227,0,0,0,0,0,0,0,0
360.1,0.052485714,720.1,0.599257143,750.1,0.694057143,780.1,0.782,0.202929147905106,0.7717942858,0.8971285715,0.00457381367030665,0.00680663924769791,38,1.084257143,1.07438095233333,1170.1,3150.1,-0.000171558099143321,3180.1,3900.1,1.47736265128201e-05,0.9194548572,0.00836878279096267,0,0,0
330.1,0.073942857,690.1,0.534828571,720.1,0.622257143,750.1,0.711057143,0.164887806275934,0.70492,0.8438114286,0.00755339138417132,0.00618851190608858,38,1.062257143,1.060047619,1170.1,2820.1,-0.00018526979750057,0,0,0,0,0,0,0,0
60.1,0.043657143,720.1,0.569257143,750.1,0.646057143,780.1,0.724,0.116725697338428,0.7227942858,0.8360285715,0.0272061862926179,0.00416718474716869,39,1.000085714,0.995761904666667,1140.1,2700.1,-0.000278512835574907,0,0,0,0,0,0,0,0
60.1,0.060657143,720.1,0.598257143,750.1,0.685057143,780.1,0.759,0.10403560290785,0.7537942858,0.8624285715,0.0379530294090814,0.00372944487070113,39,1.033085714,1.025095238,1170.1,3180.1,-0.000203684354614396,3900.1,4860.1,2.36319076203211e-05,0.796649350636364,0.00827444518365771,0,0,0
60.1,0.057657143,750.1,0.611057143,780.1,0.7,810.1,0.786457143,0.102638101592533,0.7795028572,0.8977342858,0.0337391126238771,0.00374881557670684,39,1.079085714,1.07142857133333,1170.1,2700.1,-0.000215206140231651,0,0,0,0,0,0,0,0
300.1,0.0944,720.1,0.616257143,750.1,0.712057143,780.1,0.782,0.134008803086666,0.7783942858,0.8958285715,0.019327313364672,0.00477817953309665,39,1.078085714,1.06842857133333,1170.1,2700.1,-0.000181488618389823,3480.1,4710.1,-1.33799452772602e-05,0.96789863947619,0.0062568173224226,0,0,0
450.1,0.128685714,690.1,0.591828571,720.1,0.690257143,750.1,0.783057143,0.190730488853175,0.76572,0.8914114286,0.00725758800174571,0.0063919372498405,38,1.096257143,1.087047619,1170.1,2730.1,-0.000163763755190023,0,0,0,0,0,0,0,0
360.1,0.075485714,750.1,0.799057143,780.1,0.872,810.1,0.938457143,0.181499157042216,0.9247028572,0.9982342858,0.0100268919036465,0.00589478502089512,39,1.109085714,1.10142857133333,1200.1,2730.1,-0.000133572464996158,0,0,0,0,0,0,0,0
420.1,0.089916667,810.1,0.821166667,840.1,0.892583333,870.1,0.955666667,0.170141751888043,0.9401166668,1.0251583334,0.0101097815011585,0.00548153799082222,161,1.579833333,1.56538888866667,4740.1,5250.1,-0.000243905514963879,0,0,0,0,0,840.1,1980.1,0.000553022941956815
450.1,0.089666667,840.1,0.807583333,870.1,0.881666667,900.1,0.936916667,0.169072857990969,0.9275833334,1.0107083334,0.00754835864002634,0.00561332483327665,165,1.597,1.56558333333333,5640.1,13530.1,-0.000147953920456687,0,0,0,0,0,870.1,2580.1,0.000414810770320014
420.1,0.075916667,780.1,0.6485,810.1,0.745166667,840.1,0.831583333,0.178752145991147,0.8159666668,0.9314583334,0.00760305705957821,0.00573804102747308,54,1.205166667,1.20391666666667,1680.1,4080.1,-0.00010469399279735,9330.1,13260.1,-2.34471211135056e-05,0.865178030280303,0.0150061153890388,0,0,0
420.1,0.085916667,780.1,0.6775,810.1,0.775166667,840.1,0.854583333,0.172085976220431,0.8413666668,0.9526583334,0.00883692083678236,0.00559956091403503,58,1.254583333,1.240611111,1890.1,3120.1,-9.09452680603946e-05,5310.1,7860.1,1.78591234058209e-05,1.1872189922907,0.0116936596075951,810.1,1890.1,0.000597706917433222
450.1,0.094666667,840.1,0.784583333,870.1,0.873666667,900.1,0.932916667,0.162676218297244,0.9229833334,1.0139083334,0.00887807749683662,0.00537005631806545,162,1.178083333,1.17319444433333,1320.1,3030.1,-0.000126387564530848,6360.1,13260.1,-2.44483548368025e-05,0.87216810965368,0.0261727053642318,0,0,0
450.1,0.101666667,840.1,0.823583333,870.1,0.896666667,900.1,0.955916667,0.160920403612728,0.9413833334,1.0189083334,0.0110780891740005,0.00516545170030539,161,1.159833333,1.15705555533333,1290.1,3060.1,-0.000128466703769566,6900.1,13260.1,-2.30462261775792e-05,0.842228481981221,0.022847220961066,0,0,0
510.1,0.14275,810.1,0.644166667,840.1,0.741583333,870.1,0.828666667,0.150686264377481,0.8135166668,0.9303583334,0.00834023206436578,0.00537269825214511,39,1.116583333,1.11069444433333,1320.1,3090.1,-0.000151578370514032,9300.1,13260.1,-1.88260394952783e-05,0.769887844586466,0.0126680788811663,0,0,0
510.1,0.09475,870.1,0.828666667,900.1,0.897916667,930.1,0.95525,0.180714678320189,0.9393000002,1.0113083334,0.00570562026042105,0.00578843669951053,154,1.525916667,1.51283333333333,4530.1,5550.1,-7.30967944537815e-05,0,0,0,0,0,900.1,4530.1,0.00022881936300455
330.1,0.042,840.1,0.836583333,870.1,0.905666667,900.1,0.957916667,0.175979795189512,0.9451833334,1.0157083334,0.00714583842733721,0.00574358677438466,168,1.54525,1.511138889,4710.1,5280.1,-0.000185831243809523,0,0,0,0,0,870.1,2670.1,0.000290898113781068
510.1,0.12775,810.1,0.800166667,840.1,0.869583333,870.1,0.924666667,0.183474481063565,0.9163166668,0.9932583334,0.0070170689717316,0.00590262675542993,151,1.573416667,1.55280555566667,5130.1,5460.1,-0.000104603731468528,0,0,0,0,0,840.1,4560.1,0.00023579313878341
480.1,0.10275,750.1,0.58375,780.1,0.6805,810.1,0.780166667,0.193019328400751,0.7609333334,0.8844750001,0.00521015457733025,0.00631002498072453,59,1.1385,1.132,1620.1,4230.1,-8.85258532310707e-05,9300.1,13260.1,-2.35355745268872e-05,0.802346491203007,0.0150558543209514,0,0,0
480.1,0.10075,840.1,0.828583333,870.1,0.904666667,900.1,0.955916667,0.175589601163582,0.9451833334,1.0174083334,0.0085428021206396,0.00549652404301947,40,1.127833333,1.12416666633333,1260.1,3000.1,-0.000153120332593025,6240.1,13260.1,-2.17811507757034e-05,0.79583120566383,0.0232307880203464,0,0,0
480.1,0.11575,750.1,0.59875,780.1,0.6805,810.1,0.783166667,0.182601272862087,0.7685333334,0.8986750001,0.00720222012355934,0.00591412253465776,154,1.130916667,1.12416666666667,1260.1,3030.1,-0.000125213022195054,6300.1,13260.1,-2.27576172077327e-05,0.834206723879829,0.0240168015939955,0,0,0
480.1,0.12075,750.1,0.58975,780.1,0.6715,810.1,0.777166667,0.176219602861678,0.7621333334,0.8980750001,0.00750653039693845,0.00584058940143594,162,1.130083333,1.12752777766667,1290.1,3030.1,-0.000139726930418859,6330.1,13260.1,-2.19942866812163e-05,0.825136314642241,0.0233691640844116,0,0,0
510.1,0.14575,840.1,0.808583333,870.1,0.889666667,900.1,0.944916667,0.155762810872223,0.9337833334,1.0120083334,0.0105829359924474,0.00519820189137167,162,1.125083333,1.12019444433333,1290.1,3000.1,-0.000145068374374276,6480.1,13260.1,-2.35681223560245e-05,0.823251101303965,0.024231974214413,0,0,0
570.1,0.1115,900.1,0.778916667,930.1,0.85025,960.1,0.9135,0.176716315902032,0.9012166668,1.005325,0.00371250129782232,0.00598689587712028,162,1.514083333,1.47319444433333,2040.1,2520.1,-0.000535648147712421,10290.1,11550.1,-1.32118526628411e-05,0.962713178325581,0.00807836737355842,930.1,2040.1,0.000836803807768902
570.1,0.1525,870.1,0.804666667,900.1,0.865916667,930.1,0.92925,0.166326351735615,0.9153000002,1.0029083334,0.0077337767246264,0.00538869537107994,180,1.535916667,1.510527778,2130.1,2700.1,-0.000150551379448621,0,0,0,0,0,900.1,2130.1,0.000576048222088971
90.1,0.030166667,840.1,0.770583333,870.1,0.840666667,900.1,0.897916667,0.129616409210783,0.8911833334,0.9811083334,0.00710695206129693,0.00562411329061766,222,1.539416667,1.52830555566667,2370.1,2760.1,-0.000121220999999998,0,0,0,0,0,870.1,2370.1,0.000470881850177978
510.1,0.12175,870.1,0.819666667,900.1,0.883916667,930.1,0.93525,0.158910665999338,0.9251000002,1.0104083334,0.00764228720274929,0.00542831504830893,116,1.4935,1.47738888866667,3570.1,5370.1,-0.000362310652691697,0,0,0,0,0,900.1,2640.1,0.000389496395784142
510.1,0.09875,870.1,0.817666667,900.1,0.875916667,930.1,0.92325,0.176155279351401,0.9097000002,0.9743083334,0.00494484436103969,0.00594733066412223,155,1.499833333,1.47497222233333,4650.1,8130.1,-0.00028205760948613,10410.1,11460.1,3.69633918489913e-05,1.34434490744444,0.0153094682793574,900.1,3900.1,0.000244828059261503
480.1,0.08975,840.1,0.795583333,870.1,0.863666667,900.1,0.910916667,0.181837297535222,0.9041833334,0.9717083334,0.0057331423422937,0.00593535547590887,45,1.100166667,1.09469444466667,1410.1,3960.1,-0.00011701705005016,7680.1,13260.1,-3.40977704421583e-05,0.695868983925134,0.0291011615546579,0,0,0
510.1,0.11175,840.1,0.796583333,870.1,0.859666667,900.1,0.908916667,0.178551592214875,0.9011833334,0.9734083334,0.00535831366374522,0.00601627230435242,180,1.523916667,1.49919444466667,5280.1,6300.1,-0.000167156862577031,0,0,0,0,0,870.1,2730.1,0.000291438918676395
510.1,0.11275,840.1,0.753583333,870.1,0.822666667,900.1,0.883916667,0.172696966193396,0.8707833334,0.9575083334,0.00418741735313603,0.00623104653416404,220,1.462333333,1.44866666666667,3720.1,4590.1,-9.03868492992218e-05,0,0,0,0,0,870.1,2490.1,0.000448558601851852
90.1,0.024166667,810.1,0.604166667,840.1,0.702583333,870.1,0.779666667,0.134119825484451,0.7631166668,0.8656583334,0.00351487882668933,0.00637103471200772,59,1.0525,1.047,1620.1,4320.1,-0.000125516890485746,10560.1,13260.1,-3.15259860943887e-05,0.418638278384615,0.0135213720879872,0,0,0
90.1,0.028166667,840.1,0.762583333,870.1,0.831666667,900.1,0.887916667,0.131942901366437,0.8723833334,0.9463083334,0.00618116215556795,0.00579805458063876,168,1.49125,1.44547222233333,4710.1,5250.1,-0.00018437621754386,5280.1,6240.1,-3.17271983734399e-05,1.43187626263636,0.00958129780778419,870.1,2730.1,0.000294379906899642
480.1,0.09775,870.1,0.840666667,900.1,0.894916667,930.1,0.93325,0.165521694568292,0.9197000002,0.9798083334,0.0106285057242945,0.00511264652801263,222,1.565416667,1.552638889,4890.1,5220.1,-0.00031301476293706,5970.1,6720.1,5.65280156353276e-05,1.53596794876923,0.0140220674615493,900.1,2790.1,0.000219958664012515
480.1,0.10375,780.1,0.6085,810.1,0.693166667,840.1,0.760583333,0.176901275331677,0.7507666668,0.8485583334,0.00499682432181403,0.00618179757345032,62,1.051083333,1.04666666666667,1860.1,4170.1,-0.000133816464801022,10350.1,13260.1,-1.71988487708986e-05,0.585974489806122,0.00953553678059113,810.1,1860.1,0.000394648934534535
510.1,0.10075,810.1,0.554166667,840.1,0.636583333,870.1,0.724666667,0.170482328363661,0.7171166668,0.8474583334,0.00436500132504927,0.00599459289786227,51,1.0945,1.09077777766667,1530.1,3930.1,-9.85103633589282e-05,9300.1,13260.1,-1.8759727174449e-05,0.761940476165413,0.0124754580810851,0,0,0
480.1,0.08875,810.1,0.615166667,840.1,0.695583333,870.1,0.777666667,0.176006345998934,0.7675166668,0.8817583334,0.00600582283865113,0.00573206399472959,51,1.0825,1.080111111,1500.1,3900.1,-0.00010737077187293,10500.1,13230.1,-2.47262166104116e-05,0.648358695652174,0.0117502873254977,0,0,0
480.1,0.09775,780.1,0.5795,810.1,0.674166667,840.1,0.757583333,0.177975246391433,0.7435666668,0.8605583334,0.00606875591553235,0.00587162910640947,50,1.1025,1.10058333333333,1620.1,4140.1,-9.30546688828093e-05,9300.1,13260.1,-1.20023316503607e-05,0.813075814511278,0.00922042007595099,0,0,0
510.1,0.13275,780.1,0.5525,810.1,0.645166667,840.1,0.726583333,0.158442863696651,0.7191666668,0.8505583334,0.0082293626375234,0.00542346856832212,40,1.068833333,1.063833333,1320.1,3720.1,-0.000109660619323999,9270.1,13260.1,-1.40908933067328e-05,0.747746268634328,0.0103522941410428,0,0,0
570.1,0.1315,870.1,0.775666667,900.1,0.835916667,930.1,0.89525,0.17747160234461,0.8797000002,0.9737083334,0.00512352388825707,0.00583576474834839,96,1.442666667,1.42725,2070.1,2550.1,-0.0004140931377451,0,0,0,0,0,900.1,2070.1,0.00086590838
510.1,0.11275,900.1,0.765916667,930.1,0.82925,960.1,0.8745,0.147376953509425,0.8650166668,0.952125,0.00909539174083653,0.00499627678531942,106,1.467583333,1.38930555566667,3540.1,4200.1,-0.000405066972990777,0,0,0,0,0,930.1,2580.1,0.000466385661177945
510.1,0.12375,900.1,0.774916667,930.1,0.83225,960.1,0.8725,0.141114776590119,0.8656166668,0.946225,0.0107606658070662,0.00482055143422398,121,1.5165,1.467111111,3540.1,6660.1,-0.000452262576632801,7800.1,8670.1,3.88963043974785e-05,0.723102777733333,0.0110439231042722,930.1,2190.1,0.000574088895590456
510.1,0.13475,900.1,0.774916667,930.1,0.83025,960.1,0.8785,0.134564175948557,0.8694166668,0.948925,0.012003871175718,0.00469041281663278,112,1.448666667,1.40136574083333,3630.1,4200.1,-0.000166984126165413,0,0,0,0,0,930.1,2640.1,0.000417978611028741
480.1,0.10175,840.1,0.764583333,870.1,0.844666667,900.1,0.903916667,0.168067683198008,0.8935833334,0.9791083334,0.00575311798316954,0.00586038438000141,38,1.107666667,1.09725,1290.1,2970.1,-0.00016537824457696,11280.1,13260.1,-3.2818305903637e-05,0.678725124358209,0.0114509642422989,0,0,0
480.1,0.11075,750.1,0.56275,780.1,0.6565,810.1,0.757166667,0.180617785651288,0.7407333334,0.8739750001,0.00504236050168509,0.00629008934689755,39,1.104583333,1.10302777766667,1260.1,3090.1,-0.000154802662192116,6330.1,13260.1,-3.37309729267452e-05,0.743307112056034,0.0348001345493642,0,0,0
480.1,0.10175,840.1,0.796583333,870.1,0.869666667,900.1,0.928916667,0.17148441029455,0.9171833334,0.9938083334,0.00716328377753405,0.0056562570297251,38,1.104666667,1.10091666666667,1290.1,3090.1,-0.000164732357969329,6360.1,13260.1,-2.85461111534493e-05,0.748839105324675,0.02943954488479,0,0,0
480.1,0.11575,840.1,0.820583333,870.1,0.887666667,900.1,0.947916667,0.163215231340604,0.9315833334,0.9993083334,0.00923244421012211,0.00539141441217805,40,1.100833333,1.09749999966667,1260.1,3090.1,-0.000157902792099586,6900.1,13260.1,-3.08752848179064e-05,0.733942097004695,0.0293981521271915,0,0,0
630.1,0.14975,870.1,0.780666667,900.1,0.848916667,930.1,0.90725,0.206397627365122,0.8895000002,0.9662083334,0.00310394606547916,0.00640646615477079,170,1.437,1.39775,2130.1,2610.1,-0.000222807735784314,0,0,0,0,0,900.1,2130.1,0.000635676021024768
510.1,0.09575,870.1,0.797666667,900.1,0.862916667,930.1,0.91825,0.176662514299783,0.9033000002,0.9676083334,0.00486033569063133,0.00592040442565289,160,1.47925,1.46833333333333,4890.1,6240.1,-0.000102560043881179,0,0,0,0,0,900.1,4890.1,0.000253177997535464
510.1,0.10575,840.1,0.740583333,870.1,0.812666667,900.1,0.876916667,0.176941849597636,0.8603833334,0.9343083334,0.00473415669353541,0.00604557159198489,126,1.42375,1.412638889,3720.1,4920.1,-0.000396341463391406,8790.1,12450.1,-1.05303756338324e-05,0.61265650403252,0.010138277695077,870.1,2670.1,0.000289949761939009
510.1,0.10475,810.1,0.598166667,840.1,0.695583333,870.1,0.774666667,0.174229286367456,0.7587166668,0.8647583334,0.0052671617983175,0.00584850189072517,51,1.0565,1.05344444433333,1440.1,4320.1,-0.000152603180423768,0,0,0,0,0,0,0,0
390.1,0.090833333,780.1,0.5465,810.1,0.628166667,840.1,0.704583333,0.138039075834702,0.6935666668,0.8058583334,0.0131910838785168,0.00475994478276476,61,1.07375,1.03825,1440.1,4740.1,-0.000103239489438985,0,0,0,0,0,0,0,0
390.1,0.074833333,840.1,0.738583333,870.1,0.801666667,900.1,0.851916667,0.152631368162615,0.8443833334,0.9173083334,0.00838157792727016,0.00536579312519019,123,1.423833333,1.41691666666667,3690.1,4080.1,-0.000227228328791209,0,0,0,0,0,870.1,2700.1,0.000375812607146635
480.1,0.12275,990.1,0.959166667,1020.1,0.98025,1050.1,0.991583333,0.120936181505931,0.9996333334,1.0308749999,0.0369052572290809,0.00343358905245478,430,1.914166667,1.876888889,3690.1,4110.1,-0.000165297619761904,0,0,0,0,0,1020.1,3480.1,0.000283821056642598
480.1,0.13175,870.1,0.862666667,900.1,0.905916667,930.1,0.94325,0.144547859993662,0.9281000002,0.9797083334,0.0160240758296996,0.0046713266420614,222,1.625416667,1.602638889,3600.1,4200.1,-0.000197936507417027,5100.1,5880.1,1.47164562881559e-05,1.43270987655556,0.0152962093702475,900.1,3600.1,0.000315851515603334
660.1,0.16575,870.1,0.763666667,900.1,0.833916667,930.1,0.89425,0.218235823593701,0.8781000002,0.9614083334,0.00243589845097739,0.00664868960201066,167,1.4285,1.38233333333333,2160.1,2670.1,-0.000139198487788096,0,0,0,0,0,900.1,2160.1,0.00064661398016712
540.1,0.1185,900.1,0.855916667,930.1,0.92225,960.1,0.9595,0.164771671599339,0.9470166668,1.013925,0.00590458329725083,0.00559262593247746,170,1.439,1.39941666666667,2160.1,2670.1,-0.000110853114551082,5490.1,6750.1,-2.52768546863988e-05,1.3743294574186,0.0127771128785989,930.1,2160.1,0.000587815231877482
420.1,0.080916667,900.1,0.788916667,930.1,0.85625,960.1,0.9055,0.142327554633789,0.8952166668,0.962725,0.0077831981661124,0.00514257355279805,343,1.539583333,1.42699074072222,3690.1,4500.1,-0.000188711001733261,0,0,0,0,0,930.1,2730.1,0.000265051413114754
450.1,0.109666667,870.1,0.792666667,900.1,0.862916667,930.1,0.91325,0.141282665990454,0.9003000002,0.9736083334,0.0076361997909874,0.00534945573842808,167,1.5075,1.48166666666667,2160.1,2640.1,-0.000171323531045751,9840.1,12150.1,5.4507378301024e-06,1.24736645296154,0.00986723130428809,900.1,2160.1,0.000646916003724957
270.1,0.069166667,840.1,0.783583333,870.1,0.853666667,900.1,0.908916667,0.127755703170619,0.8987833334,0.9676083334,0.00987234648656665,0.00520530018903488,58,1.184583333,1.18294444433333,1680.1,4800.1,-0.000473450480290275,7530.1,11160.1,-3.13486726587602e-05,0.295643442590164,0.0193451008829959,0,0,0
480.1,0.12075,840.1,0.778583333,870.1,0.847666667,900.1,0.904916667,0.155312811337012,0.8911833334,0.9616083334,0.00720362267864328,0.0055979297076749,118,1.37175,1.36980555533333,3570.1,4560.1,-0.000126942534311179,10200.1,13260.1,-5.74927881064298e-06,0.940434466019417,0.0109973918228562,870.1,1890.1,0.000634088079663865
390.1,0.084833333,840.1,0.798583333,870.1,0.867666667,900.1,0.925916667,0.149476718716344,0.9155833334,0.9903083334,0.00795783423668798,0.00551812141081818,40,1.104833333,1.099833333,1260.1,4320.1,-0.000161154858989003,0,0,0,0,0,0,0,0
570.1,0.1315,840.1,0.766583333,870.1,0.840666667,900.1,0.892916667,0.195881839959612,0.8823833334,0.9605083334,0.00398536770334328,0.00630058174048552,180,1.457916667,1.421527778,2130.1,2520.1,-0.00029601953772894,4440.1,5070.1,1.60957396574441e-05,1.381814394,0.0154773031273682,870.1,2130.1,0.000709649652421222
570.1,0.1035,900.1,0.777916667,930.1,0.84425,960.1,0.8875,0.183367981264627,0.8780166668,0.949325,0.00363991375195311,0.00602506666283855,167,1.4375,1.42,2280.1,2700.1,-0.000164841270952383,3300.1,4920.1,3.8500481101491e-05,1.39645606061818,0.0146973746946535,930.1,2280.1,0.000616922945219447
480.1,0.08575,870.1,0.770666667,900.1,0.838916667,930.1,0.89025,0.168909219654664,0.8755000002,0.9467083334,0.00582459632068883,0.00567037634485248,168,1.44925,1.43080555566667,5130.1,6090.1,-6.39483069518717e-05,0,0,0,0,0,900.1,2610.1,0.00042989924154952
390.1,0.089833333,900.1,0.792916667,930.1,0.85725,960.1,0.9045,0.128103648964251,0.8942166668,0.969425,0.0112053426847788,0.00471688189728551,138,1.427416667,1.41355555566667,2220.1,2550.1,-7.4980577156174e-05,4740.1,5580.1,-6.6283524958949e-05,1.31111494255172,0.0117577105644465,930.1,2220.1,0.000683710359337562
30.1,0.05675,900.1,0.811916667,930.1,0.86425,960.1,0.9145,0.09174972592022,0.9038166668,0.982125,0.0179088261262625,0.00417451258162152,146,1.403333333,1.38858333333333,2100.1,2910.1,-0.00017605972187557,9390.1,13230.1,-4.02674045524001e-05,1.08151291987597,0.024134194771862,930.1,2100.1,0.00075932249300813
30.1,0.07275,930.1,0.80125,960.1,0.8725,990.1,0.926166667,0.0799714700727759,0.91135,0.9909416666,0.0164624547236244,0.00408454516254291,96,1.395666667,1.38991666666667,2100.1,2490.1,-0.000378998779780219,7440.1,10410.1,-6.43567701370133e-06,1.22799749995,0.00918229046345142,960.1,2100.1,0.000712194106842105
90.1,0.060166667,900.1,0.808916667,930.1,0.87225,960.1,0.9185,0.0962436077663447,0.9098166668,0.999625,0.0116242377804377,0.00465443659938832,94,1.44725,1.44183333333333,2040.1,2460.1,-5.07936495238094e-05,8160.1,11190.1,-1.62842662504975e-06,1.11387908492157,0.00864182007592497,930.1,2040.1,0.000921589808345187
390.1,0.087833333,900.1,0.831916667,930.1,0.88825,960.1,0.9325,0.132252423554757,0.9236166668,1.006025,0.0075358174209607,0.00524872997101547,91,1.426666667,1.4135,2070.1,2430.1,-0.000415659339560443,0,0,0,0,0,930.1,2070.1,0.000813608861740891
480.1,0.09775,870.1,0.770666667,900.1,0.838916667,930.1,0.89425,0.158834057130093,0.8791000002,0.9712083334,0.00449617951408699,0.00593969288423381,175,1.420583333,1.38630555566667,2070.1,2850.1,-0.000240384615466016,5160.1,5910.1,-1.29857551452989e-05,1.38704807696154,0.0139108704887381,900.1,2070.1,0.000855408067304565
510.1,0.07675,930.1,0.79925,960.1,0.8755,990.1,0.933166667,0.167365742962332,0.91775,1.0056416666,0.00448775068124802,0.00561620249346556,221,1.496916667,1.49255555566667,2040.1,2430.1,-0.000275347983736263,3630.1,4410.1,6.54456654049653e-05,1.4108580247037,0.0114228135169945,960.1,2040.1,0.000649780043116801
510.1,0.11575,900.1,0.766916667,930.1,0.84225,960.1,0.8985,0.14545734265532,0.8878166668,0.974025,0.00680729977121766,0.00528635500262067,170,1.478,1.46575,4920.1,5580.1,-8.80379888010533e-05,0,0,0,0,0,930.1,1980.1,0.000552252967344487
480.1,0.07075,900.1,0.817916667,930.1,0.88725,960.1,0.9405,0.174829137200482,0.9266166668,1.006125,0.00503853008399213,0.00572005243716711,183,1.512333333,1.482833333,3810.1,4170.1,-8.35470065934069e-05,0,0,0,0,0,930.1,2190.1,0.000503042887335146
510.1,0.11775,900.1,0.783916667,930.1,0.85425,960.1,0.9025,0.145826076131741,0.8882166668,0.960625,0.00639231538123505,0.00539436816042452,180,1.506916667,1.47619444466667,5790.1,6150.1,-0.000202075702197802,0,0,0,0,0,930.1,2670.1,0.000329786349744788
510.1,0.09575,900.1,0.785916667,930.1,0.84425,960.1,0.8955,0.161931549009174,0.8810166668,0.949925,0.00551441667551533,0.00557142805951838,216,1.435416667,1.424777778,3600.1,4500.1,-0.000223550627150537,0,0,0,0,0,930.1,2550.1,0.000346390893068783
510.1,0.11675,900.1,0.783916667,930.1,0.85225,960.1,0.8965,0.146482140466166,0.8826166668,0.948125,0.0069779804425779,0.00529680969080503,161,1.473833333,1.442722222,4770.1,5130.1,-9.06898652014634e-05,0,0,0,0,0,930.1,2790.1,0.000285506005744367
600.1,0.14525,900.1,0.785916667,930.1,0.84825,960.1,0.8985,0.1688394369448,0.8846166668,0.951725,0.00537013796273459,0.00559002154180095,220,1.453333333,1.444,3630.1,4590.1,-0.00015420008885918,0,0,0,0,0,930.1,2580.1,0.000357162603533835
480.1,0.09575,900.1,0.748916667,930.1,0.80725,960.1,0.8525,0.146920506446765,0.8410166668,0.902125,0.00636490480979652,0.00534900227160353,221,1.412916667,1.40522222233333,1860.1,2310.1,-0.000178602940294117,8190.1,10620.1,-4.64046490228303e-05,1.2694298779878,0.0184851248502141,930.1,1860.1,0.00051832844586999
