Sample,exp_start,exp_start_value,exp_end_1,exp_end_value_1,exp_end_2,exp_end_value_2,exp_end_3,exp_end_value_3,exponential_coef_simple,exponential_Y0,exponential_r,log_start_position,log_end_position,log_theoretical_K,log_b,log_theoretical_r,mean_4points_afterK,mean_9points_afterK,position_K,K,mean_window_K,decrease_start,decrease_end,decrease_rate,steady_start,steady_end,steady_rate,mean_steady,mean_steady_sd,rise_start,rise_end,rise_rate
0101L1,90.1,0.080333333,210.1,0.354833333,240.1,0.433944444,270.1,0.581222222,0.371365889,0.035179026,0.011143152,2,21,0.542710167,3.861060045,-0.022194622,0.471277777,0.500927778,10,0.581222222,0.501203703,690.1,5670.1,-6.11E-05,5700.1,9930.1,-2.27E-05,0.379295775,0.015414795,0,0,0
0101L1,90.1,0.081333333,210.1,0.363833333,240.1,0.454944444,270.1,0.533222222,0.374534988,0.032644115,0.011616119,2,19,0.476131097,-0.118116952,-0.006527954,0.472277777,0.508027778,18,0.5745,0.5685,660.1,5670.1,-5.94E-05,5700.1,9930.1,-2.31E-05,0.394049296,0.015601564,0,0,0
0101L1,30.1,0.040555556,270.1,0.508222222,300.1,0.534444444,330.1,0.531944444,0.316030751,0.065601007,0.008174654,2,18,0.570244955,3.735674636,-0.022852952,0.534394444,0.558105555,18,0.5925,0.588833333,630.1,5670.1,-6.24E-05,5700.1,9930.1,-2.11E-05,0.409760563,0.014197959,0,0,0
0101L1,60.1,0.053777778,180.1,0.298333333,210.1,0.373833333,240.1,0.438944444,0.428337774,0.027845687,0.01325829,2,18,0.561351661,3.59488613,-0.020733591,0.434755555,0.487966666,17,0.579944444,0.569972222,660.1,5670.1,-6.07E-05,5700.1,9930.1,-2.25E-05,0.401056338,0.015333419,0,0,0
0102L1,180.1,0.101333333,630.1,0.278222222,660.1,0.303694444,690.1,0.330444444,0.06733365,0.110627448,0.001444875,2,35,0.78872035,2.485957536,-0.003228847,0.328561111,0.391291667,34,0.531472222,0.522425926,1110.1,4110.1,-6.13E-05,4140.1,9930.1,-2.17E-05,0.383386598,0.019271542,0,0,0
0102L1,180.1,0.070333333,660.1,0.272694444,690.1,0.297444444,720.1,0.321611111,0.08469413,0.104213103,0.001454654,7,35,2.042192609,3.130738741,-0.002067939,0.324066666,0.386475,34,0.513472222,0.503759259,1110.1,4140.1,-5.20E-05,4170.1,9930.1,-2.15E-05,0.373285118,0.018913183,0,0,0
0102L1,180.1,0.070333333,660.1,0.263694444,690.1,0.283444444,720.1,0.309611111,0.082596574,0.100508943,0.001455902,2,35,0.788881239,2.606630708,-0.003139576,0.310066666,0.371775,34,0.495472222,0.487092592,1110.1,4140.1,-5.27E-05,4170.1,9930.1,-2.01E-05,0.359435377,0.017731157,0,0,0
0102L1,180.1,0.099333333,630.1,0.259222222,660.1,0.277694444,690.1,0.298444444,0.063946967,0.120553814,0.001230038,2,35,0.913929053,2.552298767,-0.002832657,0.302161111,0.365791667,35,0.517444444,0.514981481,1110.1,4080.1,-5.52E-05,4110.1,9930.1,-2.39E-05,0.379519801,0.021094914,0,0,0
0102K2,330.1,0.2335,510.1,0.914222222,540.1,0.983111111,570.1,1.026277778,0.227481933,0.029440839,0.006850531,3,41,1.113091188,5.3849841,-0.01306366,1.003344444,1.039755556,86,1.181666667,1.176518519,2700.1,7320.1,-5.25E-05,10680.1,13230.1,-2.40E-05,0.98755814,0.011142974,540.1,2700.1,0.000109148
0102K2,300.1,0.187333333,480.1,0.805555556,510.1,0.893222222,540.1,0.967111111,0.243107102,0.022102825,0.007610302,5,31,1.132525003,5.331459556,-0.012906927,0.954233333,1.025111111,84,1.199444444,1.193907407,2610.1,8190.1,-4.66E-05,11460.1,13230.1,-2.24E-05,1.00999537,0.009279389,510.1,1710.1,0.000294677
0102K2,330.1,0.2305,480.1,0.734555556,510.1,0.829222222,540.1,0.909111111,0.231802954,0.017717368,0.007838478,4,43,0.726691918,0.919614668,-0.005700409,0.892633333,0.966611111,85,1.141222222,1.138444444,2640.1,10560.1,-4.08E-05,10590.1,13230.1,-2.21E-05,0.962401373,0.01117271,510.1,2640.1,0.00012921
0102K2,330.1,0.2255,480.1,0.703555556,510.1,0.784222222,540.1,0.864111111,0.227565337,0.016485101,0.007885305,4,27,1.089743664,4.873572777,-0.011227122,0.854433333,0.935911111,87,1.115666667,1.109537037,2670.1,7170.1,-4.81E-05,7200.1,13230.1,-2.68E-05,0.960824808,0.024377292,510.1,1920.1,0.000228656
0103L1,180.1,0.069333333,330.1,0.461944444,360.1,0.492888889,390.1,0.514472222,0.379303769,0.015835714,0.010494158,4,18,0.561225928,6.376811435,-0.024206992,0.512977778,0.540083333,17,0.579944444,0.569972222,900.1,4860.1,-5.29E-05,4890.1,9930.1,-1.94E-05,0.416791584,0.015621522,0,0,0
0103L1,180.1,0.079333333,330.1,0.454944444,360.1,0.481888889,390.1,0.504472222,0.349303386,0.017718046,0.010061611,4,18,0.551957712,5.962096419,-0.022674637,0.503977778,0.526983333,27,0.57275,0.562657407,780.1,5640.1,-4.80E-05,5670.1,9930.1,-1.22E-05,0.398915695,0.009545696,0,0,0
0103L1,180.1,0.074333333,330.1,0.447944444,360.1,0.473888889,390.1,0.498472222,0.359221947,0.017953962,0.009961824,4,18,0.545580019,5.880900483,-0.022348313,0.498177778,0.520383333,27,0.56975,0.559324074,840.1,5670.1,-5.25E-05,5700.1,9930.1,-1.21E-05,0.385774648,0.009269261,0,0,0
0103L1,180.1,0.078333333,330.1,0.449944444,360.1,0.474888889,390.1,0.497472222,0.349630179,0.018122996,0.009945388,4,18,0.545888851,5.801811624,-0.022070139,0.497177778,0.520183333,27,0.56775,0.559657407,780.1,5640.1,-4.96E-05,5670.1,9930.1,-1.25E-05,0.391901709,0.009612727,0,0,0
0104L1,90.1,0.047333333,210.1,0.330833333,240.1,0.395944444,270.1,0.441222222,0.48609999,0.014859981,0.014932446,3,16,0.534097344,4.154255639,-0.021480402,0.423077777,0.479627778,15,0.552111111,0.544351852,540.1,5700.1,-4.93E-05,5730.1,9930.1,-2.56E-05,0.336064224,0.016656583,0,0,0
0104L1,90.1,0.054333333,240.1,0.438944444,270.1,0.470222222,300.1,0.495444444,0.41784699,0.026775365,0.011877851,2,15,0.551028778,4.372055619,-0.023308664,0.490288889,0.524194444,14,0.566472222,0.556157407,540.1,5670.1,-4.76E-05,5700.1,9930.1,-2.57E-05,0.363197183,0.016959303,0,0,0
0104L1,90.1,0.076333333,210.1,0.365833333,240.1,0.434944444,270.1,0.470222222,0.391767036,0.025243557,0.012830869,3,16,0.560108312,3.696042811,-0.020030831,0.454277777,0.506327778,15,0.574111111,0.566351852,540.1,3780.1,-6.95E-05,3810.1,9930.1,-2.52E-05,0.377595257,0.023020089,0,0,0
0104L1,90.1,0.054333333,240.1,0.426944444,270.1,0.459222222,300.1,0.491444444,0.412303198,0.026171674,0.011856828,2,16,0.554559479,4.21962541,-0.022034451,0.483288889,0.520994444,15,0.569111111,0.563685185,540.1,5670.1,-4.76E-05,5700.1,9930.1,-2.54E-05,0.360645442,0.016821907,0,0,0
0105L1,120.1,0.054055556,300.1,0.492444444,330.1,0.547944444,360.1,0.585888889,0.36822822,0.028155365,0.009800077,3,15,0.627106911,4.882768664,-0.020884501,0.569972222,0.567472222,14,0.621472222,0.603157407,510.1,5670.1,-4.93E-05,5700.1,9930.1,-1.60E-05,0.366471831,0.011692789,0,0,0
0105L1,120.1,0.047055556,270.1,0.456222222,300.1,0.496444444,330.1,0.531944444,0.454330215,0.01555896,0.012676156,4,15,0.612328917,5.164629434,-0.022621896,0.537594444,0.556005555,14,0.621472222,0.601824074,510.1,5670.1,-4.90E-05,5700.1,9930.1,-1.81E-05,0.364705888,0.012994145,0,0,0
0105L1,120.1,0.043055556,300.1,0.472444444,330.1,0.520944444,360.1,0.562888889,0.399238147,0.024847174,0.010116174,3,15,0.608214053,5.090294303,-0.021590976,0.552172222,0.552372222,14,0.611472222,0.589157407,510.1,5730.1,-4.90E-05,5760.1,9930.1,-1.63E-05,0.345272024,0.011496102,0,0,0
0105L1,120.1,0.055055556,300.1,0.500444444,330.1,0.540944444,360.1,0.583888889,0.367858968,0.027816772,0.00990477,3,15,0.632603339,4.90806992,-0.021001856,0.574572222,0.574872222,14,0.632472222,0.610490741,510.1,5670.1,-5.10E-05,5700.1,9930.1,-1.82E-05,0.366028169,0.013054015,0,0,0
0106L1,120.1,0.079055556,240.1,0.362944444,270.1,0.451222222,300.1,0.480444444,0.381024732,0.020064271,0.012145694,3,16,0.561661183,4.379711979,-0.020621891,0.461888889,0.511394444,26,0.585833333,0.575064815,810.1,3000.1,-8.33E-05,4620.1,9930.1,-2.54E-05,0.418584426,0.020664804,0,0,0
0106L1,120.1,0.072055556,270.1,0.426222222,300.1,0.457444444,330.1,0.475944444,0.355504685,0.023633171,0.010860362,3,16,0.546574701,4.468602354,-0.020535531,0.478794444,0.512905555,26,0.563833333,0.552731481,690.1,4740.1,-8.69E-05,6720.1,9930.1,-1.43E-05,0.33829874,0.00855781,0,0,0
0106L1,120.1,0.077055556,240.1,0.363944444,270.1,0.457222222,300.1,0.486444444,0.38811864,0.019776463,0.012197026,2,16,0.563599963,4.479282954,-0.021068364,0.465488889,0.513594444,26,0.586833333,0.574731481,840.1,3570.1,-6.07E-05,3600.1,9930.1,-2.55E-05,0.431847877,0.024342101,0,0,0
0106L1,120.1,0.086055556,270.1,0.479222222,300.1,0.506444444,330.1,0.514944444,0.343434266,0.030337666,0.010388987,2,16,0.574892068,4.526725265,-0.021876395,0.522394444,0.547605555,27,0.58775,0.578657407,870.1,3210.1,-6.31E-05,3240.1,6540.1,-2.07E-05,0.477594595,0.011270587,0,0,0
0107L1,540.1,0.155055556,660.1,0.354694444,690.1,0.434444444,720.1,0.473611111,0.206868305,0.002308284,0.007596101,2,32,0.308086378,0.214186726,-0.00320822,0.460666666,0.527475,31,0.621027778,0.613694445,1020.1,5730.1,-4.95E-05,5760.1,9930.1,-2.65E-05,0.424822024,0.016968642,0,0,0
0107L1,480.1,0.139944444,660.1,0.357694444,690.1,0.437444444,720.1,0.473611111,0.1564056,0.014342974,0.004748473,5,32,0.358158909,0.263674204,-0.002971206,0.461666666,0.529475,31,0.626027778,0.616694445,1020.1,5700.1,-5.06E-05,5730.1,9930.1,-2.67E-05,0.42673089,0.017187296,0,0,0
0107L1,510.1,0.1485,660.1,0.332694444,690.1,0.416444444,720.1,0.463611111,0.161327905,0.007823875,0.005592991,3,32,0.323480433,0.22689742,-0.003128218,0.446266666,0.519075,31,0.620027778,0.612027778,1020.1,5790.1,-5.20E-05,5820.1,9930.1,-2.69E-05,0.41588124,0.017086086,0,0,0
0107L1,480.1,0.141944444,660.1,0.344694444,690.1,0.425444444,720.1,0.465611111,0.147870436,0.013849047,0.004742202,3,32,0.343006355,0.225664472,-0.002986178,0.452666666,0.522675,31,0.622027778,0.612694445,1050.1,5790.1,-4.92E-05,5820.1,9930.1,-2.68E-05,0.425845008,0.016873082,0,0,0
0108L1,210.1,0.063833333,390.1,0.300472222,420.1,0.344111111,450.1,0.388472222,0.258179966,0.018581575,0.007111221,7,23,0.602830254,4.174744405,-0.010497688,0.3801,0.457391667,22,0.566222222,0.558824074,780.1,5700.1,-4.83E-05,5730.1,9930.1,-1.98E-05,0.366688337,0.013080886,0,0,0
0108L1,210.1,0.081833333,390.1,0.338472222,420.1,0.379111111,450.1,0.420472222,0.236626229,0.02800231,0.006375876,7,23,0.620538322,3.787045038,-0.009989238,0.4125,0.484391667,22,0.582222222,0.577490741,750.1,4860.1,-5.05E-05,4890.1,9930.1,-2.24E-05,0.396767916,0.017508906,0,0,0
0108L1,210.1,0.061833333,390.1,0.317472222,420.1,0.359111111,450.1,0.398472222,0.272657956,0.018061852,0.007324265,7,23,0.587858482,4.183652951,-0.010861061,0.3905,0.461691667,22,0.559222222,0.554824074,750.1,5670.1,-4.58E-05,5700.1,9930.1,-1.88E-05,0.373711268,0.012760086,0,0,0
0108L1,210.1,0.063833333,390.1,0.326472222,420.1,0.367111111,450.1,0.404472222,0.272011559,0.017948034,0.007438137,7,22,0.599343301,4.181085182,-0.010869059,0.3971,0.469891667,22,0.567222222,0.564157407,750.1,5670.1,-4.88E-05,5700.1,9930.1,-2.21E-05,0.367795775,0.014855518,0,0,0
0109L1,120.1,0.105055556,210.1,0.354833333,240.1,0.417944444,270.1,0.441222222,0.405719627,0.025437562,0.012630339,3,15,0.51732218,3.943336026,-0.021919473,0.432277777,0.475527778,14,0.532472222,0.521490741,510.1,5670.1,-4.95E-05,5700.1,9930.1,-2.23E-05,0.319506944,0.015095654,0,0,0
0109L1,90.1,0.070333333,210.1,0.364833333,240.1,0.434944444,270.1,0.460222222,0.411548697,0.026912106,0.012534022,2,15,0.534836966,3.809728772,-0.021382351,0.448077777,0.490627778,14,0.549472222,0.536824074,510.1,4170.1,-6.82E-05,4200.1,9930.1,-2.33E-05,0.338736328,0.020278642,0,0,0
0109L1,90.1,0.058333333,210.1,0.358833333,240.1,0.426944444,270.1,0.453222222,0.454171087,0.022156813,0.013422333,3,15,0.52642593,4.071038395,-0.022641392,0.441477777,0.485127778,14,0.543472222,0.532157407,510.1,5670.1,-5.15E-05,5700.1,9930.1,-2.31E-05,0.324190141,0.015288741,0,0,0
0109L1,90.1,0.073333333,210.1,0.379833333,240.1,0.445944444,270.1,0.470222222,0.411179327,0.028138628,0.012544603,2,15,0.539268267,3.828473072,-0.021954815,0.458877777,0.499127778,14,0.554472222,0.542490741,510.1,5700.1,-5.05E-05,5730.1,9930.1,-2.40E-05,0.332546296,0.016094196,0,0,0
0110L1,210.1,0.092833333,420.1,0.536111111,450.1,0.563472222,480.1,0.581944444,0.250505096,0.015255677,0.008590041,5,21,0.659214667,5.446993604,-0.015741771,0.582416667,0.605188889,20,0.640888889,0.633166667,690.1,4170.1,-5.74E-05,4200.1,9930.1,-2.51E-05,0.464829282,0.02170635,0,0,0
0110L1,210.1,0.090833333,420.1,0.537111111,450.1,0.568472222,480.1,0.586944444,0.253882666,0.016688027,0.008430542,5,21,0.660747733,5.486211299,-0.016058031,0.586416667,0.610788889,20,0.648888889,0.638833334,690.1,5730.1,-4.60E-05,5760.1,9930.1,-2.43E-05,0.457422024,0.015973472,0,0,0
0110L1,210.1,0.089833333,420.1,0.535111111,450.1,0.567472222,480.1,0.588944444,0.254931187,0.016100613,0.008501296,5,21,0.663520616,5.473733895,-0.015925175,0.586216667,0.611788889,20,0.648888889,0.6405,690.1,5730.1,-4.72E-05,5760.1,9930.1,-2.46E-05,0.455143452,0.016010111,0,0,0
0110L1,210.1,0.091833333,420.1,0.538111111,450.1,0.570472222,480.1,0.589944444,0.252584247,0.017048517,0.008380696,2,21,0.66614744,5.317509854,-0.015546145,0.588616667,0.612388889,20,0.648888889,0.640166667,690.1,5730.1,-4.57E-05,5760.1,9930.1,-2.46E-05,0.45973631,0.016243506,0,0,0
0110K2,30.1,0.129166667,270.1,1.007555556,300.1,1.017333333,330.1,1.0205,0.256772359,0.183666625,0.006601885,2,12,1.078591847,2.624940722,-0.017961567,1.014188889,1.02135,81,1.079111111,1.071925926,600.1,1200.1,-0.000119745,2220.1,9750.1,-1.33E-05,1.048138448,0.020803466,0,0,0
0110K2,30.1,0.132166667,270.1,1.004555556,300.1,1.017333333,330.1,1.0215,0.253529592,0.179714812,0.006680131,2,12,1.088450091,2.622331686,-0.017596464,1.013388889,1.01755,118,1.107333333,1.077259259,600.1,1260.1,-6.73E-05,2760.1,9810.1,-1.04E-05,1.056702919,0.017665333,0,0,0
0110K2,30.1,0.133166667,270.1,0.992555556,300.1,1.002333333,330.1,1.0115,0.251085188,0.185412282,0.006522598,2,13,1.047064778,2.633413906,-0.018496156,1.001788889,1.01025,19,1.053111111,1.035203704,600.1,1380.1,-0.00016185,2760.1,9750.1,-6.23E-06,1.017836895,0.015151717,0,0,0
0110K2,30.1,0.144166667,270.1,1.051555556,300.1,1.052333333,330.1,1.0685,0.248381974,0.181324148,0.006852588,2,19,1.121411167,2.713104687,-0.01827224,1.064388889,1.09345,18,1.137222222,1.121296296,540.1,1290.1,-0.000119558,2190.1,8340.1,-1.29E-05,1.109580636,0.015476793,0,0,0
0111L1,90.1,0.057333333,210.1,0.328833333,240.1,0.395944444,270.1,0.427222222,0.436667213,0.021955803,0.013013964,2,15,0.505665957,3.892372376,-0.021106685,0.413077777,0.459327778,14,0.517472222,0.507490741,510.1,4170.1,-6.86E-05,4200.1,9930.1,-1.93E-05,0.306907407,0.016815691,0,0,0
0111L1,90.1,0.054333333,210.1,0.315833333,240.1,0.364944444,270.1,0.421222222,0.440019185,0.023119293,0.012610006,3,16,0.494657786,3.722181713,-0.020028444,0.397277777,0.445027778,15,0.505111111,0.499685185,540.1,5670.1,-4.92E-05,5700.1,9930.1,-2.07E-05,0.295647887,0.013969034,0,0,0
0111L1,90.1,0.045333333,210.1,0.318833333,240.1,0.368944444,270.1,0.414222222,0.487656477,0.017130197,0.014071375,3,16,0.483596371,4.091185083,-0.022018224,0.395277777,0.440527778,15,0.498111111,0.492351852,510.1,5670.1,-5.09E-05,5700.1,9930.1,-2.09E-05,0.286929577,0.013973352,0,0,0
0111L1,90.1,0.051333333,210.1,0.334833333,240.1,0.394944444,270.1,0.438222222,0.468823147,0.019768858,0.013605349,3,16,0.525920939,3.934270793,-0.020851457,0.422077777,0.473727778,15,0.537111111,0.532685185,510.1,5670.1,-5.36E-05,5700.1,9930.1,-2.21E-05,0.313084507,0.014519077,0,0,0
0112L1,90.1,0.069333333,240.1,0.510944444,270.1,0.533222222,300.1,0.538444444,0.399467016,0.046141545,0.010308539,3,19,0.595802348,4.025268026,-0.023597162,0.541288889,0.573494444,18,0.6095,0.606166667,600.1,5700.1,-3.19E-05,5730.1,9930.1,-3.75E-05,0.477163515,0.02350037,0,0,0
0112L1,90.1,0.076333333,240.1,0.541944444,270.1,0.557222222,300.1,0.563444444,0.392010757,0.053040857,0.010076723,3,15,0.601407469,4.453694195,-0.02762844,0.566888889,0.594294444,15,0.623111111,0.622685185,540.1,5700.1,-3.60E-05,5730.1,9930.1,-3.95E-05,0.467092593,0.024703519,0,0,0
0112L1,120.1,0.124055556,240.1,0.524944444,270.1,0.542222222,300.1,0.551444444,0.360640735,0.055203304,0.009679566,3,15,0.588741539,4.723423798,-0.02843319,0.553088889,0.584494444,18,0.6195,0.616166667,570.1,5700.1,-3.76E-05,5730.1,9930.1,-3.93E-05,0.464064224,0.02461806,0,0,0
0112L1,60.1,0.044777778,210.1,0.468833333,240.1,0.525944444,270.1,0.547222222,0.46970707,0.025515198,0.014093125,2,15,0.454082191,0.498136556,-0.011010736,0.534077777,0.575227778,18,0.6245,0.621833333,570.1,3150.1,-4.93E-05,3480.1,9930.1,-3.78E-05,0.505813272,0.036069157,0,0,0
0113L1,360.1,0.179888889,450.1,0.480472222,480.1,0.520944444,510.1,0.5335,0.32747668,0.007159394,0.009480624,2,24,0.423127123,0.252436255,-0.004078971,0.528772222,0.565738889,23,0.617694444,0.608787037,810.1,5670.1,-3.23E-05,5700.1,9930.1,-3.74E-05,0.474387324,0.023721769,0,0,0
0113L1,300.1,0.119444444,450.1,0.513472222,480.1,0.547944444,510.1,0.5615,0.291668915,0.006122001,0.009982635,2,24,0.643821312,6.027340436,-0.015649502,0.557572222,0.593438889,23,0.644694444,0.63512037,780.1,5670.1,-5.54E-05,0,0,0,0,0,0,0,0
0113L1,300.1,0.136444444,450.1,0.517472222,480.1,0.541944444,510.1,0.5555,0.266607664,0.010198026,0.008865328,2,23,0.644969287,5.221252624,-0.013863521,0.554972222,0.586138889,23,0.627694444,0.62212037,780.1,5700.1,-5.29E-05,5730.1,9930.1,-4.49E-05,0.419362096,0.028100972,0,0,0
0113L1,360.1,0.206888889,450.1,0.515472222,480.1,0.555944444,510.1,0.5685,0.304300512,0.007799043,0.009400234,2,24,0.46824489,0.270799196,-0.003973065,0.564172222,0.600838889,23,0.652694444,0.644453703,780.1,5730.1,-4.09E-05,0,0,0,0,0,0,0,0
0114L1,60.1,0.089777778,210.1,0.555833333,240.1,0.568944444,270.1,0.607222222,0.364626201,0.041988576,0.012553409,3,11,0.614400229,4.425439876,-0.029699707,0.572277777,0.544027778,10,0.607222222,0.585537037,390.1,2430.1,-0.000202652,2790.1,9930.1,-2.42E-05,0.296355339,0.025796795,0,0,0
0114L1,60.1,0.103777778,240.1,0.631944444,270.1,0.628222222,300.1,0.605444444,0.301091604,0.073414978,0.009392058,2,10,0.720005354,3.535964159,-0.022499266,0.605088889,0.582694444,9,0.631944444,0.625666666,420.1,2430.1,-0.00023317,2610.1,9930.1,-2.35E-05,0.299795181,0.025777194,0,0,0
0114L1,120.1,0.158055556,240.1,0.510944444,270.1,0.496222222,300.1,0.565444444,0.293328568,0.095716631,0.007583431,2,12,0.556388036,4.214174166,-0.029798935,0.529288889,0.519194444,8,0.565833333,0.514037037,420.1,2460.1,-0.000199178,2790.1,9930.1,-2.34E-05,0.303924861,0.025165405,0,0,0
0114L1,90.1,0.125333333,240.1,0.573944444,270.1,0.600222222,300.1,0.575444444,0.30431115,0.0718003,0.009116969,2,11,0.628029592,3.794362181,-0.025173733,0.562688889,0.538094444,10,0.600222222,0.583203703,420.1,2490.1,-0.0001841,2520.1,6510.1,-1.14E-05,0.324541667,0.010876032,0,0,0
0115L1,60.1,0.085777778,210.1,0.337833333,240.1,0.347944444,270.1,0.359222222,0.27415854,0.08694121,0.006839207,2,33,0.738420009,1.238449344,-0.003252119,0.356677777,0.377827778,34,0.652472222,0.650092592,1080.1,8760.1,-4.14E-05,8790.1,9870.1,-2.27E-05,0.478811562,0.006352294,0,0,0
0115L1,90.1,0.071333333,240.1,0.349944444,270.1,0.362222222,300.1,0.373444444,0.318082138,0.066977289,0.007242287,2,32,0.685003596,1.458756026,-0.004197416,0.369088889,0.391094444,34,0.669472222,0.667425926,1080.1,6840.1,-4.74E-05,6870.1,9900.1,-2.34E-05,0.500970588,0.011692434,0,0,0
0115L1,60.1,0.070777778,240.1,0.337944444,270.1,0.349222222,300.1,0.357444444,0.260556072,0.074711316,0.006635441,2,32,0.713915025,1.386747919,-0.003582692,0.354088889,0.374994444,32,0.646055556,0.644148148,1050.1,6870.1,-4.72E-05,6900.1,9900.1,-2.44E-05,0.472801705,0.011773472,0,0,0
0115L1,60.1,0.092777778,210.1,0.337833333,240.1,0.354944444,270.1,0.368222222,0.258469105,0.083360665,0.006973781,3,31,0.8058791,1.214150903,-0.002891162,0.363877777,0.388327778,33,0.665361111,0.663962963,1050.1,6870.1,-4.98E-05,6900.1,9900.1,-2.39E-05,0.481425468,0.011519952,0,0,0
0116L1,90.1,0.116333333,240.1,0.479944444,270.1,0.523222222,300.1,0.556444444,0.283442145,0.067878146,0.008382638,3,16,0.642833843,2.92703725,-0.016477339,0.547288889,0.593794444,16,0.645472222,0.643175926,570.1,5700.1,-4.50E-05,5730.1,9900.1,-3.00E-05,0.471152381,0.019025045,0,0,0
0116L1,60.1,0.081777778,240.1,0.470944444,270.1,0.522222222,300.1,0.557444444,0.291789098,0.059340071,0.008884244,2,15,0.663329925,2.947864028,-0.01584968,0.551488889,0.602394444,16,0.657472222,0.655509259,570.1,5700.1,-4.47E-05,5730.1,9870.1,-3.16E-05,0.481092126,0.019777334,0,0,0
0116L1,60.1,0.080777778,240.1,0.492944444,270.1,0.515222222,300.1,0.540444444,0.301449096,0.058770218,0.009141197,2,16,0.473517844,0.447416473,-0.010323929,0.543288889,0.592794444,16,0.646472222,0.644509259,570.1,5700.1,-4.30E-05,5730.1,9900.1,-3.18E-05,0.478502381,0.020027312,0,0,0
0116L1,90.1,0.110333333,240.1,0.478944444,270.1,0.517222222,300.1,0.548444444,0.293615705,0.054678794,0.00927718,3,17,0.637290595,3.129183693,-0.017137906,0.542288889,0.588794444,17,0.642944444,0.641305555,600.1,5730.1,-4.03E-05,5760.1,9900.1,-3.22E-05,0.489009792,0.020222913,0,0,0
0201G2,150.1,0.107416667,240.1,0.362472222,270.1,0.456222222,300.1,0.490777778,0.405410829,0.017478898,0.012714952,2,18,0.55745197,4.464216609,-0.021059239,0.465166667,0.509441667,22,0.582166667,0.581305556,690.1,4350.1,-7.85E-05,4380.1,8430.1,-1.83E-05,0.409289624,0.011996026,0,0,0
0201G2,120.1,0.061,240.1,0.346472222,270.1,0.424222222,300.1,0.468777778,0.434232196,0.016621693,0.01281371,2,19,0.557379689,4.277956054,-0.019655634,0.444966667,0.497641667,22,0.579166667,0.577972222,690.1,4320.1,-7.65E-05,4350.1,8430.1,-1.72E-05,0.409791768,0.011224787,0,0,0
0201G2,150.1,0.083416667,240.1,0.347472222,270.1,0.425222222,300.1,0.465777778,0.475612197,0.014030879,0.013537706,3,19,0.549846563,4.717279538,-0.021610659,0.443166667,0.495241667,22,0.576166667,0.574638889,660.1,4320.1,-7.59E-05,4350.1,8430.1,-1.74E-05,0.407105637,0.01141243,0,0,0
0201G2,150.1,0.079416667,240.1,0.354472222,270.1,0.435222222,300.1,0.475777778,0.498640576,0.011775437,0.014322076,3,18,0.540894858,5.129691141,-0.023832906,0.450166667,0.497341667,22,0.569166667,0.567972222,690.1,2190.1,-9.54E-05,4230.1,8430.1,-1.60E-05,0.403624705,0.011359216,0,0,0
0202G2,120.1,0.102,240.1,0.344472222,270.1,0.418222222,300.1,0.479777778,0.30426016,0.039469506,0.009140006,2,18,0.602249229,3.200086605,-0.014484175,0.449366667,0.513041667,23,0.637972222,0.633277778,780.1,2130.1,-3.31E-05,4200.1,8430.1,-3.43E-05,0.535092723,0.021717432,0,0,0
0202G2,120.1,0.101,240.1,0.338472222,270.1,0.408222222,300.1,0.479777778,0.302330378,0.040780363,0.008961556,2,22,0.626496106,3.30025204,-0.014544694,0.456566667,0.523841667,23,0.638972222,0.633944444,720.1,2190.1,-5.68E-05,4230.1,8430.1,-3.22E-05,0.509355201,0.020392355,0,0,0
0202G2,60.1,0.049166667,240.1,0.347472222,270.1,0.419222222,300.1,0.502777778,0.325911472,0.034020664,0.009874804,3,22,0.636346546,3.035166929,-0.013137528,0.446966667,0.519541667,22,0.644166667,0.643305556,720.1,2190.1,-5.71E-05,4230.1,8430.1,-3.15E-05,0.514078605,0.019912865,0,0,0
0202G2,120.1,0.11,240.1,0.349472222,270.1,0.435222222,300.1,0.522777778,0.288985928,0.043398205,0.008809178,2,21,0.641461108,3.057127547,-0.013383769,0.453166667,0.529641667,21,0.644777778,0.642777778,720.1,2160.1,-3.45E-05,4230.1,8430.1,-3.24E-05,0.536532506,0.020482919,0,0,0
0203G2,150.1,0.091416667,240.1,0.313472222,270.1,0.398222222,300.1,0.437777778,0.410760979,0.014689099,0.012828262,2,18,0.552052108,4.233789337,-0.018469423,0.419166667,0.481041667,17,0.564472222,0.560009259,630.1,2190.1,-6.72E-05,4200.1,8430.1,-1.69E-05,0.450529343,0.012112431,0,0,0
0203G2,150.1,0.086416667,240.1,0.283472222,270.1,0.351222222,300.1,0.408777778,0.395977858,0.01520271,0.012260505,2,18,0.518560441,4.119821842,-0.017642851,0.383366667,0.444841667,17,0.527472222,0.524342592,630.1,2220.1,-6.12E-05,4200.1,8430.1,-2.01E-05,0.413867371,0.013424977,0,0,0
0203G2,150.1,0.085416667,240.1,0.289472222,270.1,0.365222222,300.1,0.411777778,0.406839365,0.016748808,0.012013026,2,18,0.526438475,4.085383744,-0.017663523,0.390566667,0.453141667,17,0.536472222,0.533675926,600.1,2220.1,-5.90E-05,4200.1,8430.1,-1.99E-05,0.418494131,0.013269018,0,0,0
0203G2,150.1,0.086416667,240.1,0.290472222,270.1,0.363222222,300.1,0.411777778,0.404109129,0.016763574,0.011957226,2,18,0.529266224,4.101223985,-0.017597183,0.390566667,0.454141667,17,0.537472222,0.535342592,630.1,2430.1,-6.05E-05,4200.1,8430.1,-1.98E-05,0.414163146,0.013372072,0,0,0
0204G2,120.1,0.088,240.1,0.413472222,270.1,0.475222222,300.1,0.510777778,0.38681338,0.026692376,0.011647276,2,23,0.645486529,3.705226003,-0.017321387,0.505566667,0.564041667,23,0.670972222,0.666277778,810.1,4380.1,-5.47E-05,7050.1,8430.1,-2.39E-05,0.512130615,0.006406974,0,0,0
0204G2,120.1,0.081,240.1,0.427472222,270.1,0.492222222,300.1,0.530777778,0.415860038,0.024559488,0.012158851,2,22,0.658099202,3.977586294,-0.018737799,0.524766667,0.583641667,21,0.679777778,0.675444445,690.1,4320.1,-6.32E-05,4350.1,8430.1,-2.75E-05,0.51397425,0.017021842,0,0,0
0204G2,60.1,0.050166667,240.1,0.439472222,270.1,0.498222222,300.1,0.535777778,0.361703952,0.025728321,0.012001914,3,22,0.67211873,3.722809355,-0.017466029,0.530766667,0.591341667,21,0.693777778,0.689777778,720.1,4380.1,-6.44E-05,4410.1,8430.1,-2.81E-05,0.524325514,0.017019932,0,0,0
0204G2,120.1,0.105,240.1,0.420472222,270.1,0.492222222,300.1,0.540777778,0.346854517,0.035312583,0.010620165,2,21,0.671886054,3.555496395,-0.016837781,0.524766667,0.589141667,21,0.689777778,0.686777778,690.1,4350.1,-5.74E-05,4380.1,8430.1,-3.06E-05,0.531061683,0.018525628,0,0,0
0205G2,90.1,0.064333333,210.1,0.368305556,240.1,0.429472222,270.1,0.463222222,0.436208753,0.022660012,0.013443262,2,16,0.542721446,3.927519466,-0.021701986,0.450355556,0.498038889,15,0.558861111,0.551259259,540.1,900.1,-0.000120136,4230.1,8430.1,-2.23E-05,0.446234634,0.014784414,0,0,0
0205G2,90.1,0.055333333,240.1,0.407472222,270.1,0.446222222,300.1,0.469777778,0.399319454,0.026902624,0.011547503,3,16,0.530989469,4.122974659,-0.021675141,0.464166667,0.500141667,15,0.547861111,0.537592592,1020.1,2160.1,-8.86E-05,4230.1,8430.1,-1.51E-05,0.414170804,0.010664891,0,0,0
0205G2,90.1,0.059333333,210.1,0.369305556,240.1,0.432472222,270.1,0.465222222,0.457113278,0.019014431,0.014274816,3,16,0.542844396,4.14859396,-0.022698185,0.451755556,0.499738889,15,0.560861111,0.553259259,540.1,1230.1,-5.97E-05,4200.1,8430.1,-2.26E-05,0.438163146,0.015013937,0,0,0
0205G2,90.1,0.065333333,210.1,0.376305556,240.1,0.439472222,270.1,0.475222222,0.437724774,0.022208943,0.013638751,3,16,0.553377566,4.014721502,-0.022158279,0.460555556,0.508738889,15,0.566861111,0.562592592,540.1,2130.1,-5.96E-05,4200.1,8430.1,-1.77E-05,0.426557512,0.011891837,0,0,0
0206G2,150.1,0.082416667,270.1,0.370222222,300.1,0.440777778,330.1,0.455,0.375578935,0.020806726,0.010740862,3,20,0.574743217,4.057185319,-0.01668517,0.450211111,0.505872222,19,0.594777778,0.591833333,720.1,4320.1,-6.23E-05,4350.1,8430.1,-2.35E-05,0.44676987,0.01475983,0,0,0
0206G2,150.1,0.090416667,270.1,0.390222222,300.1,0.445777778,330.1,0.473,0.365571939,0.02619843,0.010068285,3,19,0.58315997,4.03826645,-0.017014461,0.465011111,0.521172222,19,0.603777778,0.6025,690.1,2190.1,-0.000102718,4230.1,8430.1,-2.35E-05,0.451596336,0.015307134,0,0,0
0206G2,150.1,0.103416667,270.1,0.403222222,300.1,0.464777778,330.1,0.514,0.340180423,0.034452872,0.009170481,3,19,0.624702991,3.791770569,-0.015918833,0.489611111,0.551972222,18,0.640333333,0.633527778,690.1,4320.1,-6.54E-05,4350.1,8430.1,-2.34E-05,0.475134834,0.014623976,0,0,0
0206G2,150.1,0.064416667,300.1,0.413777778,330.1,0.434,360.1,0.457361111,0.371991332,0.017961164,0.010597083,3,20,0.533192959,4.623402701,-0.018629841,0.452138889,0.494588889,19,0.557777778,0.551833333,660.1,2190.1,-9.00E-05,4200.1,8430.1,-1.80E-05,0.41939554,0.012230737,0,0,0
0207G2,90.1,0.081333333,240.1,0.468472222,270.1,0.513222222,300.1,0.528777778,0.350184175,0.047090851,0.009926259,2,17,0.586378395,3.659195458,-0.020998407,0.521766667,0.559541667,23,0.615972222,0.609611111,630.1,2220.1,-7.59E-05,4230.1,8430.1,-2.30E-05,0.480454492,0.014954326,0,0,0
0207G2,90.1,0.072333333,240.1,0.493472222,270.1,0.532222222,300.1,0.547777778,0.384036302,0.040219489,0.010778167,2,16,0.600131821,4.140143631,-0.023486251,0.543766667,0.580641667,22,0.639166667,0.637638889,660.1,4350.1,-6.11E-05,4380.1,8430.1,-2.55E-05,0.482289624,0.015882857,0,0,0
0207G2,60.1,0.041166667,240.1,0.490472222,270.1,0.528222222,300.1,0.543777778,0.412956628,0.038219214,0.011017454,2,18,0.602774534,4.071366185,-0.023094794,0.539366667,0.576441667,22,0.633166667,0.631972222,660.1,4380.1,-6.03E-05,4410.1,8430.1,-2.53E-05,0.480688477,0.015620091,0,0,0
0207G2,90.1,0.057333333,240.1,0.474472222,270.1,0.507222222,300.1,0.521777778,0.422664178,0.032410854,0.011494834,2,19,0.579661563,4.304792621,-0.023773613,0.517366667,0.552141667,23,0.604972222,0.601277778,660.1,4350.1,-5.63E-05,4380.1,7500.1,-2.18E-05,0.472333069,0.011152301,0,0,0
0208G2,60.1,0.064166667,210.1,0.355305556,240.1,0.425472222,270.1,0.470222222,0.342298854,0.03144082,0.011610324,2,17,0.612463515,3.279991516,-0.016636283,0.457955556,0.527738889,16,0.620222222,0.609851852,510.1,2160.1,-0.000113806,4680.1,8430.1,-2.15E-05,0.382028439,0.012551077,0,0,0
0208G2,60.1,0.075166667,210.1,0.365305556,240.1,0.430472222,270.1,0.478222222,0.316205254,0.040777751,0.01058132,2,17,0.612187067,3.032752018,-0.01598467,0.464555556,0.530738889,16,0.617222222,0.607185185,510.1,2160.1,-0.000113667,4230.1,8430.1,-1.72E-05,0.409489953,0.012095853,0,0,0
0208G2,60.1,0.072166667,210.1,0.373305556,240.1,0.436472222,270.1,0.487222222,0.328683801,0.038280266,0.010877758,2,17,0.485253427,0.671656172,-0.009181189,0.470755556,0.536938889,16,0.626222222,0.613851852,510.1,2160.1,-0.000129285,4230.1,8430.1,-1.66E-05,0.407596336,0.011548329,0,0,0
0208G2,60.1,0.073166667,210.1,0.353305556,240.1,0.434472222,270.1,0.487222222,0.314918666,0.038507973,0.010608256,2,16,0.632057478,3.128276464,-0.015801406,0.466355556,0.537538889,15,0.630861111,0.616259259,510.1,2190.1,-0.000122215,4200.1,8430.1,-2.36E-05,0.38389554,0.015583323,0,0,0
0209G2,60.1,0.069166667,240.1,0.458472222,270.1,0.502222222,300.1,0.538777778,0.315230108,0.039504188,0.010455149,2,15,0.636269823,3.406981543,-0.01762743,0.529166667,0.577541667,15,0.638861111,0.635259259,510.1,2160.1,-9.82E-05,4230.1,8430.1,-2.04E-05,0.434894208,0.013785275,0,0,0
0209G2,90.1,0.079333333,240.1,0.440472222,270.1,0.491222222,300.1,0.526777778,0.3428378,0.037066124,0.010536661,2,16,0.635933662,3.484299984,-0.017483783,0.518766667,0.572141667,15,0.639861111,0.634259259,540.1,2160.1,-8.61E-05,4200.1,8430.1,-2.01E-05,0.44395892,0.013591536,0,0,0
0209G2,60.1,0.054166667,240.1,0.450472222,270.1,0.497222222,300.1,0.533777778,0.353038449,0.038735885,0.010498614,2,16,0.640794608,3.460206665,-0.017704525,0.527966667,0.580241667,15,0.647861111,0.641259259,540.1,2190.1,-9.07E-05,4200.1,8430.1,-2.14E-05,0.446719484,0.014293495,0,0,0
0209G2,90.1,0.087333333,240.1,0.463472222,270.1,0.508222222,300.1,0.544777778,0.333802848,0.043586789,0.010161787,2,15,0.635127159,3.475631408,-0.018436137,0.535566667,0.584141667,15,0.646861111,0.641592592,510.1,2160.1,-9.83E-05,4230.1,8430.1,-2.17E-05,0.443865839,0.014505963,0,0,0
0210G2,30.1,0.093916667,180.1,0.305444444,210.1,0.405305556,240.1,0.449472222,0.235872008,0.08354054,0.00698464,2,15,0.587001532,2.335104402,-0.014210678,0.439844444,0.494836111,21,0.590777778,0.575777778,600.1,2460.1,-0.000130483,4230.1,7410.1,-3.23E-05,0.404851506,0.016425854,0,0,0
0210G2,30.1,0.116916667,240.1,0.464472222,270.1,0.506222222,300.1,0.550777778,0.197062903,0.08974872,0.007015946,2,15,0.593680557,2.251278721,-0.014209754,0.521166667,0.545741667,23,0.599972222,0.595611111,630.1,2490.1,-0.000135811,0,0,0,0,0,0,0,0
0210G2,30.1,0.109916667,240.1,0.460472222,270.1,0.503222222,300.1,0.530777778,0.204647147,0.086104998,0.00713634,2,16,0.568799805,2.281701089,-0.014731447,0.508366667,0.530441667,31,0.616916667,0.606083334,870.1,2760.1,-0.00014991,4230.1,7410.1,-3.41E-05,0.407234683,0.017211204,0,0,0
0210G2,30.1,0.117916667,240.1,0.477472222,270.1,0.514222222,300.1,0.553777778,0.199789689,0.091593462,0.007058285,2,16,0.59149603,2.254929048,-0.014676029,0.528166667,0.551741667,31,0.638916667,0.624416667,870.1,4320.1,-8.21E-05,4350.1,7410.1,-3.00E-05,0.403092233,0.01457719,0,0,0
0211G2,90.1,0.091333333,240.1,0.484472222,270.1,0.517222222,300.1,0.535777778,0.333708856,0.052086996,0.009628504,2,18,0.614551754,3.437634341,-0.019584357,0.536566667,0.578841667,23,0.658972222,0.651944444,720.1,2130.1,-4.83E-05,4200.1,8430.1,-3.34E-05,0.541965962,0.021330126,0,0,0
0211G2,90.1,0.112333333,240.1,0.495472222,270.1,0.524222222,300.1,0.543777778,0.296808131,0.06505095,0.008789021,2,23,0.547475123,-0.112628501,-0.006597597,0.543966667,0.587441667,23,0.670972222,0.665277778,720.1,5040.1,-4.83E-05,5070.1,7500.1,-3.60E-05,0.530378388,0.013730893,0,0,0
0211G2,30.1,0.070916667,180.1,0.363444444,210.1,0.454305556,240.1,0.494472222,0.326824193,0.045838953,0.011572546,2,23,0.557830504,-0.164740367,-0.006617899,0.477244444,0.543836111,23,0.677972222,0.672277778,720.1,2190.1,-6.33E-05,4170.1,7470.1,-3.10E-05,0.545328328,0.015924694,0,0,0
0211G2,30.1,0.073916667,240.1,0.480472222,270.1,0.517222222,300.1,0.536777778,0.26740444,0.062324554,0.008872736,2,22,0.642590798,2.700126716,-0.015215379,0.532566667,0.578841667,22,0.666166667,0.663972222,690.1,2190.1,-5.97E-05,4890.1,7500.1,-3.25E-05,0.535675505,0.013401423,0,0,0
0212G2,150.1,0.135416667,270.1,0.494222222,300.1,0.526777778,330.1,0.535,0.323657203,0.040215652,0.009526636,2,17,0.590290319,4.386012178,-0.021807332,0.534211111,0.569472222,21,0.615777778,0.613777778,630.1,2220.1,-7.10E-05,4200.1,8430.1,-2.61E-05,0.477754695,0.017017268,0,0,0
0212G2,120.1,0.094,270.1,0.526222222,300.1,0.554777778,330.1,0.566,0.344485763,0.046927702,0.009271534,2,17,0.616939962,4.202668968,-0.021886214,0.565611111,0.598572222,19,0.638777778,0.6375,600.1,4320.1,-5.08E-05,4350.1,8430.1,-2.97E-05,0.485806367,0.018418965,0,0,0
0212G2,120.1,0.064,270.1,0.493222222,300.1,0.523777778,330.1,0.531,0.408415349,0.031974684,0.010393832,3,18,0.581240585,4.79010965,-0.023769898,0.530411111,0.562572222,20,0.603388889,0.600981482,600.1,4320.1,-4.94E-05,4350.1,8430.1,-2.79E-05,0.459631184,0.017453209,0,0,0
0212G2,120.1,0.066,270.1,0.477222222,300.1,0.512777778,330.1,0.517,0.395665503,0.023707664,0.011372246,2,18,0.56485024,5.073012426,-0.024498493,0.515411111,0.545872222,19,0.584777778,0.584166667,600.1,2190.1,-7.83E-05,4200.1,8430.1,-2.50E-05,0.447860329,0.016505651,0,0,0
0213G2,120.1,0.076,210.1,0.307305556,240.1,0.383472222,270.1,0.437222222,0.46570307,0.014153245,0.014730732,3,17,0.534383039,4.141592673,-0.02067402,0.413555556,0.471538889,16,0.554222222,0.547518518,570.1,2160.1,-0.000121985,4200.1,8430.1,-1.70E-05,0.377092723,0.011817177,0,0,0
0213G2,90.1,0.063333333,210.1,0.328305556,240.1,0.401472222,270.1,0.455222222,0.411383242,0.019756673,0.01346943,2,17,0.551827131,3.795660977,-0.019445278,0.430955556,0.487938889,16,0.570222222,0.562851852,570.1,1260.1,-0.000180122,4200.1,8430.1,-1.86E-05,0.414599765,0.012635495,0,0,0
0213G2,120.1,0.097,210.1,0.322305556,240.1,0.401472222,270.1,0.441222222,0.400263016,0.024407701,0.012419872,2,17,0.547409774,3.619218475,-0.018656406,0.424155556,0.481938889,16,0.566222222,0.557851852,570.1,2190.1,-0.000126714,4200.1,8430.1,-1.90E-05,0.373212441,0.012995958,0,0,0
0213G2,120.1,0.094,210.1,0.318305556,240.1,0.392472222,270.1,0.442222222,0.406572336,0.025490631,0.012135447,2,17,0.542476634,3.571825231,-0.018408949,0.419755556,0.476738889,16,0.558222222,0.551518518,570.1,2130.1,-0.000120737,4230.1,8430.1,-2.00E-05,0.378593512,0.01345809,0,0,0
0214G2,60.1,0.113166667,210.1,0.537305556,240.1,0.581472222,270.1,0.631222222,0.311541055,0.073718636,0.009758018,3,16,0.705750698,3.015540618,-0.019854646,0.624155556,0.663438889,18,0.711333333,0.709861111,570.1,4410.1,-6.09E-05,7050.1,8430.1,-1.75E-05,0.536747636,0.006399198,0,0,0
0214G2,60.1,0.121166667,210.1,0.547305556,240.1,0.588472222,270.1,0.637222222,0.301568048,0.084213798,0.00921739,2,19,0.614138046,-0.216216674,-0.007224765,0.630755556,0.666538889,18,0.710333333,0.706861111,540.1,2220.1,-7.89E-05,4200.1,8430.1,-2.28E-05,0.551670188,0.0147261,0,0,0
0214G2,60.1,0.122166667,180.1,0.486444444,210.1,0.549305556,240.1,0.593472222,0.345434116,0.07068066,0.010895356,2,16,0.708131936,2.750590149,-0.019223919,0.593044444,0.646736111,18,0.707333333,0.706194444,540.1,4830.1,-6.04E-05,4860.1,8430.1,-2.48E-05,0.550920833,0.013526929,0,0,0
0214G2,60.1,0.105166667,210.1,0.556305556,240.1,0.605472222,270.1,0.649222222,0.333154262,0.073435971,0.009930997,2,12,0.710724309,3.082309228,-0.020679622,0.638955556,0.669238889,18,0.706333333,0.704194444,570.1,2190.1,-5.31E-05,4200.1,8430.1,-3.11E-05,0.584402582,0.019686435,0,0,0
0215G2,60.1,0.075166667,240.1,0.466472222,270.1,0.510222222,300.1,0.542777778,0.304248433,0.050439568,0.009422953,2,17,0.63964826,3.083874049,-0.016336215,0.535566667,0.584641667,16,0.652222222,0.641851852,1290.1,2220.1,-5.63E-05,4830.1,8430.1,-2.61E-05,0.549506658,0.014702097,0,0,0
0215G2,60.1,0.080166667,240.1,0.433472222,270.1,0.487222222,300.1,0.517777778,0.281286652,0.055007836,0.009001669,2,17,0.606149552,2.979965652,-0.016413532,0.506366667,0.556041667,16,0.616222222,0.612851852,1320.1,2220.1,-6.08E-05,4860.1,8430.1,-2.77E-05,0.514995833,0.015295638,0,0,0
0215G2,60.1,0.095166667,270.1,0.497222222,300.1,0.522777778,330.1,0.543,0.236201044,0.070446911,0.007448198,2,17,0.626012188,2.788849171,-0.01478931,0.542011111,0.581372222,16,0.627222222,0.621185185,1320.1,2250.1,-6.38E-05,4860.1,8430.1,-2.82E-05,0.522170833,0.015519241,0,0,0
0215G2,60.1,0.103166667,270.1,0.494222222,300.1,0.520777778,330.1,0.541,0.223805636,0.07459879,0.007198604,2,16,0.634944975,2.654691134,-0.013962959,0.542011111,0.583272222,16,0.626222222,0.625518518,990.1,4830.1,-4.21E-05,4860.1,8430.1,-2.92E-05,0.522204167,0.015980832,0,0,0
0216G2,90.1,0.117333333,240.1,0.505472222,270.1,0.541222222,300.1,0.558777778,0.29209484,0.05954598,0.009171489,2,21,0.669306722,2.852632888,-0.015733399,0.558366667,0.607141667,21,0.684777778,0.683444445,660.1,2190.1,-5.60E-05,4170.1,8430.1,-3.34E-05,0.552185315,0.021440936,0,0,0
0216G2,60.1,0.102166667,240.1,0.517472222,270.1,0.558222222,300.1,0.577777778,0.270391729,0.069427648,0.008679454,2,20,0.690500553,2.724709636,-0.015373117,0.575766667,0.627741667,19,0.704777778,0.702166667,630.1,2220.1,-7.99E-05,4170.1,7500.1,-2.95E-05,0.560063244,0.015317093,0,0,0
0216G2,60.1,0.083166667,240.1,0.479472222,270.1,0.526222222,300.1,0.551777778,0.291973222,0.051593534,0.009577257,3,19,0.661132322,3.061948015,-0.016306089,0.546166667,0.599941667,20,0.678388889,0.677648148,630.1,2220.1,-7.66E-05,4170.1,7470.1,-2.79E-05,0.542535536,0.014584068,0,0,0
0216G2,60.1,0.085166667,240.1,0.512472222,270.1,0.552222222,300.1,0.570777778,0.299106064,0.049807067,0.0099269,2,20,0.56603147,-0.102784897,-0.006473728,0.568366667,0.619141667,20,0.696388889,0.694314815,630.1,2220.1,-6.57E-05,4200.1,8430.1,-3.08E-05,0.555381455,0.019782662,0,0,0
0401J2,90.1,0.055888889,210.1,0.295305556,240.1,0.389833333,270.1,0.467916667,0.416161252,0.017393272,0.013504625,2,16,0.561800583,4.226054554,-0.020712856,0.429738889,0.491136111,15,0.566972222,0.560490741,540.1,2220.1,-5.36E-05,2250.1,7200.1,-2.65E-05,0.462711345,0.01963649,0,0,0
0401J2,120.1,0.085444444,240.1,0.398833333,270.1,0.477916667,300.1,0.498361111,0.385169308,0.025110676,0.011682332,2,16,0.572605459,4.222139479,-0.020924389,0.487238889,0.528763889,15,0.576972222,0.572490741,540.1,2220.1,-5.80E-05,2250.1,7230.1,-2.77E-05,0.467570359,0.020561187,0,0,0
0401J2,120.1,0.079444444,240.1,0.400833333,270.1,0.475916667,300.1,0.493361111,0.404621938,0.021806204,0.012228059,2,16,0.568514348,4.389777904,-0.021535223,0.485038889,0.525763889,16,0.575638889,0.569666667,540.1,2220.1,-5.38E-05,2250.1,7230.1,-3.00E-05,0.46627958,0.022322824,0,0,0
0401J2,90.1,0.050888889,240.1,0.392833333,270.1,0.472916667,300.1,0.492361111,0.408748165,0.022294234,0.012109099,4,16,0.577074411,4.254485232,-0.020712096,0.484238889,0.529563889,16,0.584638889,0.58,540.1,2160.1,-5.16E-05,2190.1,7230.1,-2.89E-05,0.476700526,0.021610079,0,0,0
0402J2,210.1,0.113305556,300.1,0.360361111,330.1,0.457277778,360.1,0.506805556,0.385672803,0.009548685,0.012136532,6,21,0.60485996,5.712109434,-0.020213555,0.479255556,0.537494445,20,0.626416667,0.622462963,720.1,5070.1,-6.39E-05,5490.1,7230.1,-3.35E-05,0.452070621,0.010046439,0,0,0
0402J2,150.1,0.044722222,330.1,0.450277778,360.1,0.511805556,390.1,0.528861111,0.384899027,0.011101201,0.011351823,6,21,0.605030329,5.669877109,-0.020037428,0.522311111,0.563491667,21,0.624333333,0.622111111,720.1,5070.1,-6.58E-05,5100.1,7230.1,-3.27E-05,0.450489198,0.011426316,0,0,0
0402J2,210.1,0.113305556,360.1,0.512805556,390.1,0.528861111,420.1,0.543972222,0.301961707,0.02438305,0.008641137,2,21,0.601421336,5.78345099,-0.02053135,0.546333333,0.578822222,20,0.620416667,0.616796296,720.1,5070.1,-6.40E-05,0,0,0,0,0,0,0,0
0402J2,210.1,0.112305556,360.1,0.495805556,390.1,0.516861111,420.1,0.531972222,0.296992098,0.021855826,0.008824919,6,21,0.589829467,5.796919557,-0.020257786,0.532533333,0.565222222,20,0.607416667,0.603796296,720.1,5040.1,-6.17E-05,5070.1,7230.1,-3.01E-05,0.444697869,0.01092967,0,0,0
0403J2,90.1,0.089888889,240.1,0.691833333,270.1,0.719916667,300.1,0.719361111,0.408154147,0.060281938,0.010524924,2,11,0.746253454,4.898840041,-0.030310628,0.712638889,0.710163889,10,0.719916667,0.71037037,510.1,7650.1,-6.41E-05,7680.1,8310.1,-1.16E-05,0.483604798,0.003841376,0,0,0
0403J2,90.1,0.089888889,240.1,0.691833333,270.1,0.727916667,300.1,0.724361111,0.408154147,0.063987231,0.010284308,2,11,0.748836756,4.853473374,-0.030312087,0.716838889,0.715163889,10,0.727916667,0.714703704,510.1,7680.1,-6.67E-05,0,0,0,0,0,0,0,0
0403J2,90.1,0.077888889,240.1,0.669833333,270.1,0.722916667,300.1,0.720361111,0.430349123,0.058255377,0.010572039,2,13,0.73214676,5.159463287,-0.031865044,0.712238889,0.716063889,12,0.726277778,0.722814815,510.1,7680.1,-6.84E-05,0,0,0,0,0,0,0,0
0403J2,90.1,0.080888889,240.1,0.666833333,270.1,0.716916667,300.1,0.716361111,0.421892733,0.060044018,0.010417852,2,11,0.737267736,4.894287923,-0.030169502,0.705438889,0.709163889,10,0.716916667,0.700037037,510.1,7680.1,-6.74E-05,0,0,0,0,0,0,0,0
0404J2,90.1,0.049888889,240.1,0.458833333,270.1,0.512916667,300.1,0.534361111,0.443777745,0.020765939,0.01312952,2,20,0.625772608,4.372081782,-0.021714442,0.526438889,0.575163889,21,0.657333333,0.655777778,690.1,5700.1,-3.82E-05,0,0,0,0,0,0,0,0
0404J2,120.1,0.073444444,240.1,0.458833333,270.1,0.511916667,300.1,0.530361111,0.458039445,0.022509936,0.012765751,3,22,0.626513085,4.280461821,-0.021196996,0.524238889,0.570663889,22,0.655583333,0.651129629,720.1,5100.1,-3.57E-05,5130.1,7260.1,-3.98E-05,0.532197917,0.013278254,0,0,0
0404J2,120.1,0.069444444,240.1,0.462833333,270.1,0.516916667,300.1,0.535361111,0.474209988,0.020219243,0.013235476,2,23,0.537039438,-0.11996653,-0.005761602,0.528438889,0.574963889,22,0.665583333,0.659129629,720.1,5070.1,-3.62E-05,0,0,0,0,0,0,0,0
0404J2,90.1,0.042888889,270.1,0.511916667,300.1,0.527361111,330.1,0.546277778,0.413258176,0.031636039,0.010634315,2,21,0.624814612,4.408164224,-0.021512498,0.548844445,0.588044445,21,0.655333333,0.653777778,690.1,5100.1,-3.04E-05,5130.1,7290.1,-3.93E-05,0.543513318,0.013315329,0,0,0
0405J2,90.1,0.086888889,240.1,0.646833333,270.1,0.692916667,300.1,0.700361111,0.401491699,0.050360957,0.010970466,2,12,0.720047252,4.904355719,-0.029226594,0.686238889,0.683363889,12,0.701277778,0.697148148,480.1,7650.1,-6.74E-05,7680.1,8310.1,3.75E-06,0.411968434,0.004075441,0,0,0
0405J2,90.1,0.098888889,240.1,0.650833333,270.1,0.702916667,300.1,0.695361111,0.376851341,0.06134927,0.010174606,2,13,0.71237683,4.589155412,-0.02841959,0.687638889,0.684363889,10,0.702916667,0.683037037,480.1,7650.1,-6.70E-05,7680.1,8310.1,-2.57E-06,0.414241162,0.003627369,0,0,0
0405J2,60.1,0.065222222,240.1,0.647833333,270.1,0.695916667,300.1,0.710361111,0.38263887,0.052206812,0.010850615,2,12,0.733074532,4.489373154,-0.026937984,0.692438889,0.690963889,12,0.711277778,0.706148148,480.1,7650.1,-6.68E-05,7680.1,8310.1,-4.00E-06,0.423786616,0.003730913,0,0,0
0405J2,60.1,0.054222222,240.1,0.636833333,270.1,0.679916667,300.1,0.700361111,0.410569526,0.04501012,0.011403881,2,12,0.718249271,4.807339431,-0.028396083,0.681038889,0.686163889,11,0.700361111,0.693185185,480.1,7650.1,-6.55E-05,7680.1,8310.1,1.42E-06,0.432059344,0.003173671,0,0,0
0406J2,120.1,0.069444444,270.1,0.513916667,300.1,0.536361111,330.1,0.559277778,0.400306812,0.030117324,0.010794406,2,21,0.637792087,4.476098827,-0.021315046,0.555844445,0.598244445,22,0.665583333,0.661129629,660.1,5070.1,-4.17E-05,5100.1,7170.1,-3.67E-05,0.522666667,0.012135524,0,0,0
0406J2,60.1,0.046222222,270.1,0.512916667,300.1,0.542361111,330.1,0.561277778,0.34380753,0.027958278,0.011032203,2,21,0.645114105,4.214722855,-0.019841352,0.558444445,0.601044445,22,0.671583333,0.667129629,690.1,5040.1,-4.30E-05,5070.1,7260.1,-3.69E-05,0.529037538,0.012880487,0,0,0
0406J2,120.1,0.070444444,270.1,0.506916667,300.1,0.534361111,330.1,0.549277778,0.394704451,0.027741056,0.011008739,2,21,0.631736305,4.429390871,-0.020798746,0.543644445,0.589344445,22,0.663583333,0.657129629,690.1,2250.1,-7.35E-05,5040.1,7230.1,-3.52E-05,0.524284535,0.012442577,0,0,0
0406J2,120.1,0.068444444,270.1,0.503916667,300.1,0.531361111,330.1,0.546277778,0.399277706,0.027831868,0.010974662,2,22,0.626504953,4.478964036,-0.021104775,0.545644445,0.587544445,22,0.652583333,0.649129629,690.1,2220.1,-4.80E-05,5070.1,7260.1,-3.65E-05,0.535632132,0.012678598,0,0,0
0407J2,30.1,0.098472222,240.1,0.689833333,270.1,0.706916667,300.1,0.708361111,0.278096503,0.092952544,0.008707603,2,11,0.777094369,3.061196991,-0.020252989,0.701838889,0.676063889,12,0.709277778,0.704148148,1260.1,7650.1,-8.16E-05,7680.1,8310.1,-6.41E-06,0.407786616,0.003776721,0,0,0
0407J2,30.1,0.063472222,240.1,0.688833333,270.1,0.728916667,300.1,0.723361111,0.34062814,0.070375871,0.00978664,2,11,0.807555033,3.398854633,-0.020452064,0.712638889,0.685163889,10,0.728916667,0.713703704,1170.1,7680.1,-7.87E-05,0,0,0,0,0,0,0,0
0407J2,30.1,0.082472222,240.1,0.684833333,270.1,0.720916667,300.1,0.714361111,0.302387709,0.077401463,0.009364588,2,13,0.753881322,3.335467548,-0.021437768,0.710638889,0.684663889,12,0.722277778,0.715814815,420.1,750.1,-0.000354377,1140.1,2550.1,-5.93E-05,0.650316551,0.013148593,0,0,0
0407J2,30.1,0.083472222,240.1,0.679833333,270.1,0.711916667,300.1,0.706361111,0.299619109,0.074463974,0.00948908,2,13,0.743726081,3.417509794,-0.021905057,0.703038889,0.679963889,12,0.716277778,0.707814815,420.1,750.1,-0.000373491,1170.1,2490.1,-5.33E-05,0.645133951,0.011053721,0,0,0
0408J2,30.1,0.081472222,240.1,0.500833333,270.1,0.514916667,300.1,0.528361111,0.259430178,0.062193434,0.008745,2,21,0.608501044,2.719556212,-0.015849699,0.531438889,0.564463889,20,0.626416667,0.61312963,990.1,1830.1,-6.10E-05,1860.1,4650.1,-2.17E-05,0.5490526,0.010974763,0,0,0
0408J2,30.1,0.049472222,210.1,0.375305556,240.1,0.463833333,270.1,0.494916667,0.337721528,0.041519853,0.010533613,2,21,0.583244197,3.093109586,-0.017301761,0.473738889,0.519036111,34,0.615055556,0.598342593,1050.1,1860.1,-7.42E-05,1890.1,3810.1,-4.63E-05,0.543726923,0.014594188,0,0,0
0408J2,30.1,0.066472222,210.1,0.387305556,240.1,0.473833333,270.1,0.506916667,0.293738298,0.054477366,0.009416572,2,21,0.594856714,2.793025238,-0.016177335,0.484138889,0.530336111,20,0.619416667,0.60312963,1020.1,3090.1,-4.90E-05,0,0,0,0,0,0,0,0
0408J2,30.1,0.073472222,270.1,0.498916667,300.1,0.511361111,330.1,0.524277778,0.23944146,0.069635031,0.007570073,2,21,0.587028602,2.766703915,-0.015694308,0.526244445,0.552544445,38,0.666611111,0.635009259,1140.1,1890.1,-0.00020754,0,0,0,0,0,0,0,0
0409J2,90.1,0.066888889,240.1,0.462833333,270.1,0.498916667,300.1,0.526361111,0.38686683,0.033604496,0.011159564,2,17,0.587287902,4.012974379,-0.021626646,0.517038889,0.557563889,27,0.621916667,0.616314815,690.1,5040.1,-3.89E-05,0,0,0,0,0,0,0,0
0409J2,90.1,0.065888889,240.1,0.463833333,270.1,0.500916667,300.1,0.525361111,0.390311094,0.033853549,0.011131198,4,17,0.591634629,3.992164539,-0.021425472,0.518438889,0.560463889,25,0.631166667,0.625398148,690.1,5040.1,-4.44E-05,0,0,0,0,0,0,0,0
0409J2,90.1,0.063888889,240.1,0.482833333,270.1,0.512916667,300.1,0.535361111,0.404505213,0.031424387,0.011596997,4,18,0.608908207,4.075711492,-0.021692992,0.530638889,0.574263889,24,0.647277778,0.643638889,690.1,5070.1,-4.39E-05,0,0,0,0,0,0,0,0
0409J2,90.1,0.074888889,240.1,0.465833333,270.1,0.502916667,300.1,0.526361111,0.365564476,0.035917108,0.010894493,4,20,0.602517851,3.762554219,-0.020042935,0.518838889,0.560163889,24,0.625277778,0.622638889,660.1,5040.1,-4.47E-05,5070.1,7230.1,-3.48E-05,0.487245814,0.011969184,0,0,0
0410J2,90.1,0.060888889,270.1,0.515916667,300.1,0.544361111,330.1,0.565277778,0.35614909,0.041619082,0.009674202,4,18,0.622368144,4.219261986,-0.0215014,0.558844445,0.598944445,19,0.649638889,0.648546296,630.1,5040.1,-4.40E-05,0,0,0,0,0,0,0,0
0410J2,90.1,0.067888889,270.1,0.513916667,300.1,0.543361111,330.1,0.560277778,0.33736479,0.039712245,0.009743405,2,19,0.627079528,3.925438334,-0.019531224,0.556444445,0.594544445,20,0.644416667,0.642462963,630.1,5040.1,-4.27E-05,0,0,0,0,0,0,0,0
0410J2,90.1,0.067888889,270.1,0.512916667,300.1,0.540361111,330.1,0.558277778,0.337040168,0.037122148,0.009972608,2,18,0.623393533,4.070256168,-0.02012298,0.556244445,0.594144445,20,0.645416667,0.642796296,630.1,5010.1,-4.13E-05,0,0,0,0,0,0,0,0
0410J2,150.1,0.140722222,270.1,0.498916667,300.1,0.527361111,330.1,0.545277778,0.316412798,0.042037434,0.009331369,2,18,0.614333603,3.986961464,-0.01939026,0.542444445,0.581744445,20,0.632416667,0.63012963,630.1,5010.1,-3.46E-05,0,0,0,0,0,0,0,0
0411J2,120.1,0.060444444,300.1,0.484361111,330.1,0.514277778,360.1,0.527805556,0.346851011,0.03116589,0.009431658,2,18,0.593384761,4.521616229,-0.01988585,0.529255556,0.565194445,17,0.615388889,0.604203704,600.1,2850.1,-4.74E-05,2880.1,5370.1,-2.76E-05,0.50690873,0.010863838,0,0,0
0411J2,150.1,0.105722222,300.1,0.502361111,330.1,0.531277778,360.1,0.543805556,0.31170082,0.040466947,0.008616223,2,18,0.610095887,4.38470152,-0.019478609,0.546255556,0.582094445,17,0.627388889,0.619537037,630.1,1320.1,-6.35E-05,0,0,0,0,0,0,0,0
0411J2,60.1,0.047222222,240.1,0.362833333,270.1,0.459916667,300.1,0.509361111,0.339846501,0.018487489,0.012560536,2,18,0.614733983,4.193711409,-0.018966949,0.483238889,0.545063889,17,0.627388889,0.62387037,600.1,1320.1,-6.96E-05,4200.1,5370.1,-3.70E-05,0.522256944,0.007760152,0,0,0
0411J2,60.1,0.045222222,240.1,0.347833333,270.1,0.446916667,300.1,0.498361111,0.340022472,0.02008291,0.012083776,2,18,0.60689505,4.05957605,-0.01827773,0.470438889,0.533963889,17,0.619388889,0.614537037,600.1,4080.1,-4.30E-05,5490.1,7260.1,-3.19E-05,0.4753,0.0098109,0,0,0
0412J2,60.1,0.162222222,240.1,0.710833333,270.1,0.728916667,300.1,0.731361111,0.246245142,0.106742818,0.008201205,2,13,0.772645866,2.854952174,-0.019814118,0.727638889,0.715763889,12,0.738277778,0.732814815,450.1,780.1,-0.000335897,0,0,0,0,0,0,0,0
0412J2,30.1,0.116472222,240.1,0.713833333,270.1,0.730916667,300.1,0.734361111,0.258999529,0.105933817,0.008295177,2,13,0.770806201,2.93205523,-0.020584574,0.729638889,0.711263889,12,0.741277778,0.734481482,420.1,960.1,-0.000283986,0,0,0,0,0,0,0,0
0412J2,30.1,0.118472222,240.1,0.713833333,270.1,0.739916667,300.1,0.731361111,0.256567284,0.096504238,0.008630929,2,13,0.778332872,3.013073997,-0.020304186,0.732838889,0.716463889,12,0.742277778,0.736814815,420.1,1110.1,-0.000227202,0,0,0,0,0,0,0,0
0412J2,30.1,0.111472222,240.1,0.684833333,270.1,0.719916667,300.1,0.718361111,0.259342867,0.093924873,0.008600277,2,13,0.756054581,3.063581974,-0.020636102,0.712838889,0.698863889,12,0.727277778,0.719814815,420.1,1200.1,-0.000288774,0,0,0,0,0,0,0,0
0413J2,120.1,0.057444444,240.1,0.336833333,270.1,0.399916667,300.1,0.433361111,0.442192489,0.010494926,0.014548018,4,17,0.520861479,4.738079406,-0.021591479,0.421038889,0.472763889,16,0.537638889,0.530666667,600.1,4410.1,-4.41E-05,5490.1,7200.1,-2.46E-05,0.390224138,0.00805193,0,0,0
0413J2,120.1,0.075444444,240.1,0.357833333,270.1,0.422916667,300.1,0.454361111,0.389167696,0.019369597,0.012285818,4,18,0.567054959,4.017975974,-0.018452774,0.446038889,0.503863889,17,0.580388889,0.575537037,600.1,4170.1,-4.71E-05,4200.1,7200.1,-2.70E-05,0.429993399,0.012914045,0,0,0
0413J2,90.1,0.062888889,240.1,0.380833333,270.1,0.444916667,300.1,0.472361111,0.360198466,0.025827031,0.011359445,4,17,0.57054679,3.820285976,-0.018424297,0.465238889,0.516963889,16,0.583638889,0.574,570.1,4080.1,-5.28E-05,5490.1,7230.1,-2.63E-05,0.418223164,0.008568202,0,0,0
0413J2,120.1,0.085444444,240.1,0.359833333,270.1,0.426916667,300.1,0.463361111,0.359443643,0.023092801,0.011579042,2,21,0.556719108,3.876958728,-0.018327615,0.448238889,0.500763889,18,0.571583333,0.56087037,600.1,3990.1,-5.17E-05,4770.1,7200.1,-2.47E-05,0.412003388,0.010322701,0,0,0
0414J2,120.1,0.115444444,270.1,0.505916667,300.1,0.536361111,330.1,0.564277778,0.295516511,0.051924979,0.008757583,2,21,0.629202071,3.731447874,-0.018948813,0.554244445,0.591644445,24,0.651277778,0.649972222,720.1,4320.1,-3.49E-05,0,0,0,0,0,0,0,0
0414J2,120.1,0.102444444,270.1,0.508916667,300.1,0.540361111,330.1,0.565277778,0.320592728,0.044466755,0.009328596,2,23,0.629299229,4.041332693,-0.020141024,0.557244445,0.591944445,24,0.648277778,0.644638889,720.1,5040.1,-3.72E-05,5070.1,7200.1,-3.48E-05,0.526399691,0.012022071,0,0,0
0414J2,90.1,0.055888889,270.1,0.488916667,300.1,0.516361111,330.1,0.540277778,0.361471078,0.034933755,0.010072645,2,23,0.531237247,-0.121248257,-0.005386852,0.531244445,0.567844445,22,0.627583333,0.624462963,720.1,4380.1,-3.87E-05,0,0,0,0,0,0,0,0
0414J2,120.1,0.078444444,270.1,0.480916667,300.1,0.508361111,330.1,0.527277778,0.36266067,0.029369231,0.010587954,2,23,0.503069069,-0.124057823,-0.005571883,0.520644445,0.553144445,22,0.609583333,0.605796296,720.1,2250.1,-5.18E-05,2280.1,7260.1,-2.71E-05,0.527015469,0.020217105,0,0,0
0415J2,120.1,0.061444444,270.1,0.445916667,300.1,0.479361111,330.1,0.498277778,0.396399734,0.022666632,0.011268297,5,19,0.557488928,4.872168477,-0.022805004,0.495844445,0.530044445,18,0.580583333,0.567203704,570.1,2370.1,-8.48E-05,2400.1,5370.1,-2.45E-05,0.441726111,0.011951245,0,0,0
0415J2,120.1,0.065444444,240.1,0.363833333,270.1,0.434916667,300.1,0.467361111,0.428873572,0.015546424,0.013317121,2,17,0.546723526,4.553889598,-0.021538909,0.451838889,0.501863889,16,0.567638889,0.558333333,570.1,3750.1,-5.77E-05,5490.1,7260.1,-2.32E-05,0.40735,0.008408329,0,0,0
0415J2,120.1,0.069444444,240.1,0.381833333,270.1,0.448916667,300.1,0.477361111,0.426114287,0.017666556,0.012975518,2,19,0.414752372,0.448059122,-0.008940585,0.462238889,0.510963889,16,0.606638889,0.568666667,570.1,2400.1,-0.000101551,2430.1,5370.1,-2.28E-05,0.431116723,0.011192522,0,0,0
0415J2,120.1,0.086444444,240.1,0.385833333,270.1,0.450916667,300.1,0.475361111,0.373975889,0.023791474,0.011762301,2,17,0.549795703,4.005155221,-0.019836087,0.463438889,0.506963889,16,0.564638889,0.555,570.1,3720.1,-6.17E-05,5490.1,7260.1,-2.08E-05,0.400033333,0.007957484,0,0,0
0416J2,120.1,0.090444444,240.1,0.359833333,270.1,0.455916667,300.1,0.481361111,0.345226294,0.0300606,0.010447671,4,18,0.596578227,3.715914734,-0.017212364,0.468638889,0.526863889,18,0.611583333,0.60887037,630.1,3780.1,-5.61E-05,5490.1,7260.1,-2.61E-05,0.451833333,0.008679027,0,0,0
0416J2,120.1,0.085444444,240.1,0.365833333,270.1,0.457916667,300.1,0.486361111,0.363577867,0.028391481,0.010788705,4,18,0.60226938,3.795375343,-0.017586385,0.473838889,0.533163889,18,0.618583333,0.61687037,600.1,3780.1,-5.93E-05,5490.1,7260.1,-2.73E-05,0.4489,0.008782092,0,0,0
0416J2,150.1,0.112722222,270.1,0.444916667,300.1,0.476361111,330.1,0.509277778,0.343240105,0.027911451,0.010341408,4,18,0.582678708,4.28581939,-0.019388147,0.500044445,0.543144445,18,0.596583333,0.595537037,600.1,3750.1,-5.52E-05,0,0,0,0,0,0,0,0
0416J2,150.1,0.090722222,240.1,0.316833333,270.1,0.410916667,300.1,0.456361111,0.416857847,0.018581941,0.012010721,4,17,0.548416196,4.525186529,-0.020421032,0.433838889,0.491063889,17,0.566388889,0.564537037,600.1,3720.1,-5.29E-05,5490.1,7290.1,-2.41E-05,0.41598725,0.008255044,0,0,0
0801H2,90.1,0.064029412,270.1,0.466764706,300.1,0.494352941,330.1,0.514823529,0.331080458,0.037331864,0.009642209,2,17,0.576138061,3.945650525,-0.019617497,0.512852941,0.545414706,16,0.589529412,0.581794118,570.1,2430.1,-0.000101053,3000.1,6090.1,-1.82E-05,0.422438348,0.009935066,0,0,0
0801H2,90.1,0.054029412,240.1,0.398882353,270.1,0.438764706,300.1,0.462352941,0.399827591,0.020074489,0.012576477,2,17,0.536471,4.217028622,-0.021044915,0.457417647,0.498182353,16,0.551529412,0.545127451,570.1,2430.1,-8.70E-05,2970.1,6090.1,-1.70E-05,0.406180112,0.009587239,0,0,0
0801H2,90.1,0.054029412,270.1,0.457764706,300.1,0.487352941,330.1,0.512823529,0.356137791,0.036460822,0.009666017,2,16,0.565816377,4.135500676,-0.02063396,0.510252941,0.536814706,15,0.579529412,0.567705883,540.1,2430.1,-8.18E-05,2940.1,6090.1,-1.96E-05,0.423691731,0.010447831,0,0,0
0801H2,90.1,0.065029412,270.1,0.475764706,300.1,0.501352941,330.1,0.524823529,0.331680626,0.046885835,0.00887862,2,16,0.583395504,3.767096196,-0.01937766,0.524452941,0.553114706,15,0.595529412,0.584372549,540.1,2460.1,-8.75E-05,2970.1,6090.1,-1.90E-05,0.437837255,0.010201855,0,0,0
0802H2,90.1,0.096029412,240.1,0.630882353,270.1,0.672764706,300.1,0.673352941,0.376492976,0.061930863,0.009971139,2,11,0.707572833,4.265289955,-0.026104166,0.666017647,0.668182353,13,0.677264706,0.67504902,480.1,3540.1,-6.63E-05,0,0,0,0,0,0,0,0
0802H2,90.1,0.091029412,240.1,0.631882353,270.1,0.678764706,300.1,0.679352941,0.387504113,0.056595513,0.010333397,2,11,0.720029348,4.28704118,-0.025565769,0.670817647,0.669782353,12,0.682823529,0.681147059,480.1,2460.1,-7.30E-05,0,0,0,0,0,0,0,0
0802H2,30.1,0.049058824,240.1,0.645882353,270.1,0.685764706,300.1,0.689352941,0.368228186,0.061492098,0.010158002,2,11,0.72710295,3.951237275,-0.02462931,0.680817647,0.680682353,13,0.692264706,0.689715686,480.1,2520.1,-6.92E-05,0,0,0,0,0,0,0,0
0802H2,30.1,0.059058824,240.1,0.683882353,270.1,0.698764706,300.1,0.700352941,0.349893134,0.074098746,0.009608811,2,11,0.740169145,3.72981543,-0.024433871,0.697217647,0.693882353,12,0.701823529,0.701147059,480.1,2490.1,-6.54E-05,0,0,0,0,0,0,0,0
0803H2,30.1,0.069058824,240.1,0.685882353,270.1,0.704764706,300.1,0.708352941,0.327963922,0.075044133,0.009610526,2,11,0.754390105,3.696419204,-0.02399494,0.693017647,0.664882353,11,0.708352941,0.704313725,1410.1,6390.1,-7.19E-05,0,0,0,0,0,0,0,0
0803H2,90.1,0.082029412,240.1,0.646882353,270.1,0.682764706,300.1,0.686352941,0.413017315,0.048557637,0.01107267,2,13,0.704613725,4.821478979,-0.02879799,0.678217647,0.650582353,12,0.694823529,0.687147059,1290.1,6390.1,-7.69E-05,0,0,0,0,0,0,0,0
0803H2,30.1,0.043058824,240.1,0.679882353,270.1,0.714764706,300.1,0.721352941,0.394193227,0.054070031,0.010895291,2,13,0.736685017,4.424709113,-0.027294433,0.708617647,0.679382353,12,0.727823529,0.716147059,1380.1,6390.1,-8.27E-05,0,0,0,0,0,0,0,0
0803H2,30.1,0.051058824,240.1,0.678882353,270.1,0.712764706,300.1,0.715352941,0.369638495,0.059602078,0.010506993,2,13,0.736278255,4.260625886,-0.026745343,0.707617647,0.679682353,12,0.721823529,0.715480392,420.1,780.1,-0.000228701,0,0,0,0,0,0,0,0
0804H2,90.1,0.077029412,210.1,0.327911765,240.1,0.410882353,270.1,0.449764706,0.36213931,0.028147525,0.011696586,2,17,0.401956126,0.407058713,-0.008795476,0.421547059,0.471644118,17,0.544323529,0.541715686,570.1,900.1,-0.000291128,2880.1,6090.1,-3.69E-05,0.459700708,0.018266527,0,0,0
0804H2,30.1,0.038058824,210.1,0.309911765,240.1,0.387882353,270.1,0.444764706,0.349525778,0.028161171,0.011536934,2,17,0.518889353,3.465963373,-0.018440199,0.411747059,0.461244118,16,0.529529412,0.522127451,570.1,990.1,-0.000175112,2970.1,6090.1,-3.58E-05,0.447265826,0.017361536,0,0,0
0804H2,30.1,0.042058824,210.1,0.321911765,240.1,0.402882353,270.1,0.451764706,0.339201379,0.029301989,0.011459402,2,19,0.520136932,3.394892283,-0.018306364,0.416547059,0.462144118,18,0.538294118,0.530607843,600.1,1080.1,-0.000265095,0,0,0,0,0,0,0,0
0804H2,30.1,0.050058824,210.1,0.284911765,240.1,0.375882353,270.1,0.430764706,0.289830124,0.033144371,0.010351042,2,17,0.524133844,3.253638376,-0.016717123,0.398547059,0.453844118,17,0.528323529,0.52604902,570.1,1140.1,-0.000166089,2970.1,6090.1,-3.70E-05,0.442237255,0.017773834,0,0,0
0805H2,30.1,0.062058824,240.1,0.664882353,270.1,0.691764706,300.1,0.691352941,0.338789629,0.061912084,0.010211108,2,13,0.716462035,3.981197193,-0.025180623,0.686417647,0.659382353,12,0.698823529,0.691813725,420.1,750.1,-0.000316104,0,0,0,0,0,0,0,0
0805H2,30.1,0.068058824,240.1,0.672882353,270.1,0.701764706,300.1,0.711352941,0.327314016,0.070248619,0.009736648,2,13,0.741765843,3.635183102,-0.023119917,0.703417647,0.679682353,12,0.722823529,0.714147059,420.1,750.1,-0.000343377,0,0,0,0,0,0,0,0
0805H2,30.1,0.059058824,240.1,0.668882353,270.1,0.701764706,300.1,0.708352941,0.346724889,0.065717709,0.0100057,2,12,0.744846721,3.779678342,-0.023689458,0.698817647,0.674582353,12,0.712823529,0.707813725,420.1,780.1,-0.000371558,0,0,0,0,0,0,0,0
0805H2,30.1,0.059058824,240.1,0.657882353,270.1,0.688764706,300.1,0.694352941,0.344356022,0.055620958,0.010585306,2,13,0.723086517,4.051607155,-0.024768491,0.687617647,0.664782353,12,0.703823529,0.697147059,450.1,810.1,-0.00030599,0,0,0,0,0,0,0,0
0806H2,90.1,0.063029412,210.1,0.324911765,240.1,0.409882353,270.1,0.449764706,0.409988045,0.027106384,0.012104882,2,16,0.556801762,3.644244537,-0.019085014,0.432947059,0.492344118,15,0.569529412,0.560705883,570.1,2460.1,-9.02E-05,2970.1,6120.1,-2.39E-05,0.421182575,0.012234248,0,0,0
0806H2,90.1,0.059029412,210.1,0.318911765,240.1,0.406882353,270.1,0.443764706,0.421719659,0.024318164,0.01251174,2,16,0.542237963,3.774096917,-0.019793645,0.425547059,0.482444118,15,0.557529412,0.547705883,540.1,2430.1,-8.48E-05,2970.1,6120.1,-2.33E-05,0.411512764,0.012113086,0,0,0
0806H2,90.1,0.048029412,270.1,0.415764706,300.1,0.443352941,330.1,0.459823529,0.359717653,0.030251781,0.009994131,2,17,0.518180147,4.138546847,-0.020257198,0.460452941,0.490914706,16,0.531529412,0.524794118,600.1,2430.1,-9.36E-05,2970.1,6120.1,-1.81E-05,0.39681465,0.010281263,0,0,0
0806H2,90.1,0.077029412,210.1,0.367911765,240.1,0.458882353,270.1,0.482764706,0.390913954,0.028930812,0.0122205,2,16,0.589168083,3.584410676,-0.019164689,0.469147059,0.527744118,16,0.603529412,0.599127451,570.1,2430.1,-0.000110484,2970.1,6090.1,-2.86E-05,0.443408683,0.014447102,0,0,0
0807H2,30.1,0.069058824,210.1,0.342911765,240.1,0.412882353,270.1,0.439764706,0.267085751,0.055306398,0.008625909,2,18,0.442802002,-0.096604714,-0.006786794,0.418347059,0.475244118,15,0.545529412,0.536372549,540.1,2400.1,-8.41E-05,3390.1,6120.1,-1.83E-05,0.383651321,0.009073279,0,0,0
0807H2,30.1,0.056058824,210.1,0.339911765,240.1,0.412882353,270.1,0.455764706,0.30038075,0.047331676,0.009496754,2,16,0.551112708,2.779456589,-0.015395256,0.426347059,0.483444118,15,0.549529412,0.543705883,540.1,1290.1,-0.000257747,4200.1,6090.1,-2.04E-05,0.396879902,0.008109463,0,0,0
0807H2,30.1,0.055058824,210.1,0.331911765,240.1,0.405882353,270.1,0.450764706,0.299411171,0.044550223,0.009564125,2,18,0.54275162,2.862079144,-0.015598189,0.419547059,0.476044118,17,0.541323529,0.53404902,540.1,1590.1,-0.000204072,3000.1,6090.1,-2.31E-05,0.414390271,0.013493845,0,0,0
0807H2,30.1,0.053058824,210.1,0.328911765,240.1,0.403882353,270.1,0.444764706,0.304064723,0.047499615,0.009335312,2,18,0.536543921,2.784578577,-0.015513172,0.417747059,0.472344118,17,0.541323529,0.528715686,540.1,1170.1,-0.000253092,3390.1,6090.1,-3.20E-05,0.415776018,0.01484519,0,0,0
0808H2,90.1,0.097029412,240.1,0.656882353,270.1,0.706764706,300.1,0.707352941,0.382498157,0.064862531,0.009927449,2,13,0.729561361,4.318823618,-0.026587204,0.700417647,0.701982353,12,0.716823529,0.712813725,480.1,6390.1,-6.57E-05,0,0,0,0,0,0,0,0
0808H2,90.1,0.082029412,240.1,0.643882353,270.1,0.698764706,300.1,0.700352941,0.412087632,0.053120188,0.010680205,2,13,0.72157895,4.646013309,-0.027717771,0.691617647,0.694682353,12,0.707823529,0.705147059,480.1,6390.1,-6.45E-05,0,0,0,0,0,0,0,0
0808H2,90.1,0.085029412,240.1,0.645882353,270.1,0.694764706,300.1,0.692352941,0.40552403,0.057110186,0.010403052,2,13,0.716543443,4.578054171,-0.027776693,0.688817647,0.693282353,13,0.706264706,0.703715686,510.1,6390.1,-6.53E-05,0,0,0,0,0,0,0,0
0808H2,30.1,0.057058824,240.1,0.663882353,270.1,0.699764706,300.1,0.701352941,0.350574603,0.065891398,0.009975816,2,13,0.723218044,3.979543938,-0.025556828,0.695817647,0.697782353,13,0.707264706,0.70604902,480.1,6390.1,-5.98E-05,0,0,0,0,0,0,0,0
0809H2,30.1,0.075058824,240.1,0.670882353,270.1,0.703764706,300.1,0.706352941,0.312903095,0.06862002,0.009799828,2,13,0.736942839,3.670606983,-0.023201527,0.699017647,0.679182353,12,0.714823529,0.706813725,420.1,780.1,-0.000458371,0,0,0,0,0,0,0,0
0809H2,30.1,0.089058824,240.1,0.688882353,270.1,0.711764706,300.1,0.715352941,0.292253344,0.07886267,0.009335557,2,11,0.785905749,3.302298691,-0.020736227,0.709417647,0.692682353,12,0.719823529,0.715480392,420.1,810.1,-0.000471601,0,0,0,0,0,0,0,0
0809H2,30.1,0.075058824,240.1,0.673882353,270.1,0.709764706,300.1,0.708352941,0.313540488,0.06947082,0.009744646,2,13,0.747713125,3.563714867,-0.022355174,0.705417647,0.691582353,12,0.717823529,0.714480392,450.1,840.1,-0.0004571,0,0,0,0,0,0,0,0
0809H2,30.1,0.086058824,240.1,0.690882353,270.1,0.711764706,300.1,0.715352941,0.297562642,0.083391595,0.00911053,2,14,0.737423997,3.35845053,-0.02250077,0.710017647,0.699382353,13,0.719264706,0.712382353,450.1,870.1,-0.000384433,0,0,0,0,0,0,0,0
0810H2,90.1,0.082029412,240.1,0.494882353,270.1,0.525764706,300.1,0.547352941,0.35944844,0.045959515,0.010133869,2,16,0.620069017,3.636884859,-0.020263533,0.547217647,0.588382353,21,0.655382353,0.650960784,630.1,2430.1,-9.13E-05,2970.1,6090.1,-2.71E-05,0.519913445,0.01361717,0,0,0
0810H2,90.1,0.078029412,240.1,0.479882353,270.1,0.512764706,300.1,0.533352941,0.363291029,0.043320118,0.010248402,2,22,0.621890295,3.5413496,-0.019114451,0.533217647,0.574282353,22,0.641970588,0.641098039,660.1,2460.1,-8.47E-05,2970.1,6090.1,-2.61E-05,0.512542017,0.013104533,0,0,0
0810H2,90.1,0.091029412,240.1,0.498882353,270.1,0.531764706,300.1,0.553352941,0.340237528,0.050013121,0.009810146,2,16,0.630855442,3.4792726,-0.019426987,0.553017647,0.596082353,21,0.664382353,0.660294118,660.1,2460.1,-8.68E-05,2940.1,6090.1,-2.92E-05,0.527210599,0.014305057,0,0,0
0810H2,90.1,0.075029412,240.1,0.468882353,270.1,0.504764706,300.1,0.522352941,0.366494339,0.043237047,0.01020311,2,22,0.611790176,3.520105578,-0.019061803,0.521817647,0.564682353,21,0.631382353,0.626627451,660.1,2460.1,-7.64E-05,2940.1,6090.1,-2.57E-05,0.512672863,0.013069432,0,0,0
0811H2,30.1,0.108058824,240.1,0.689882353,270.1,0.695764706,300.1,0.696352941,0.264835048,0.087514305,0.00889944,2,11,0.769164074,3.111432421,-0.02024752,0.694417647,0.678282353,12,0.700823529,0.695480392,420.1,780.1,-0.000379616,0,0,0,0,0,0,0,0
0811H2,30.1,0.087058824,240.1,0.672882353,270.1,0.710764706,300.1,0.713352941,0.292140925,0.084103883,0.008994209,2,13,0.749398627,3.287331816,-0.021555511,0.707417647,0.694382353,12,0.723823529,0.717813725,420.1,840.1,-0.00047334,0,0,0,0,0,0,0,0
0811H2,30.1,0.090058824,240.1,0.664882353,270.1,0.697764706,300.1,0.699352941,0.285592436,0.083918385,0.008931112,2,11,0.772870826,3.100412927,-0.019616184,0.693217647,0.684182353,12,0.703823529,0.701147059,450.1,1050.1,-0.000247568,0,0,0,0,0,0,0,0
0811H2,30.1,0.083058824,240.1,0.660882353,270.1,0.697764706,300.1,0.698352941,0.296289537,0.082072179,0.009016285,2,13,0.544223384,0.527156579,-0.011670004,0.692617647,0.685382353,12,0.705823529,0.701480392,450.1,960.1,-0.000317524,0,0,0,0,0,0,0,0
0812H2,30.1,0.090058824,180.1,0.309941176,210.1,0.401911765,240.1,0.442882353,0.247183894,0.065449826,0.008575622,2,19,0.56766422,2.407058795,-0.014616431,0.419170588,0.482105882,19,0.571205882,0.569676471,600.1,1620.1,-0.000108591,2970.1,6090.1,-3.02E-05,0.458961064,0.014626693,0,0,0
0812H2,30.1,0.077058824,180.1,0.292941176,210.1,0.381911765,240.1,0.436882353,0.267080549,0.05851041,0.008984358,2,21,0.464782407,-0.143990872,-0.006767497,0.404570588,0.464705882,20,0.554529412,0.550372549,630.1,1530.1,-0.000101784,2970.1,6090.1,-2.79E-05,0.454342017,0.013711394,0,0,0
0812H2,30.1,0.085058824,180.1,0.308941176,210.1,0.391911765,240.1,0.439882353,0.257961565,0.064099915,0.008727377,2,19,0.553663947,2.376525557,-0.014665744,0.412370588,0.471905882,27,0.564088235,0.552676471,660.1,1650.1,-0.000114028,2970.1,6090.1,-2.93E-05,0.467338609,0.014314073,0,0,0
0812H2,30.1,0.085058824,180.1,0.300941176,210.1,0.381911765,240.1,0.432882353,0.252714351,0.063752933,0.00862154,2,19,0.542016008,2.356550402,-0.014540431,0.402770588,0.461205882,26,0.566264706,0.558039216,720.1,1590.1,-0.00013167,3000.1,6090.1,-2.76E-05,0.460582579,0.013528531,0,0,0
0813H2,30.1,0.059058824,240.1,0.655882353,270.1,0.704764706,300.1,0.707352941,0.343921067,0.068681526,0.00972507,2,11,0.756439937,3.617025578,-0.02244277,0.695217647,0.692382353,12,0.707823529,0.705147059,480.1,6390.1,-6.22E-05,0,0,0,0,0,0,0,0
0813H2,30.1,0.066058824,240.1,0.674882353,270.1,0.723764706,300.1,0.720352941,0.331998967,0.07321356,0.009607335,2,13,0.743517832,3.776953868,-0.024467642,0.712617647,0.709482353,12,0.725823529,0.721480392,480.1,6390.1,-6.49E-05,0,0,0,0,0,0,0,0
0813H2,30.1,0.091058824,210.1,0.603911765,240.1,0.680882353,270.1,0.731764706,0.315320398,0.066265072,0.010721176,2,11,0.801608804,3.188782102,-0.020055281,0.697147059,0.707344118,12,0.735823529,0.732813725,480.1,6390.1,-6.01E-05,0,0,0,0,0,0,0,0
0813H2,30.1,0.075058824,240.1,0.665882353,270.1,0.710764706,300.1,0.712352941,0.311834412,0.075047001,0.009398146,2,11,0.771142549,3.409871857,-0.021261444,0.702217647,0.700682353,12,0.712823529,0.711480392,480.1,2520.1,-7.24E-05,0,0,0,0,0,0,0,0
0814H2,30.1,0.064058824,240.1,0.637882353,270.1,0.681764706,300.1,0.720352941,0.328336011,0.060609382,0.010093416,2,12,0.758275396,3.657571463,-0.021678918,0.696017647,0.701382353,12,0.721823529,0.720147059,510.1,6390.1,-6.85E-05,0,0,0,0,0,0,0,0
0814H2,30.1,0.069058824,240.1,0.672882353,270.1,0.726764706,300.1,0.728352941,0.325230263,0.073150661,0.009580875,2,11,0.77822997,3.580420185,-0.022354911,0.716817647,0.717982353,12,0.729823529,0.728147059,480.1,6390.1,-6.85E-05,0,0,0,0,0,0,0,0
0814H2,90.1,0.104029412,240.1,0.639882353,270.1,0.687764706,300.1,0.705352941,0.363322134,0.070164359,0.009493755,2,13,0.729799726,3.955328189,-0.024377747,0.692817647,0.698582353,12,0.717823529,0.712147059,510.1,6390.1,-6.65E-05,0,0,0,0,0,0,0,0
0814H2,30.1,0.068058824,240.1,0.698882353,270.1,0.701764706,300.1,0.702352941,0.332730004,0.078057956,0.009461247,2,13,0.728787072,3.699437672,-0.024962627,0.704417647,0.703582353,12,0.711823529,0.707147059,480.1,6390.1,-6.18E-05,0,0,0,0,0,0,0,0
0815H2,30.1,0.081058824,240.1,0.687882353,270.1,0.717764706,300.1,0.717352941,0.305491816,0.078454376,0.009379535,2,11,0.766591579,3.536583658,-0.022819583,0.711417647,0.707082353,12,0.718823529,0.717147059,480.1,6390.1,-6.81E-05,0,0,0,0,0,0,0,0
0815H2,30.1,0.083058824,240.1,0.679882353,270.1,0.708764706,300.1,0.709352941,0.30033867,0.075011668,0.009505715,2,11,0.767871421,3.495385536,-0.022071158,0.704417647,0.700682353,12,0.713823529,0.711147059,480.1,6390.1,-6.49E-05,0,0,0,0,0,0,0,0
0815H2,30.1,0.097058824,240.1,0.684882353,270.1,0.725764706,300.1,0.728352941,0.279132835,0.079053576,0.009285988,2,11,0.803267264,3.284421197,-0.020216191,0.717417647,0.713382353,11,0.728352941,0.726980392,480.1,6390.1,-6.79E-05,0,0,0,0,0,0,0,0
0815H2,30.1,0.112058824,240.1,0.705882353,270.1,0.731764706,300.1,0.728352941,0.262917805,0.094585334,0.008669305,2,13,0.763278742,3.173081484,-0.021562601,0.726217647,0.720082353,12,0.737823529,0.731147059,480.1,6390.1,-6.60E-05,0,0,0,0,0,0,0,0
0816H2,30.1,0.099058824,240.1,0.687882353,270.1,0.726764706,300.1,0.725352941,0.276843424,0.087845679,0.008884642,2,13,0.759557499,3.263345162,-0.021606941,0.719417647,0.715382353,12,0.731823529,0.727480392,480.1,6390.1,-7.03E-05,0,0,0,0,0,0,0,0
0816H2,30.1,0.097058824,240.1,0.669882353,270.1,0.715764706,300.1,0.713352941,0.275969268,0.0838298,0.008975013,2,13,0.747742308,3.300765613,-0.021596811,0.706617647,0.704082353,12,0.718823529,0.715813725,480.1,6390.1,-6.68E-05,0,0,0,0,0,0,0,0
0816H2,30.1,0.090058824,240.1,0.672882353,270.1,0.716764706,300.1,0.712352941,0.287301064,0.091563622,0.008672963,2,13,0.740878405,3.262515337,-0.022262866,0.707017647,0.703782353,12,0.718823529,0.715147059,480.1,6390.1,-6.69E-05,0,0,0,0,0,0,0,0
0816H2,30.1,0.087058824,240.1,0.690882353,270.1,0.721764706,300.1,0.720352941,0.295912218,0.085850843,0.009039494,2,11,0.772039895,3.368825168,-0.022140512,0.716617647,0.712182353,13,0.725264706,0.72204902,480.1,6390.1,-6.69E-05,0,0,0,0,0,0,0,0
1201K2,60.1,0.024611111,210.1,0.403611111,240.1,0.458,270.1,0.492555556,0.559450762,0.020948274,0.014361198,3,17,0.593872625,3.86612734,-0.021179317,0.4814,0.540577778,16,0.6295,0.616407408,630.1,2850.1,-5.82E-05,2880.1,13260.1,-1.68E-05,0.49051489,0.026513906,0,0,0
1201K2,60.1,0.032611111,210.1,0.419611111,240.1,0.478,270.1,0.511555556,0.51093506,0.024484596,0.013792751,2,17,0.612673272,3.803523915,-0.021061585,0.4988,0.558977778,16,0.6505,0.636740741,600.1,6120.1,-3.75E-05,6150.1,13260.1,-1.19E-05,0.488243464,0.013805057,0,0,0
1201K2,60.1,0.025611111,210.1,0.400611111,240.1,0.458,270.1,0.491555556,0.549992976,0.023179016,0.01386368,3,18,0.605515917,3.624643877,-0.019623176,0.4806,0.541577778,17,0.635555556,0.631092593,630.1,5460.1,-3.52E-05,5490.1,13260.1,-1.05E-05,0.50465406,0.013510986,0,0,0
1201K2,60.1,0.029611111,210.1,0.407611111,240.1,0.468,270.1,0.503555556,0.52443278,0.022388108,0.014070449,3,18,0.61844572,3.648232831,-0.019572468,0.4896,0.551377778,17,0.653555556,0.647425926,660.1,5460.1,-3.83E-05,5490.1,13260.1,-8.12E-06,0.523538675,0.01099086,0,0,0
1202K2,60.1,0.087611111,210.1,0.686611111,240.1,0.75,270.1,0.775555556,0.411772047,0.070773949,0.011208307,2,16,0.844488968,3.759770284,-0.025241054,0.7762,0.810977778,87,0.985666667,0.981203704,2940.1,6150.1,-5.28E-05,0,0,0,0,0,0,0,0
1202K2,60.1,0.057611111,240.1,0.648,270.1,0.707555556,300.1,0.730333333,0.403362541,0.067051703,0.009876968,2,15,0.745592946,4.222731481,-0.026449972,0.714133333,0.727138889,86,0.914666667,0.914518519,2670.1,10260.1,-4.49E-05,10290.1,13260.1,-2.94E-05,0.728215556,0.014854732,270.1,2670.1,0.000190028
1202K2,60.1,0.062611111,210.1,0.591611111,240.1,0.645,270.1,0.712555556,0.449181352,0.043320975,0.012729768,2,14,0.742909347,4.184294939,-0.02627273,0.6814,0.711577778,87,0.904666667,0.903203704,2550.1,10770.1,-4.70E-05,10800.1,12540.1,-3.79E-05,0.692718456,0.011730494,240.1,2550.1,0.000184592
1202K2,60.1,0.058611111,240.1,0.641,270.1,0.693555556,300.1,0.720333333,0.398684195,0.062559044,0.010050717,2,16,0.7346297,4.143705739,-0.025509563,0.702333333,0.713938889,87,0.825666667,0.823203704,2490.1,10740.1,-5.02E-05,10770.1,13260.1,-3.01E-05,0.598982143,0.013452121,0,0,0
1203K2,60.1,0.062611111,210.1,0.628611111,240.1,0.702,270.1,0.725555556,0.461314009,0.048161525,0.012557608,2,11,0.744455535,4.463075388,-0.029425434,0.7,0.695677778,10,0.725555556,0.71662963,420.1,930.1,-0.000245885,0,0,0,0,0,0,0,0
1203K2,60.1,0.053611111,210.1,0.590611111,240.1,0.653,270.1,0.709555556,0.479880288,0.040083966,0.013132636,2,11,0.725596624,4.537487413,-0.028839028,0.6744,0.676477778,11,0.710333333,0.709462963,420.1,990.1,-0.000274375,0,0,0,0,0,0,0,0
1203K2,30.1,0.029166667,210.1,0.589611111,240.1,0.646,270.1,0.712555556,0.501072778,0.036488215,0.013574769,2,12,0.72847229,4.542130451,-0.028588302,0.677,0.679177778,11,0.719333333,0.716462963,450.1,1200.1,-0.00018699,8640.1,13260.1,-3.22E-05,0.356055556,0.023076772,0,0,0
1203K2,30.1,0.031166667,210.1,0.598611111,240.1,0.653,270.1,0.719555556,0.492543833,0.038318651,0.013426605,2,11,0.733862666,4.510164569,-0.028652237,0.6816,0.679477778,10,0.719555556,0.697296296,420.1,1230.1,-0.000168567,0,0,0,0,0,0,0,0
1204K2,60.1,0.039611111,240.1,0.633,270.1,0.694555556,300.1,0.697333333,0.46189346,0.052711048,0.010747441,2,11,0.715314636,4.702879263,-0.028698073,0.682933333,0.665838889,11,0.697333333,0.69612963,450.1,1170.1,-0.000189336,8610.1,13260.1,-2.80E-05,0.341413462,0.020277008,0,0,0
1204K2,60.1,0.043611111,240.1,0.629,270.1,0.676555556,300.1,0.691333333,0.444803217,0.053637558,0.010650303,2,12,0.70032383,4.710417331,-0.029090934,0.674733333,0.661038889,11,0.691333333,0.68612963,450.1,1170.1,-0.00020308,8580.1,13260.1,-2.95E-05,0.33391649,0.021256817,0,0,0
1204K2,60.1,0.043611111,240.1,0.638,270.1,0.678555556,300.1,0.701333333,0.447171054,0.054874637,0.010607376,2,12,0.710161773,4.629516028,-0.028576131,0.681733333,0.665238889,11,0.701333333,0.693462963,450.1,1380.1,-0.000180866,8580.1,13260.1,-2.61E-05,0.337018401,0.019472129,0,0,0
1204K2,60.1,0.050611111,240.1,0.654,270.1,0.696555556,300.1,0.718333333,0.426489369,0.05954425,0.010383859,2,12,0.727885519,4.554256168,-0.028387256,0.699133333,0.685038889,11,0.718333333,0.710796296,450.1,1260.1,-0.000195568,8580.1,13260.1,-2.55E-05,0.349489738,0.019042791,0,0,0
1205K2,60.1,0.047611111,240.1,0.63,270.1,0.699555556,300.1,0.706333333,0.430442277,0.058209289,0.010293848,3,12,0.723801585,4.334355896,-0.026508599,0.686933333,0.675638889,11,0.706333333,0.703796296,450.1,1020.1,-0.000256174,8640.1,13260.1,-3.37E-05,0.291196774,0.023868525,0,0,0
1205K2,60.1,0.049611111,240.1,0.63,270.1,0.695555556,300.1,0.718333333,0.423584166,0.056047056,0.010435883,2,12,0.733679485,4.285792728,-0.025776584,0.691933333,0.680738889,11,0.718333333,0.708796296,450.1,1020.1,-0.000241136,8610.1,13260.1,-3.38E-05,0.300660613,0.023997869,0,0,0
1205K2,60.1,0.045611111,240.1,0.618,270.1,0.651555556,300.1,0.696333333,0.434389518,0.054191471,0.010497608,2,12,0.705577479,4.321825255,-0.026230335,0.668733333,0.663738889,11,0.696333333,0.68112963,450.1,1140.1,-0.000252578,0,0,0,0,0,0,0,0
1205K2,60.1,0.039611111,240.1,0.612,270.1,0.653555556,300.1,0.686333333,0.456270437,0.047298465,0.011007739,2,12,0.699768081,4.525669296,-0.026902181,0.663333333,0.654838889,12,0.6865,0.683703704,450.1,1140.1,-0.000213187,0,0,0,0,0,0,0,0
1206K2,60.1,0.061611111,210.1,0.590611111,240.1,0.653,270.1,0.713555556,0.452063111,0.0432565,0.012741346,2,12,0.737396114,4.240381135,-0.026791139,0.6802,0.687177778,11,0.722333333,0.71912963,450.1,1080.1,-0.000325303,8610.1,13260.1,-3.25E-05,0.331425036,0.023314562,0,0,0
1206K2,60.1,0.068611111,210.1,0.583611111,240.1,0.647,270.1,0.705555556,0.428156073,0.044233146,0.012526795,2,11,0.739139335,4.017670763,-0.025079563,0.6692,0.672377778,12,0.7065,0.703037037,450.1,1230.1,-0.000253421,0,0,0,0,0,0,0,0
1206K2,30.1,0.047166667,210.1,0.582611111,240.1,0.654,270.1,0.710555556,0.41897208,0.043422099,0.012669822,2,11,0.735892448,4.119110498,-0.026035495,0.672,0.679577778,10,0.710555556,0.690296296,450.1,1050.1,-0.000298687,0,0,0,0,0,0,0,0
1206K2,60.1,0.075611111,210.1,0.623611111,240.1,0.68,270.1,0.727555556,0.421984742,0.053035523,0.0120452,2,11,0.749205236,4.061453791,-0.026779103,0.6956,0.701577778,10,0.727555556,0.710296296,450.1,1080.1,-0.000309229,8610.1,13260.1,-3.10E-05,0.347528846,0.022262324,0,0,0
1207K2,60.1,0.056611111,240.1,0.658,270.1,0.713555556,300.1,0.716333333,0.408833276,0.064893809,0.009997988,2,11,0.743861654,4.164374789,-0.025908579,0.700133333,0.690138889,11,0.716333333,0.713462963,450.1,990.1,-0.000281813,0,0,0,0,0,0,0,0
1207K2,60.1,0.053611111,210.1,0.569611111,240.1,0.644,270.1,0.708555556,0.472639505,0.041506145,0.012769951,2,11,0.73022113,4.284079164,-0.026716913,0.6672,0.678877778,10,0.708555556,0.686296296,450.1,1020.1,-0.000306951,0,0,0,0,0,0,0,0
1207K2,30.1,0.040166667,210.1,0.617611111,240.1,0.681,270.1,0.737555556,0.455470253,0.052083985,0.012137898,2,11,0.758064728,4.009032145,-0.026369116,0.7016,0.710277778,10,0.737555556,0.718296296,450.1,1050.1,-0.00034215,0,0,0,0,0,0,0,0
1207K2,30.1,0.028166667,210.1,0.575611111,240.1,0.615,270.1,0.707555556,0.50288217,0.041059012,0.01290035,2,11,0.724076076,4.142267225,-0.026145719,0.6626,0.677177778,10,0.707555556,0.67662963,450.1,1080.1,-0.000303658,0,0,0,0,0,0,0,0
1208K2,60.1,0.046611111,210.1,0.405611111,240.1,0.444,270.1,0.470555556,0.43271118,0.02977598,0.012601761,2,17,0.558378695,3.514416417,-0.020251156,0.4652,0.513377778,16,0.5875,0.575074074,540.1,1050.1,-0.000196717,2070.1,12870.1,-2.82E-05,0.442709449,0.044490079,0,0,0
1208K2,60.1,0.042611111,180.1,0.306944444,210.1,0.398611111,240.1,0.447,0.493637932,0.020758512,0.015124062,2,17,0.554145564,3.625131381,-0.021023276,0.425288889,0.486216667,16,0.5835,0.574074074,510.1,930.1,-0.000350423,1110.1,8220.1,-1.96E-05,0.483023109,0.022013712,0,0,0
1208K2,90.1,0.048888889,180.1,0.286944444,210.1,0.374611111,240.1,0.424,0.589912823,0.014977637,0.016551255,3,17,0.526727347,3.906302548,-0.022195585,0.401288889,0.461716667,16,0.5575,0.548074074,510.1,990.1,-0.000334786,1230.1,12870.1,-2.40E-05,0.427061554,0.041859894,0,0,0
1208K2,60.1,0.035611111,180.1,0.297944444,210.1,0.385611111,240.1,0.438,0.531062336,0.01997145,0.01524036,2,16,0.536096317,3.708019447,-0.021661741,0.413688889,0.473816667,15,0.562166667,0.548314815,510.1,1080.1,-0.000343289,1320.1,7380.1,-1.19E-05,0.465821611,0.016235844,0,0,0
1209K2,60.1,0.022611111,210.1,0.342611111,240.1,0.412,270.1,0.458555556,0.543630919,0.016680767,0.014601491,3,18,0.572809709,3.840432111,-0.019539831,0.4404,0.502977778,17,0.607555556,0.589092593,570.1,3570.1,-6.29E-05,3600.1,8220.1,-1.97E-05,0.42452724,0.013688519,0,0,0
1209K2,60.1,0.030611111,210.1,0.363611111,240.1,0.431,270.1,0.470555556,0.494944375,0.021967164,0.013585298,2,18,0.586266007,3.704212124,-0.019386298,0.458,0.519377778,17,0.616555556,0.600092593,570.1,2850.1,-0.000115632,2880.1,13260.1,-2.04E-05,0.380654712,0.031351055,0,0,0
1209K2,60.1,0.028611111,210.1,0.345611111,240.1,0.412,270.1,0.456555556,0.498303809,0.020615409,0.013652374,2,19,0.571558702,3.728036426,-0.01926529,0.443,0.501577778,18,0.593222222,0.585296296,570.1,3600.1,-5.79E-05,3630.1,13260.1,-2.32E-05,0.407256384,0.032965165,0,0,0
1209K2,60.1,0.041611111,210.1,0.374611111,240.1,0.437,270.1,0.475555556,0.439504246,0.026856506,0.012711461,2,18,0.595279076,3.454583456,-0.018217868,0.463,0.524777778,17,0.621555556,0.608759259,570.1,3630.1,-6.31E-05,3660.1,12900.1,-2.31E-05,0.417237325,0.031525264,0,0,0
1210K2,60.1,0.107611111,210.1,0.652611111,240.1,0.723,270.1,0.757555556,0.360491501,0.068274696,0.011017815,2,11,0.794265665,3.586962336,-0.024030057,0.7286,0.739277778,10,0.757555556,0.744962963,480.1,10290.1,-5.98E-05,10320.1,13260.1,-2.50E-05,0.419948373,0.012413658,0,0,0
1210K2,60.1,0.066611111,210.1,0.605611111,240.1,0.665,270.1,0.723555556,0.441473331,0.049273937,0.01226966,2,11,0.742441363,4.179535584,-0.027124238,0.6882,0.702077778,10,0.723555556,0.703962963,480.1,10290.1,-6.09E-05,10320.1,13260.1,-2.60E-05,0.388968575,0.012881887,0,0,0
1210K2,60.1,0.053611111,240.1,0.648,270.1,0.693555556,300.1,0.706333333,0.415355726,0.056962943,0.010487252,2,12,0.721210525,4.454086587,-0.027478842,0.689733333,0.693338889,11,0.706333333,0.70112963,510.1,10260.1,-6.20E-05,10290.1,13260.1,-2.43E-05,0.372215556,0.012351692,0,0,0
1210K2,60.1,0.064611111,210.1,0.589611111,240.1,0.655,270.1,0.723555556,0.442215359,0.044558207,0.012587945,2,11,0.74778312,4.170096648,-0.026188771,0.6818,0.695877778,10,0.723555556,0.700296296,510.1,10740.1,-5.88E-05,10770.1,13260.1,-2.38E-05,0.392934524,0.011020474,0,0,0
1211K2,60.1,0.060611111,240.1,0.703,270.1,0.729555556,300.1,0.726333333,0.408479778,0.071014299,0.009926754,2,11,0.752937603,4.353172791,-0.028240048,0.719533333,0.717638889,10,0.729555556,0.71962963,480.1,10200.1,-6.00E-05,10230.1,13260.1,-2.05E-05,0.386557734,0.011565788,0,0,0
1211K2,60.1,0.039611111,240.1,0.655,270.1,0.719555556,300.1,0.717333333,0.467587596,0.052975645,0.010817324,2,11,0.748592407,4.490932765,-0.026908581,0.704133333,0.706138889,10,0.719555556,0.697296296,480.1,10230.1,-6.13E-05,10260.1,13260.1,-1.88E-05,0.376482948,0.010674062,0,0,0
1211K2,60.1,0.047611111,240.1,0.651,270.1,0.714555556,300.1,0.720333333,0.435907247,0.057683142,0.0104388,2,12,0.738731984,4.363293739,-0.026652448,0.703933333,0.707838889,11,0.720333333,0.71812963,480.1,10200.1,-6.08E-05,10230.1,13260.1,-1.68E-05,0.382841503,0.010033228,0,0,0
1211K2,60.1,0.053611111,240.1,0.644,270.1,0.706555556,300.1,0.707333333,0.414323731,0.06311384,0.010024037,2,11,0.741650211,4.058932655,-0.024917131,0.693333333,0.696738889,11,0.707333333,0.706462963,480.1,10260.1,-5.95E-05,10290.1,13260.1,-1.59E-05,0.379443056,0.009465263,0,0,0
1212K2,60.1,0.093611111,210.1,0.608611111,240.1,0.67,270.1,0.719555556,0.374406082,0.059734263,0.011353515,3,11,0.745047796,3.835958526,-0.025406127,0.6864,0.700977778,10,0.719555556,0.702962963,480.1,10290.1,-7.24E-05,10320.1,13260.1,-2.08E-05,0.327531987,0.011397632,0,0,0
1212K2,60.1,0.077611111,210.1,0.569611111,240.1,0.639,270.1,0.682555556,0.398648653,0.052022875,0.011638779,2,12,0.723802905,3.731175886,-0.023803839,0.659,0.675677778,11,0.704333333,0.695462963,480.1,10260.1,-7.69E-05,10290.1,13260.1,-2.11E-05,0.286624167,0.011492316,0,0,0
1212K2,60.1,0.072611111,210.1,0.615611111,240.1,0.676,270.1,0.723555556,0.427499499,0.052841178,0.011974065,2,11,0.744409622,4.035793799,-0.026478118,0.6896,0.695377778,10,0.723555556,0.705296296,450.1,1230.1,-0.000188952,11580.1,13260.1,-2.18E-05,0.2964654,0.009205959,0,0,0
1212K2,60.1,0.069611111,240.1,0.666,270.1,0.707555556,300.1,0.704333333,0.376394246,0.073419529,0.009591695,2,11,0.731703689,4.139145959,-0.026910267,0.695533333,0.690838889,10,0.707555556,0.69262963,450.1,1050.1,-0.000297821,0,0,0,0,0,0,0,0
1213K2,90.1,0.055888889,210.1,0.360611111,240.1,0.432,270.1,0.445555556,0.466108632,0.023395698,0.013167964,2,17,0.557142835,3.53664054,-0.0187717,0.4354,0.496277778,16,0.5925,0.583740741,540.1,1230.1,-0.000147895,0,0,0,0,0,0,0,0
1213K2,90.1,0.049888889,210.1,0.363611111,240.1,0.431,270.1,0.442555556,0.496571652,0.020831213,0.01376927,2,17,0.565797253,3.567979555,-0.018620471,0.435,0.500677778,16,0.5995,0.589740741,540.1,1200.1,-0.000187425,0,0,0,0,0,0,0,0
1213K2,90.1,0.077888889,210.1,0.384611111,240.1,0.441,270.1,0.456555556,0.399237353,0.029213476,0.012356971,2,17,0.587846858,3.149696544,-0.016638914,0.448,0.514777778,16,0.6135,0.604074074,570.1,6180.1,-4.05E-05,0,0,0,0,0,0,0,0
1213K2,30.1,0.030166667,210.1,0.377611111,240.1,0.436,270.1,0.454555556,0.421187881,0.024574871,0.013176855,2,17,0.586697193,3.283110057,-0.017218272,0.4462,0.514377778,16,0.6135,0.605074074,570.1,6150.1,-3.89E-05,0,0,0,0,0,0,0,0
1214K2,60.1,0.108611111,210.1,0.645611111,240.1,0.695,270.1,0.725555556,0.356484723,0.065969389,0.011144172,2,11,0.762490221,3.57848108,-0.024389421,0.704,0.714077778,14,0.728277778,0.726240741,480.1,10770.1,-7.76E-05,10800.1,13260.1,-1.97E-05,0.315034137,0.009764237,0,0,0
1214K2,60.1,0.083611111,210.1,0.618611111,240.1,0.661,270.1,0.712555556,0.400260081,0.056839156,0.011637115,2,11,0.738065383,3.790106953,-0.02523599,0.682,0.692177778,10,0.712555556,0.693962963,480.1,10740.1,-7.72E-05,10770.1,13260.1,-2.05E-05,0.291454475,0.009763933,0,0,0
1214K2,60.1,0.065611111,240.1,0.655,270.1,0.704555556,300.1,0.722333333,0.383481697,0.071968076,0.009575459,2,12,0.739881124,3.939451878,-0.025052893,0.703133333,0.704538889,11,0.722333333,0.715462963,480.1,10740.1,-7.90E-05,10770.1,13260.1,-1.96E-05,0.288001764,0.009726844,0,0,0
1214K2,60.1,0.060611111,240.1,0.65,270.1,0.707555556,300.1,0.721333333,0.395415689,0.066241455,0.009896371,2,12,0.73731504,4.15019647,-0.026007454,0.701933333,0.703138889,11,0.721333333,0.715796296,480.1,10710.1,-7.07E-05,10740.1,13260.1,-1.99E-05,0.32340512,0.010204857,0,0,0
1215K2,30.1,0.021166667,240.1,0.432,270.1,0.458555556,300.1,0.476333333,0.430856851,0.034955473,0.010897673,2,20,0.474135796,-0.12213263,-0.006386016,0.474533333,0.522338889,16,0.5945,0.580407408,540.1,1650.1,-0.000105106,6090.1,12900.1,-2.38E-05,0.407001584,0.024408944,0,0,0
1215K2,30.1,0.026166667,240.1,0.451,270.1,0.474555556,300.1,0.494333333,0.40671157,0.042822288,0.01021591,2,17,0.578559492,3.33877751,-0.018860738,0.493533333,0.543238889,16,0.6145,0.603074074,540.1,1650.1,-0.000149297,8190.1,12900.1,-2.17E-05,0.386270921,0.016301686,0,0,0
1215K2,90.1,0.077888889,240.1,0.442,270.1,0.469555556,300.1,0.482333333,0.347205314,0.055469098,0.009022179,2,17,0.575507697,3.196226784,-0.018149875,0.484133333,0.538338889,16,0.6105,0.602407408,570.1,7350.1,-3.97E-05,7380.1,12900.1,-2.06E-05,0.376987838,0.017978133,0,0,0
1215K2,30.1,0.055166667,240.1,0.456,270.1,0.488555556,300.1,0.500333333,0.301733414,0.064013077,0.008625293,2,17,0.607566395,2.678855738,-0.015588748,0.501733333,0.559638889,17,0.635555556,0.633425926,600.1,6150.1,-4.39E-05,6180.1,12900.1,-2.57E-05,0.404304321,0.026081851,0,0,0
1216K2,60.1,0.111611111,210.1,0.626611111,240.1,0.699,270.1,0.727555556,0.345061101,0.067229726,0.01087126,2,11,0.776951379,3.388830786,-0.022437882,0.7018,0.714677778,14,0.730277778,0.727907408,510.1,10290.1,-7.13E-05,10320.1,13260.1,-1.72E-05,0.358199214,0.010034268,0,0,0
1216K2,30.1,0.076166667,210.1,0.619611111,240.1,0.687,270.1,0.736555556,0.349361352,0.061281222,0.011305681,2,11,0.773234172,3.568096445,-0.02342483,0.7008,0.713877778,10,0.736555556,0.71862963,480.1,10260.1,-7.41E-05,10290.1,13260.1,-1.72E-05,0.346181944,0.010254765,0,0,0
1216K2,60.1,0.069611111,210.1,0.572611111,240.1,0.653,270.1,0.711555556,0.42145652,0.057239902,0.011243022,2,15,0.726585943,3.775570182,-0.024583223,0.675,0.693977778,11,0.720333333,0.716462963,480.1,10200.1,-7.22E-05,10230.1,13260.1,-1.79E-05,0.342386347,0.010559434,0,0,0
1216K2,60.1,0.073611111,210.1,0.608611111,240.1,0.673,270.1,0.731555556,0.422476703,0.058049584,0.011475252,2,11,0.761081871,3.771163582,-0.024539021,0.696,0.712077778,12,0.7355,0.731703704,480.1,1410.1,-0.000112127,8640.1,13260.1,-2.94E-05,0.371546774,0.021356094,0,0,0
1601K2,60.1,0.059611111,240.1,0.691,270.1,0.733555556,300.1,0.731333333,0.408382973,0.060244962,0.010532445,2,11,0.762044291,4.532483802,-0.028039479,0.722533333,0.714038889,53,0.745055556,0.741407408,450.1,780.1,-0.000188902,10740.1,13260.1,-3.08E-05,0.47541634,0.013398182,0,0,0
1601K2,60.1,0.054611111,240.1,0.625,270.1,0.678555556,300.1,0.696333333,0.406252382,0.05400956,0.010522592,2,12,0.720639084,4.21380665,-0.02522232,0.678733333,0.675338889,12,0.6985,0.696703704,450.1,1200.1,-0.000209098,0,0,0,0,0,0,0,0
1601K2,60.1,0.065611111,240.1,0.72,270.1,0.741555556,300.1,0.739333333,0.399251026,0.068707645,0.010173065,2,11,0.765164792,4.570965776,-0.029479417,0.733533333,0.724438889,10,0.741555556,0.73362963,450.1,990.1,-0.000299123,0,0,0,0,0,0,0,0
1601K2,60.1,0.047611111,240.1,0.615,270.1,0.650555556,300.1,0.691333333,0.426426018,0.047055282,0.011006833,2,12,0.710066358,4.368972172,-0.025573024,0.666933333,0.674938889,12,0.6915,0.689703704,480.1,1230.1,-0.000130417,10170.1,13260.1,-1.72E-05,0.342276709,0.010226503,0,0,0
1601K2,60.1,0.063611111,240.1,0.686,270.1,0.728555556,300.1,0.725333333,0.396348245,0.064875549,0.010196671,2,11,0.754976656,4.369347226,-0.027485896,0.716933333,0.714938889,10,0.728555556,0.713296296,450.1,990.1,-0.000320994,0,0,0,0,0,0,0,0
1601K2,30.1,0.039166667,240.1,0.649,270.1,0.709555556,300.1,0.710333333,0.401086666,0.059428352,0.010313518,2,11,0.753658047,3.961371188,-0.024038557,0.696933333,0.700138889,11,0.710333333,0.70912963,480.1,10200.1,-6.03E-05,10230.1,13260.1,-1.82E-05,0.375231754,0.010929148,0,0,0
1601K2,90.1,0.115888889,240.1,0.694,270.1,0.734555556,300.1,0.740333333,0.357968016,0.074661762,0.009595291,2,12,0.758981821,4.274238226,-0.027029039,0.727933333,0.728438889,11,0.740333333,0.73712963,480.1,11520.1,-6.26E-05,11550.1,13260.1,-1.78E-05,0.376222382,0.007771945,0,0,0
1601K2,60.1,0.066611111,240.1,0.674,270.1,0.728555556,300.1,0.726333333,0.385726453,0.06750931,0.00994044,2,11,0.763430782,4.054091082,-0.025226169,0.715733333,0.718438889,10,0.728555556,0.70962963,480.1,10170.1,-6.11E-05,10200.1,13260.1,-1.51E-05,0.399858414,0.009673107,0,0,0