90.1,0.080333333,210.1,0.354833333,240.1,0.433944444,270.1,0.581222222,0.371365888513212,0.4712777774,0.5009277775,0.0351790256053706,0.011143151653634,10,0.581222222,0.501203703333333,690.1,5670.1,-6.1127348474823e-05,5700.1,9930.1,-2.27368930668572e-05,0.379295774661972,0.0154147946976176,0,0,0
90.1,0.081333333,210.1,0.363833333,240.1,0.454944444,270.1,0.533222222,0.374534988469747,0.4722777774,0.5080277775,0.0326441148470393,0.0116161189516856,18,0.5745,0.5685,660.1,5670.1,-5.93908383952299e-05,5700.1,9930.1,-2.30977548601433e-05,0.394049295788732,0.0156015640603238,0,0,0
30.1,0.040555556,270.1,0.508222222,300.1,0.534444444,330.1,0.531944444,0.31603075120051,0.5343944442,0.5581055554,0.0656010065039001,0.00817465357853008,18,0.5925,0.588833333333333,630.1,5670.1,-6.2417738944856e-05,5700.1,9930.1,-2.11316658098469e-05,0.409760563394366,0.0141979589532069,0,0,0
60.1,0.053777778,180.1,0.298333333,210.1,0.373833333,240.1,0.438944444,0.428337773744196,0.4347555552,0.4879666664,0.0278456866369502,0.0132582899766801,17,0.579944444,0.569972222,660.1,5670.1,-6.06917024321603e-05,5700.1,9930.1,-2.24952008862978e-05,0.401056338042253,0.015333418589943,0,0,0
180.1,0.101333333,630.1,0.278222222,660.1,0.303694444,690.1,0.330444444,0.0673336496424273,0.3285611108,0.3912916665,0.110627448120414,0.00144487495927228,34,0.531472222,0.522425925666667,1110.1,4110.1,-6.1310619311202e-05,4140.1,9930.1,-2.16999664034493e-05,0.383386597943299,0.0192715423661145,0,0,0
180.1,0.070333333,660.1,0.272694444,690.1,0.297444444,720.1,0.321611111,0.0846941297211228,0.3240666664,0.3864749999,0.104213102564024,0.00145465433853609,34,0.513472222,0.503759259,1110.1,4140.1,-5.20349208180898e-05,4170.1,9930.1,-2.14873077691274e-05,0.373285118025907,0.0189131825852263,0,0,0
180.1,0.070333333,660.1,0.263694444,690.1,0.283444444,720.1,0.309611111,0.082596573979476,0.3100666664,0.3717749999,0.100508943098319,0.00145590226487852,34,0.495472222,0.487092592333333,1110.1,4140.1,-5.2679154287696e-05,4170.1,9930.1,-2.00760138567652e-05,0.359435377093264,0.0177311568050584,0,0,0
180.1,0.099333333,630.1,0.259222222,660.1,0.277694444,690.1,0.298444444,0.0639469666230904,0.3021611108,0.3657916665,0.12055381386777,0.00123003834359572,35,0.517444444,0.514981481333333,1110.1,4080.1,-5.51602604808481e-05,4110.1,9930.1,-2.3894652219435e-05,0.379519800574359,0.0210949137281781,0,0,0
330.1,0.2335,510.1,0.914222222,540.1,0.983111111,570.1,1.026277778,0.227481932680767,1.0033444444,1.0397555555,0.0294408385195967,0.00685053146860813,86,1.181666667,1.17651851866667,2700.1,7320.1,-5.24916899264174e-05,10680.1,13230.1,-2.39688456543548e-05,0.987558139569767,0.0111429736736895,540.1,2700.1,0.00010914784650541
300.1,0.187333333,480.1,0.805555556,510.1,0.893222222,540.1,0.967111111,0.243107101936334,0.9542333334,1.0251111111,0.022102824503478,0.00761030165633411,84,1.199444444,1.19390740733333,2610.1,8190.1,-4.6602825605198e-05,11460.1,13230.1,-2.23509620061128e-05,1.00999537038333,0.00927938912081595,510.1,1710.1,0.000294676732659699
330.1,0.2305,480.1,0.734555556,510.1,0.829222222,540.1,0.909111111,0.231802953633142,0.8926333334,0.9666111111,0.0177173681957219,0.00783847834817368,85,1.141222222,1.13844444433333,2640.1,10560.1,-4.07840212190853e-05,10590.1,13230.1,-2.20743642480989e-05,0.962401373314607,0.0111727104402169,510.1,2640.1,0.000129209988564109
330.1,0.2255,480.1,0.703555556,510.1,0.784222222,540.1,0.864111111,0.227565337070732,0.8544333334,0.9359111111,0.0164851008280142,0.00788530510647153,87,1.115666667,1.10953703733333,2670.1,7170.1,-4.80674515747647e-05,7200.1,13230.1,-2.68336602596441e-05,0.960824807509901,0.0243772917540335,510.1,1920.1,0.000228656060652772
180.1,0.069333333,330.1,0.461944444,360.1,0.492888889,390.1,0.514472222,0.379303769308646,0.5129777776,0.5400833333,0.015835713645029,0.0104941576848197,17,0.579944444,0.569972222,900.1,4860.1,-5.28567291015872e-05,4890.1,9930.1,-1.93553509232095e-05,0.416791584485207,0.0156215216609771,0,0,0
180.1,0.079333333,330.1,0.454944444,360.1,0.481888889,390.1,0.504472222,0.349303385919084,0.5039777776,0.5269833333,0.0177180464870118,0.0100616108226831,27,0.57275,0.562657407333333,780.1,5640.1,-4.80025429499577e-05,5670.1,9930.1,-1.22122801878481e-05,0.398915695426574,0.00954569583333943,0,0,0
180.1,0.074333333,330.1,0.447944444,360.1,0.473888889,390.1,0.498472222,0.359221947497793,0.4981777776,0.5203833333,0.0179539623739011,0.00996182386186806,27,0.56975,0.559324074,840.1,5670.1,-5.25419437813634e-05,5700.1,9930.1,-1.21471431903228e-05,0.385774647901408,0.0092692613747133,0,0,0
180.1,0.078333333,330.1,0.449944444,360.1,0.474888889,390.1,0.497472222,0.349630179228864,0.4971777776,0.5201833333,0.0181229956333486,0.00994538781916353,27,0.56775,0.559657407333333,780.1,5640.1,-4.95674127227181e-05,5670.1,9930.1,-1.25050234383378e-05,0.391901709412587,0.00961272664617959,0,0,0
90.1,0.047333333,210.1,0.330833333,240.1,0.395944444,270.1,0.441222222,0.486099990248695,0.4230777774,0.4796277775,0.0148599809392931,0.0149324455635688,15,0.552111111,0.544351851666667,540.1,5700.1,-4.93204113856299e-05,5730.1,9930.1,-2.55766514043124e-05,0.336064223815603,0.0166565829600633,0,0,0
90.1,0.054333333,240.1,0.438944444,270.1,0.470222222,300.1,0.495444444,0.417846989562071,0.4902888886,0.5241944442,0.0267753650538117,0.0118778506002539,14,0.566472222,0.556157407333333,540.1,5670.1,-4.7629253780023e-05,5700.1,9930.1,-2.56735229138856e-05,0.363197183112676,0.0169593028861509,0,0,0
90.1,0.076333333,210.1,0.365833333,240.1,0.434944444,270.1,0.470222222,0.391767036212684,0.4542777774,0.5063277775,0.0252435569723476,0.0128308694008059,15,0.574111111,0.566351851666667,540.1,3780.1,-6.95339394266828e-05,3810.1,9930.1,-2.51689317135388e-05,0.377595257453658,0.0230200891301634,0,0,0
90.1,0.054333333,240.1,0.426944444,270.1,0.459222222,300.1,0.491444444,0.412303198206372,0.4832888886,0.5209944442,0.0261716742169165,0.0118568278749252,15,0.569111111,0.563685185,540.1,5670.1,-4.76121163448681e-05,5700.1,9930.1,-2.53641177347342e-05,0.360645442107981,0.0168219072400982,0,0,0
120.1,0.054055556,300.1,0.492444444,330.1,0.547944444,360.1,0.585888889,0.368228219612756,0.569972222,0.5674722221,0.0281553648417148,0.00980007730909719,14,0.621472222,0.603157407333333,510.1,5670.1,-4.93070073415505e-05,5700.1,9930.1,-1.60213431088739e-05,0.366471831,0.0116927894019532,0,0,0
120.1,0.047055556,270.1,0.456222222,300.1,0.496444444,330.1,0.531944444,0.454330214710916,0.5375944442,0.5560055554,0.0155589601948586,0.0126761563200464,14,0.621472222,0.601824074,510.1,5670.1,-4.9040780729087e-05,5700.1,9930.1,-1.80841885961573e-05,0.364705888120892,0.0129941445097704,0,0,0
120.1,0.043055556,300.1,0.472444444,330.1,0.520944444,360.1,0.562888889,0.39923814656752,0.552172222,0.5523722221,0.0248471737336637,0.0101161741583906,14,0.611472222,0.589157407333333,510.1,5730.1,-4.89927103664725e-05,5760.1,9930.1,-1.63293276336256e-05,0.345272023828571,0.0114961017179996,0,0,0
120.1,0.055055556,300.1,0.500444444,330.1,0.540944444,360.1,0.583888889,0.367858967848122,0.574572222,0.5748722221,0.0278167715655061,0.00990476973421171,14,0.632472222,0.610490740666667,510.1,5670.1,-5.10474464377704e-05,5700.1,9930.1,-1.81955947886695e-05,0.366028169028169,0.0130540146004331,0,0,0
120.1,0.079055556,240.1,0.362944444,270.1,0.451222222,300.1,0.480444444,0.381024732476105,0.4618888886,0.5113944442,0.0200642708147424,0.0121456941990078,26,0.585833333,0.575064814666667,810.1,3000.1,-8.33121889295322e-05,4620.1,9930.1,-2.54432357804331e-05,0.418584425719101,0.0206648044851732,0,0,0
120.1,0.072055556,270.1,0.426222222,300.1,0.457444444,330.1,0.475944444,0.355504685111475,0.4787944442,0.5129055554,0.0236331706834529,0.0108603620135605,26,0.563833333,0.552731481333333,690.1,4740.1,-8.69411203112395e-05,6720.1,9930.1,-1.42628998074528e-05,0.338298739734568,0.0085578102604341,0,0,0
120.1,0.077055556,240.1,0.363944444,270.1,0.457222222,300.1,0.486444444,0.388118640357003,0.4654888886,0.5135944442,0.0197764633792609,0.0121970264643229,26,0.586833333,0.574731481333333,840.1,3570.1,-6.06584444554044e-05,3600.1,9930.1,-2.54664795224894e-05,0.431847877363208,0.0243421012922144,0,0,0
120.1,0.086055556,270.1,0.479222222,300.1,0.506444444,330.1,0.514944444,0.343434266232517,0.5223944442,0.5476055554,0.0303376657937015,0.010388987432486,27,0.58775,0.578657407333333,870.1,3210.1,-6.31127610191496e-05,3240.1,6540.1,-2.06684769591669e-05,0.477594594576577,0.0112705874721527,0,0,0
540.1,0.155055556,660.1,0.354694444,690.1,0.434444444,720.1,0.473611111,0.206868304802256,0.4606666664,0.5274749999,0.00230828387119104,0.00759610099475732,31,0.621027778,0.613694444666667,1020.1,5730.1,-4.94582418169271e-05,5760.1,9930.1,-2.65297022883091e-05,0.424822023828571,0.0169686415266583,0,0,0
480.1,0.139944444,660.1,0.357694444,690.1,0.437444444,720.1,0.473611111,0.156405599715761,0.4616666664,0.5294749999,0.0143429742664395,0.00474847302338258,31,0.626027778,0.616694444666667,1020.1,5700.1,-5.06432824858336e-05,5730.1,9930.1,-2.67479344215648e-05,0.426730890482269,0.0171872956483989,0,0,0
510.1,0.1485,660.1,0.332694444,690.1,0.416444444,720.1,0.463611111,0.16132790498255,0.4462666664,0.5190749999,0.00782387477826508,0.0055929908564034,31,0.620027778,0.612027778,1020.1,5790.1,-5.20390228122192e-05,5820.1,9930.1,-2.68656079228779e-05,0.415881239956522,0.0170860860820701,0,0,0
480.1,0.141944444,660.1,0.344694444,690.1,0.425444444,720.1,0.465611111,0.147870435569766,0.4526666664,0.5226749999,0.0138490468858359,0.00474220213078756,31,0.622027778,0.612694444666667,1050.1,5790.1,-4.92455539467398e-05,5820.1,9930.1,-2.68237499462315e-05,0.425845008072464,0.0168730823485436,0,0,0
210.1,0.063833333,390.1,0.300472222,420.1,0.344111111,450.1,0.388472222,0.258179965950657,0.3800999998,0.4573916666,0.0185815753491396,0.00711122088712856,22,0.566222222,0.558824074,780.1,5700.1,-4.83394479774532e-05,5730.1,9930.1,-1.9769610577793e-05,0.36668833729078,0.0130808864622625,0,0,0
210.1,0.081833333,390.1,0.338472222,420.1,0.379111111,450.1,0.420472222,0.236626228742251,0.4124999998,0.4843916666,0.0280023102904509,0.00637587616267245,22,0.582222222,0.577490740666667,750.1,4860.1,-5.05473881525182e-05,4890.1,9930.1,-2.23555332446588e-05,0.396767915846154,0.0175089061534648,0,0,0
210.1,0.061833333,390.1,0.317472222,420.1,0.359111111,450.1,0.398472222,0.272657956125495,0.3904999998,0.4616916666,0.0180618516553712,0.00732426547940653,22,0.559222222,0.554824074,750.1,5670.1,-4.5832944989893e-05,5700.1,9930.1,-1.87822222257614e-05,0.373711267619718,0.0127600863935547,0,0,0
210.1,0.063833333,390.1,0.326472222,420.1,0.367111111,450.1,0.404472222,0.272011558710901,0.3970999998,0.4698916666,0.0179480342009004,0.00743813673446251,22,0.567222222,0.564157407333333,750.1,5670.1,-4.87848857907907e-05,5700.1,9930.1,-2.21114272331205e-05,0.367795774661972,0.0148555182853762,0,0,0
120.1,0.105055556,210.1,0.354833333,240.1,0.417944444,270.1,0.441222222,0.405719626577719,0.4322777774,0.4755277775,0.0254375619649168,0.0126303387517981,14,0.532472222,0.521490740666667,510.1,5670.1,-4.95316698456257e-05,5700.1,9930.1,-2.23280634550479e-05,0.319506944455399,0.0150956537170601,0,0,0
90.1,0.070333333,210.1,0.364833333,240.1,0.434944444,270.1,0.460222222,0.411548696828132,0.4480777774,0.4906277775,0.0269121055779319,0.0125340220424619,14,0.549472222,0.536824074,510.1,4170.1,-6.82479934989445e-05,4200.1,9930.1,-2.33082669443653e-05,0.338736328126736,0.0202786420500096,0,0,0
90.1,0.058333333,210.1,0.358833333,240.1,0.426944444,270.1,0.453222222,0.454171086916563,0.4414777774,0.4851277775,0.0221568126140441,0.0134223327862756,14,0.543472222,0.532157407333333,510.1,5670.1,-5.15451341445288e-05,5700.1,9930.1,-2.30924460145588e-05,0.324190140859155,0.0152887410528058,0,0,0
90.1,0.073333333,210.1,0.379833333,240.1,0.445944444,270.1,0.470222222,0.411179326500314,0.4588777774,0.4991277775,0.0281386279285424,0.0125446031796905,14,0.554472222,0.542490740666667,510.1,5700.1,-5.04960531112312e-05,5730.1,9930.1,-2.39817470753599e-05,0.332546296309693,0.0160941960607568,0,0,0
210.1,0.092833333,420.1,0.536111111,450.1,0.563472222,480.1,0.581944444,0.250505095588721,0.5824166666,0.6051888888,0.0152556772042563,0.00859004147213255,20,0.640888889,0.633166667,690.1,4170.1,-5.74118199158789e-05,4200.1,9930.1,-2.51053387241837e-05,0.464829282411458,0.0217063503935212,0,0,0
210.1,0.090833333,420.1,0.537111111,450.1,0.568472222,480.1,0.586944444,0.253882665993554,0.5864166666,0.6107888888,0.0166880273307191,0.00843054227115536,20,0.648888889,0.638833333666667,690.1,5730.1,-4.60004889579501e-05,5760.1,9930.1,-2.4344168040935e-05,0.457422023828571,0.0159734724307586,0,0,0
210.1,0.089833333,420.1,0.535111111,450.1,0.567472222,480.1,0.588944444,0.25493118735349,0.5862166666,0.6117888888,0.0161006133974938,0.00850129612433985,20,0.648888889,0.640500000333333,690.1,5730.1,-4.72213704738701e-05,5760.1,9930.1,-2.45699813112914e-05,0.4551434524,0.0160101114845396,0,0,0
210.1,0.091833333,420.1,0.538111111,450.1,0.570472222,480.1,0.589944444,0.252584246937919,0.5886166666,0.6123888888,0.017048516592664,0.00838069559986827,20,0.648888889,0.640166667,690.1,5730.1,-4.56524115293455e-05,5760.1,9930.1,-2.46100708202313e-05,0.459736309542857,0.0162435064470445,0,0,0
30.1,0.129166667,270.1,1.007555556,300.1,1.017333333,330.1,1.0205,0.256772359003297,1.014188889,1.0213500001,0.183666624970559,0.00660188534021988,81,1.079111111,1.071925926,600.1,1200.1,-0.00011974506987013,2220.1,9750.1,-1.32606852840598e-05,1.04813844797619,0.0208034662434935,0,0,0
30.1,0.132166667,270.1,1.004555556,300.1,1.017333333,330.1,1.0215,0.253529591864339,1.013388889,1.0175500001,0.179714812308836,0.00668013145230355,118,1.107333333,1.07725925933333,600.1,1260.1,-6.72998098155466e-05,2760.1,9810.1,-1.03610682804195e-05,1.05670291902542,0.0176653334543739,0,0,0
30.1,0.133166667,270.1,0.992555556,300.1,1.002333333,330.1,1.0115,0.251085188471506,1.001788889,1.0102500001,0.185412281566787,0.00652259814163743,19,1.053111111,1.03520370366667,600.1,1380.1,-0.000161850494993895,2760.1,9750.1,-6.23238125199521e-06,1.01783689458974,0.0151517168771,0,0,0
30.1,0.144166667,270.1,1.051555556,300.1,1.052333333,330.1,1.0685,0.248381973591087,1.064388889,1.0934500001,0.181324147576871,0.00685258785172574,18,1.137222222,1.12129629633333,540.1,1290.1,-0.000119558088091168,2190.1,8340.1,-1.28624742398711e-05,1.10958063645631,0.0154767929724427,0,0,0
90.1,0.057333333,210.1,0.328833333,240.1,0.395944444,270.1,0.427222222,0.436667213362371,0.4130777774,0.4593277775,0.0219558028315478,0.0130139641883566,14,0.517472222,0.507490740666667,510.1,4170.1,-6.86499832406822e-05,4200.1,9930.1,-1.9256147122849e-05,0.306907407411458,0.0168156914327849,0,0,0
90.1,0.054333333,210.1,0.315833333,240.1,0.364944444,270.1,0.421222222,0.440019185307345,0.3972777774,0.4450277775,0.0231192931717976,0.0126100060516933,15,0.505111111,0.499685185,540.1,5670.1,-4.9237342649416e-05,5700.1,9930.1,-2.06963404719145e-05,0.295647887338028,0.0139690337454839,0,0,0
90.1,0.045333333,210.1,0.318833333,240.1,0.368944444,270.1,0.414222222,0.48765647736293,0.3952777774,0.4405277775,0.0171301968948066,0.014071374908917,15,0.498111111,0.492351851666667,510.1,5670.1,-5.088088097739e-05,5700.1,9930.1,-2.08547676006742e-05,0.286929577478873,0.0139733517737104,0,0,0
90.1,0.051333333,210.1,0.334833333,240.1,0.394944444,270.1,0.438222222,0.468823146834837,0.4220777774,0.4737277775,0.0197688575776523,0.0136053487568097,15,0.537111111,0.532685185,510.1,5670.1,-5.36296746139096e-05,5700.1,9930.1,-2.20528902252278e-05,0.313084507056338,0.0145190765446136,0,0,0
90.1,0.069333333,240.1,0.510944444,270.1,0.533222222,300.1,0.538444444,0.399467015582234,0.5412888886,0.5734944442,0.0461415453095263,0.0103085392132864,18,0.6095,0.606166666666667,600.1,5700.1,-3.19174868834649e-05,5730.1,9930.1,-3.74789874061389e-05,0.477163514595745,0.0235003701036216,0,0,0
90.1,0.076333333,240.1,0.541944444,270.1,0.557222222,300.1,0.563444444,0.392010756764327,0.5668888886,0.5942944442,0.0530408573157289,0.0100767233415801,15,0.623111111,0.622685185,540.1,5700.1,-3.60408332675878e-05,5730.1,9930.1,-3.94919160417825e-05,0.467092592609929,0.0247035192427927,0,0,0
120.1,0.124055556,240.1,0.524944444,270.1,0.542222222,300.1,0.551444444,0.360640734628298,0.5530888886,0.5844944442,0.0552033041827926,0.00967956585656549,18,0.6195,0.616166666666667,570.1,5700.1,-3.75506993404446e-05,5730.1,9930.1,-3.92929920010845e-05,0.464064223815603,0.0246180604224341,0,0,0
60.1,0.044777778,210.1,0.468833333,240.1,0.525944444,270.1,0.547222222,0.469707069795515,0.5340777774,0.5752277775,0.0255151978852044,0.0140931245391875,18,0.6245,0.621833333333333,570.1,3150.1,-4.93217729095283e-05,3480.1,9930.1,-3.78204493675403e-05,0.505813271606481,0.0360691572535255,0,0,0
360.1,0.179888889,450.1,0.480472222,480.1,0.520944444,510.1,0.5335,0.327476679722075,0.5287722222,0.5657388888,0.00715939350457035,0.00948062421681064,23,0.617694444,0.608787036666667,810.1,5670.1,-3.22954184154376e-05,5700.1,9930.1,-3.7355637622671e-05,0.474387323957746,0.0237217693190462,0,0,0
300.1,0.119444444,450.1,0.513472222,480.1,0.547944444,510.1,0.5615,0.291668914595445,0.5575722222,0.5934388888,0.0061220006874183,0.00998263479412072,23,0.644694444,0.63512037,780.1,5670.1,-5.54166282602169e-05,0,0,0,0,0,0,0,0
300.1,0.136444444,450.1,0.517472222,480.1,0.541944444,510.1,0.5555,0.266607663658124,0.5549722222,0.5861388888,0.0101980263887975,0.00886532836417618,23,0.627694444,0.62212037,780.1,5700.1,-5.2859345750363e-05,5730.1,9930.1,-4.48899781734378e-05,0.419362096156028,0.0281009724727452,0,0,0
360.1,0.206888889,450.1,0.515472222,480.1,0.555944444,510.1,0.5685,0.304300511806425,0.5641722222,0.6008388888,0.00779904327142838,0.00940023367132409,23,0.652694444,0.644453703333333,780.1,5730.1,-4.08599984101894e-05,0,0,0,0,0,0,0,0
60.1,0.089777778,210.1,0.555833333,240.1,0.568944444,270.1,0.607222222,0.364626200972369,0.5722777774,0.5440277775,0.0419885762189083,0.0125534085700167,10,0.607222222,0.585537036666667,390.1,2430.1,-0.000202652065514554,2790.1,9930.1,-2.42260773408107e-05,0.296355338601116,0.0257967946079278,0,0,0
60.1,0.103777778,240.1,0.631944444,270.1,0.628222222,300.1,0.605444444,0.301091603697623,0.6050888886,0.5826944442,0.07341497815588,0.00939205770228294,9,0.631944444,0.625666666333333,420.1,2430.1,-0.000233169545716431,2610.1,9930.1,-2.34582909022514e-05,0.299795181405442,0.0257771938220446,0,0,0
120.1,0.158055556,240.1,0.510944444,270.1,0.496222222,300.1,0.565444444,0.293328568165117,0.5292888886,0.5191944442,0.0957166313180841,0.00758343084386623,8,0.565833333,0.514037036666667,420.1,2460.1,-0.000199177728970893,2790.1,9930.1,-2.33601513520387e-05,0.303924860532078,0.0251654045071772,0,0,0
90.1,0.125333333,240.1,0.573944444,270.1,0.600222222,300.1,0.575444444,0.30431115042334,0.5626888886,0.5380944442,0.0718002997090337,0.00911696902840002,10,0.600222222,0.583203703333333,420.1,2490.1,-0.000184099929591462,2520.1,6510.1,-1.13808891231396e-05,0.324541666649254,0.0108760317718917,0,0,0
60.1,0.085777778,210.1,0.337833333,240.1,0.347944444,270.1,0.359222222,0.274158540191607,0.3566777774,0.3778277775,0.0869412097985324,0.0068392073429006,34,0.652472222,0.650092592333333,1080.1,8760.1,-4.13644928253099e-05,8790.1,9870.1,-2.26924293662084e-05,0.478811561540541,0.00635229426727395,0,0,0
90.1,0.071333333,240.1,0.349944444,270.1,0.362222222,300.1,0.373444444,0.318082137754975,0.3690888886,0.3910944442,0.0669772887235317,0.00724228705061788,34,0.669472222,0.667425925666667,1080.1,6840.1,-4.74381116824022e-05,6870.1,9900.1,-2.33509397259087e-05,0.500970588254902,0.0116924343459279,0,0,0
60.1,0.070777778,240.1,0.337944444,270.1,0.349222222,300.1,0.357444444,0.260556072288956,0.3540888886,0.3749944442,0.0747113160614564,0.00663544127635209,32,0.646055556,0.644148148333333,1050.1,6870.1,-4.71761064943599e-05,6900.1,9900.1,-2.44382536470588e-05,0.472801705188119,0.0117734720969654,0,0,0
60.1,0.092777778,210.1,0.337833333,240.1,0.354944444,270.1,0.368222222,0.258469105265484,0.3638777774,0.3883277775,0.0833606645275184,0.00697378121151277,33,0.665361111,0.663962963,1050.1,6870.1,-4.97645931181927e-05,6900.1,9900.1,-2.3880692008542e-05,0.481425467564356,0.0115199524332335,0,0,0
90.1,0.116333333,240.1,0.479944444,270.1,0.523222222,300.1,0.556444444,0.28344214497354,0.5472888886,0.5937944442,0.0678781455120296,0.00838263752457494,16,0.645472222,0.643175925666667,570.1,5700.1,-4.49896826031449e-05,5730.1,9900.1,-3.00442847361017e-05,0.471152380971429,0.0190250454447263,0,0,0
60.1,0.081777778,240.1,0.470944444,270.1,0.522222222,300.1,0.557444444,0.29178909827641,0.5514888886,0.6023944442,0.0593400706099658,0.00888424413280295,16,0.657472222,0.655509259,570.1,5700.1,-4.47318480572987e-05,5730.1,9870.1,-3.15968591646931e-05,0.481092126316547,0.0197773339244791,0,0,0
60.1,0.080777778,240.1,0.492944444,270.1,0.515222222,300.1,0.540444444,0.301449095848205,0.5432888886,0.5927944442,0.0587702175477091,0.00914119719981607,16,0.646472222,0.644509259,570.1,5700.1,-4.29566953988344e-05,5730.1,9900.1,-3.17672589403249e-05,0.478502380971428,0.0200273123894986,0,0,0
90.1,0.110333333,240.1,0.478944444,270.1,0.517222222,300.1,0.548444444,0.293615704739598,0.5422888886,0.5887944442,0.0546787941558332,0.00927718036484536,17,0.642944444,0.641305555333333,600.1,5730.1,-4.03253675742433e-05,5760.1,9900.1,-3.22293966137897e-05,0.48900979218705,0.0202229128495692,0,0,0
150.1,0.107416667,240.1,0.362472222,270.1,0.456222222,300.1,0.490777778,0.405410828712898,0.4651666666,0.5094416665,0.0174788977136679,0.0127149522354522,22,0.582166667,0.581305555666667,690.1,4350.1,-7.84889866836062e-05,4380.1,8430.1,-1.83380952936406e-05,0.409289624213235,0.0119960259018548,0,0,0
120.1,0.061,240.1,0.346472222,270.1,0.424222222,300.1,0.468777778,0.434232195963726,0.4449666666,0.4976416665,0.0166216933610921,0.0128137099340222,22,0.579166667,0.577972222333333,690.1,4320.1,-7.65142427383866e-05,4350.1,8430.1,-1.71507005292437e-05,0.409791768072993,0.0112247867398539,0,0,0
150.1,0.083416667,240.1,0.347472222,270.1,0.425222222,300.1,0.465777778,0.475612197198623,0.4431666666,0.4952416665,0.0140308792417971,0.0135377062646922,22,0.576166667,0.574638889,660.1,4320.1,-7.58864553997757e-05,4350.1,8430.1,-1.74450359720847e-05,0.407105636686131,0.0114124297741751,0,0,0
150.1,0.079416667,240.1,0.354472222,270.1,0.435222222,300.1,0.475777778,0.498640575529161,0.4501666666,0.4973416665,0.0117754365361443,0.0143220763199779,22,0.569166667,0.567972222333333,690.1,2190.1,-9.54181329110106e-05,4230.1,8430.1,-1.59963801880789e-05,0.403624704517731,0.0113592159129287,0,0,0
120.1,0.102,240.1,0.344472222,270.1,0.418222222,300.1,0.479777778,0.304260160279321,0.4493666666,0.5130416665,0.0394695064242088,0.00914000630925114,23,0.637972222,0.633277777666667,780.1,2130.1,-3.30587819056428e-05,4200.1,8430.1,-3.42792858010035e-05,0.535092723028169,0.0217174320731884,0,0,0
120.1,0.101,240.1,0.338472222,270.1,0.408222222,300.1,0.479777778,0.302330377526348,0.4565666666,0.5238416665,0.0407803625710722,0.0089615564166115,23,0.638972222,0.633944444333333,720.1,2190.1,-5.68312657414969e-05,4230.1,8430.1,-3.22396554424419e-05,0.509355200971631,0.0203923553719999,0,0,0
60.1,0.049166667,240.1,0.347472222,270.1,0.419222222,300.1,0.502777778,0.325911471871278,0.4469666666,0.5195416665,0.0340206637244668,0.00987480358581878,22,0.644166667,0.643305555666667,720.1,2190.1,-5.7100173304522e-05,4230.1,8430.1,-3.14565168948443e-05,0.51407860522695,0.0199128646389813,0,0,0
120.1,0.11,240.1,0.349472222,270.1,0.435222222,300.1,0.522777778,0.288985928366681,0.4531666666,0.5296416665,0.0433982046440664,0.00880917802728496,21,0.644777778,0.642777778,720.1,2160.1,-3.45364701020408e-05,4230.1,8430.1,-3.23658023950798e-05,0.53653250593617,0.0204829186427924,0,0,0
150.1,0.091416667,240.1,0.313472222,270.1,0.398222222,300.1,0.437777778,0.410760978651028,0.4191666666,0.4810416665,0.0146890991924292,0.0128282623784122,17,0.564472222,0.560009259,630.1,2190.1,-6.71892823845616e-05,4200.1,8430.1,-1.69190813266246e-05,0.450529342746479,0.0121124312554162,0,0,0
150.1,0.086416667,240.1,0.283472222,270.1,0.351222222,300.1,0.408777778,0.395977857901699,0.3833666666,0.4448416665,0.0152027097419109,0.0122605051717051,17,0.527472222,0.524342592333333,630.1,2220.1,-6.12133917311481e-05,4200.1,8430.1,-2.0096565115436e-05,0.413867370915493,0.0134249766357545,0,0,0
150.1,0.085416667,240.1,0.289472222,270.1,0.365222222,300.1,0.411777778,0.40683936502723,0.3905666666,0.4531416665,0.0167488084535363,0.0120130260437386,17,0.536472222,0.533675925666667,600.1,2220.1,-5.89861578643581e-05,4200.1,8430.1,-1.9891056908729e-05,0.418494131478873,0.0132690175649119,0,0,0
150.1,0.086416667,240.1,0.290472222,270.1,0.363222222,300.1,0.411777778,0.404109129359544,0.3905666666,0.4541416665,0.0167635744029839,0.0119572259480488,17,0.537472222,0.535342592333333,630.1,2430.1,-6.04588987237795e-05,4200.1,8430.1,-1.97517695653662e-05,0.41416314556338,0.0133720723276694,0,0,0
120.1,0.088,240.1,0.413472222,270.1,0.475222222,300.1,0.510777778,0.386813379994527,0.5055666666,0.5640416665,0.0266923758892354,0.0116472759879297,23,0.670972222,0.666277777666667,810.1,4380.1,-5.46582903109012e-05,7050.1,8430.1,-2.39213948812827e-05,0.512130614659575,0.00640697374827393,0,0,0
120.1,0.081,240.1,0.427472222,270.1,0.492222222,300.1,0.530777778,0.415860038453863,0.5247666666,0.5836416665,0.0245594882207577,0.0121588512020184,21,0.679777778,0.675444444666667,690.1,4320.1,-6.31598048991972e-05,4350.1,8430.1,-2.75352034259276e-05,0.513974249824818,0.0170218417729861,0,0,0
60.1,0.050166667,240.1,0.439472222,270.1,0.498222222,300.1,0.535777778,0.36170395155366,0.5307666666,0.5913416665,0.0257283212276615,0.0120019144471364,21,0.693777778,0.689777778,720.1,4380.1,-6.44144492577162e-05,4410.1,8430.1,-2.80604151048678e-05,0.524325514437037,0.0170199324134936,0,0,0
120.1,0.105,240.1,0.420472222,270.1,0.492222222,300.1,0.540777778,0.346854516905106,0.5247666666,0.5891416665,0.0353125832242197,0.0106201647607561,21,0.689777778,0.686777778,690.1,4350.1,-5.74178452477073e-05,4380.1,8430.1,-3.0563816076682e-05,0.531061683036765,0.018525627879973,0,0,0
90.1,0.064333333,210.1,0.368305556,240.1,0.429472222,270.1,0.463222222,0.436208753452477,0.4503555556,0.4980388888,0.0226600120395923,0.013443262137111,15,0.558861111,0.551259259,540.1,900.1,-0.000120136345054946,4230.1,8430.1,-2.23456816707337e-05,0.446234633595745,0.0147844143422717,0,0,0
90.1,0.055333333,240.1,0.407472222,270.1,0.446222222,300.1,0.469777778,0.39931945396439,0.4641666666,0.5001416665,0.0269026237186331,0.0115475033035304,15,0.547861111,0.537592592333333,1020.1,2160.1,-8.86336029284751e-05,4230.1,8430.1,-1.50625502581447e-05,0.414170803808511,0.0106648906098449,0,0,0
90.1,0.059333333,210.1,0.369305556,240.1,0.432472222,270.1,0.465222222,0.457113277604618,0.4517555556,0.4997388888,0.0190144305102134,0.0142748158374429,15,0.560861111,0.553259259,540.1,1230.1,-5.97278590144926e-05,4200.1,8430.1,-2.25749577646407e-05,0.43816314556338,0.0150139371005212,0,0,0
90.1,0.065333333,210.1,0.376305556,240.1,0.439472222,270.1,0.475222222,0.437724774211333,0.4605555556,0.5087388888,0.022208943130886,0.0136387512537604,15,0.566861111,0.562592592333333,540.1,2130.1,-5.95571367969e-05,4200.1,8430.1,-1.76659520764921e-05,0.426557511760563,0.011891836551877,0,0,0
150.1,0.082416667,270.1,0.370222222,300.1,0.440777778,330.1,0.455,0.375578934867768,0.450211111,0.5058722221,0.0208067256907393,0.0107408615497953,19,0.594777778,0.591833333333333,720.1,4320.1,-6.22727774131779e-05,4350.1,8430.1,-2.34702007190372e-05,0.446769870262774,0.0147598302629813,0,0,0
150.1,0.090416667,270.1,0.390222222,300.1,0.445777778,330.1,0.473,0.365571939244029,0.465011111,0.5211722221,0.0261984302712289,0.010068285117989,19,0.603777778,0.6025,690.1,2190.1,-0.000102718283740573,4230.1,8430.1,-2.3496415863122e-05,0.451596335723404,0.0153071336303603,0,0,0
150.1,0.103416667,270.1,0.403222222,300.1,0.464777778,330.1,0.514,0.34018042267148,0.489611111,0.5519722221,0.0344528715024558,0.00917048058364246,18,0.640333333,0.633527777666667,690.1,4320.1,-6.53821666432051e-05,4350.1,8430.1,-2.33827712693138e-05,0.475134833766423,0.0146239756528788,0,0,0
150.1,0.064416667,300.1,0.413777778,330.1,0.434,360.1,0.457361111,0.371991331524746,0.4521388888,0.4945888888,0.0179611639310149,0.0105970829112926,19,0.557777778,0.551833333333333,660.1,2190.1,-9.00188456188284e-05,4200.1,8430.1,-1.79916078411649e-05,0.419395539929577,0.0122307374922376,0,0,0
90.1,0.081333333,240.1,0.468472222,270.1,0.513222222,300.1,0.528777778,0.350184175207711,0.5217666666,0.5595416665,0.0470908512941479,0.0099262586497074,23,0.615972222,0.609611111,630.1,2220.1,-7.59189377574489e-05,4230.1,8430.1,-2.30177994839962e-05,0.480454491751773,0.0149543261572369,0,0,0
90.1,0.072333333,240.1,0.493472222,270.1,0.532222222,300.1,0.547777778,0.384036301856928,0.5437666666,0.5806416665,0.0402194893221228,0.0107781670772949,22,0.639166667,0.637638889,660.1,4350.1,-6.11366552579073e-05,4380.1,8430.1,-2.55187323497606e-05,0.482289624213235,0.0158828565291909,0,0,0
60.1,0.041166667,240.1,0.490472222,270.1,0.528222222,300.1,0.543777778,0.412956628316087,0.5393666666,0.5764416665,0.0382192139525058,0.0110174536966251,22,0.633166667,0.631972222333333,660.1,4380.1,-6.0259953316129e-05,4410.1,8430.1,-2.52597127343674e-05,0.4806884774,0.0156200910679714,0,0,0
90.1,0.057333333,240.1,0.474472222,270.1,0.507222222,300.1,0.521777778,0.422664178476441,0.5173666666,0.5521416665,0.0324108542059687,0.0114948336790016,23,0.604972222,0.601277777666667,660.1,4350.1,-5.62510533696304e-05,4380.1,7500.1,-2.18428287255511e-05,0.472333068828571,0.0111523011238041,0,0,0
60.1,0.064166667,210.1,0.355305556,240.1,0.425472222,270.1,0.470222222,0.342298854027926,0.4579555556,0.5277388888,0.031440820272995,0.0116103237641078,16,0.620222222,0.609851851666667,510.1,2160.1,-0.000113805853014354,4680.1,8430.1,-2.15272591288089e-05,0.38202843918254,0.0125510771315928,0,0,0
60.1,0.075166667,210.1,0.365305556,240.1,0.430472222,270.1,0.478222222,0.316205253678656,0.4645555556,0.5307388888,0.0407777506578444,0.0105813200840968,16,0.617222222,0.607185185,510.1,2160.1,-0.00011366686919116,4230.1,8430.1,-1.71805062208714e-05,0.409489952744681,0.0120958525388724,0,0,0
60.1,0.072166667,210.1,0.373305556,240.1,0.436472222,270.1,0.487222222,0.328683801177629,0.4707555556,0.5369388888,0.0382802662932617,0.0108777584687491,16,0.626222222,0.613851851666667,510.1,2160.1,-0.000129285461125541,4230.1,8430.1,-1.66259733498866e-05,0.407596335723404,0.0115483286870189,0,0,0
60.1,0.073166667,210.1,0.353305556,240.1,0.434472222,270.1,0.487222222,0.314918666370082,0.4663555556,0.5375388888,0.0385079731776013,0.0106082561424846,15,0.630861111,0.616259259,510.1,2190.1,-0.00012221454013482,4200.1,8430.1,-2.36364474686237e-05,0.383895539929577,0.0155833229538785,0,0,0
60.1,0.069166667,240.1,0.458472222,270.1,0.502222222,300.1,0.538777778,0.315230108254094,0.5291666666,0.5775416665,0.0395041881143171,0.0104551491283067,15,0.638861111,0.635259259,510.1,2160.1,-9.81644768466622e-05,4230.1,8430.1,-2.0425793547669e-05,0.43489420806383,0.0137852746041915,0,0,0
90.1,0.079333333,240.1,0.440472222,270.1,0.491222222,300.1,0.526777778,0.342837800485453,0.5187666666,0.5721416665,0.0370661243321102,0.0105366606741875,15,0.639861111,0.634259259,540.1,2160.1,-8.6143445069745e-05,4200.1,8430.1,-2.00578664252539e-05,0.443958920211268,0.0135915363012303,0,0,0
60.1,0.054166667,240.1,0.450472222,270.1,0.497222222,300.1,0.533777778,0.353038449252404,0.5279666666,0.5802416665,0.0387358854087509,0.0104986143744619,15,0.647861111,0.641259259,540.1,2190.1,-9.07112478058787e-05,4200.1,8430.1,-2.14429162969684e-05,0.446719483591549,0.0142934952056129,0,0,0
90.1,0.087333333,240.1,0.463472222,270.1,0.508222222,300.1,0.544777778,0.33380284819474,0.5355666666,0.5841416665,0.0435867891813671,0.0101617870895522,15,0.646861111,0.641592592333333,510.1,2160.1,-9.8323966479836e-05,4230.1,8430.1,-2.16921148799178e-05,0.443865839269504,0.0145059633208328,0,0,0
30.1,0.093916667,180.1,0.305444444,210.1,0.405305556,240.1,0.449472222,0.235872008314586,0.4398444444,0.494836111,0.0835405398631443,0.00698463971138403,21,0.590777778,0.575777778,600.1,2460.1,-0.000130482928523426,4230.1,7410.1,-3.23026218728162e-05,0.404851505747664,0.0164258542386534,0,0,0
30.1,0.116916667,240.1,0.464472222,270.1,0.506222222,300.1,0.550777778,0.197062903051803,0.5211666666,0.5457416665,0.0897487195637231,0.00701594559971801,23,0.599972222,0.595611111,630.1,2490.1,-0.000135810913888889,0,0,0,0,0,0,0,0
30.1,0.109916667,240.1,0.460472222,270.1,0.503222222,300.1,0.530777778,0.204647146646321,0.5083666666,0.5304416665,0.0861049976718931,0.00713633988992409,31,0.616916667,0.606083333666667,870.1,2760.1,-0.000149909654340659,4230.1,7410.1,-3.41273702678343e-05,0.407234683317757,0.0172112044851886,0,0,0
30.1,0.117916667,240.1,0.477472222,270.1,0.514222222,300.1,0.553777778,0.199789688755777,0.5281666666,0.5517416665,0.0915934623623464,0.00705828512169117,31,0.638916667,0.624416667,870.1,4320.1,-8.20697984077192e-05,4350.1,7410.1,-2.99938700002929e-05,0.403092233048544,0.0145771899295559,0,0,0
90.1,0.091333333,240.1,0.484472222,270.1,0.517222222,300.1,0.535777778,0.333708856456709,0.5365666666,0.5788416665,0.0520869962499687,0.00962850388242677,23,0.658972222,0.651944444333333,720.1,2130.1,-4.82641401939499e-05,4200.1,8430.1,-3.33653261216857e-05,0.541965962464789,0.0213301262211811,0,0,0
90.1,0.112333333,240.1,0.495472222,270.1,0.524222222,300.1,0.543777778,0.296808130587359,0.5439666666,0.5874416665,0.0650509499985876,0.00878902139832409,23,0.670972222,0.665277777666667,720.1,5040.1,-4.82876128869469e-05,5070.1,7500.1,-3.5959012241196e-05,0.530378387585366,0.0137308926005896,0,0,0
30.1,0.070916667,180.1,0.363444444,210.1,0.454305556,240.1,0.494472222,0.326824193098714,0.4772444444,0.543836111,0.0458389527194009,0.0115725459143194,23,0.677972222,0.672277777666667,720.1,2190.1,-6.32946510956386e-05,4170.1,7470.1,-3.10301697349948e-05,0.54532832836036,0.0159246935192928,0,0,0
30.1,0.073916667,240.1,0.480472222,270.1,0.517222222,300.1,0.536777778,0.267404439870592,0.5325666666,0.5788416665,0.0623245537852762,0.00887273574147133,22,0.666166667,0.663972222333333,690.1,2190.1,-5.97197920361988e-05,4890.1,7500.1,-3.24773304844257e-05,0.535675505102273,0.0134014229475741,0,0,0
150.1,0.135416667,270.1,0.494222222,300.1,0.526777778,330.1,0.535,0.323657202676796,0.534211111,0.5694722221,0.04021565211724,0.00952663584323025,21,0.615777778,0.613777778,630.1,2220.1,-7.10348770243314e-05,4200.1,8430.1,-2.61204283763385e-05,0.477754694859155,0.0170172684884532,0,0,0
120.1,0.094,270.1,0.526222222,300.1,0.554777778,330.1,0.566,0.344485763307064,0.565611111,0.5985722221,0.0469277019360605,0.00927153449146775,19,0.638777778,0.6375,600.1,4320.1,-5.08093417163338e-05,4350.1,8430.1,-2.97340074159463e-05,0.485806366613139,0.0184189653200922,0,0,0
120.1,0.064,270.1,0.493222222,300.1,0.523777778,330.1,0.531,0.408415348737518,0.530411111,0.5625722221,0.0319746838883879,0.0103938323130035,20,0.603388889,0.600981481666667,600.1,4320.1,-4.93924446349207e-05,4350.1,8430.1,-2.7897988971755e-05,0.459631184131387,0.0174532089188416,0,0,0
120.1,0.066,270.1,0.477222222,300.1,0.512777778,330.1,0.517,0.395665502918011,0.515411111,0.5458722221,0.0237076642402432,0.0113722459383964,19,0.584777778,0.584166666666667,600.1,2190.1,-7.82708990000637e-05,4200.1,8430.1,-2.503225473797e-05,0.447860328661972,0.0165056505023109,0,0,0
120.1,0.076,210.1,0.307305556,240.1,0.383472222,270.1,0.437222222,0.465703069579577,0.4135555556,0.4715388888,0.0141532453370794,0.0147307322656542,16,0.554222222,0.547518518333333,570.1,2160.1,-0.000121984767313386,4200.1,8430.1,-1.70406259492181e-05,0.377092723028169,0.0118171770660763,0,0,0
90.1,0.063333333,210.1,0.328305556,240.1,0.401472222,270.1,0.455222222,0.411383242420166,0.4309555556,0.4879388888,0.0197566727662594,0.0134694298082838,16,0.570222222,0.562851851666667,570.1,1260.1,-0.000180121578608696,4200.1,8430.1,-1.86153971973487e-05,0.41459976528169,0.0126354950398075,0,0,0
120.1,0.097,210.1,0.322305556,240.1,0.401472222,270.1,0.441222222,0.400263016255669,0.4241555556,0.4819388888,0.0244077005077753,0.0124198721697181,16,0.566222222,0.557851851666667,570.1,2190.1,-0.000126713965002405,4200.1,8430.1,-1.90117444321735e-05,0.373212441338028,0.0129959583316636,0,0,0
120.1,0.094,210.1,0.318305556,240.1,0.392472222,270.1,0.442222222,0.406572335698872,0.4197555556,0.4767388888,0.0254906305787141,0.0121354467015351,16,0.558222222,0.551518518333333,570.1,2130.1,-0.000120737097419771,4230.1,8430.1,-2.00087364459095e-05,0.378593511973995,0.0134580897263158,0,0,0
60.1,0.113166667,210.1,0.537305556,240.1,0.581472222,270.1,0.631222222,0.311541055399402,0.6241555556,0.6634388888,0.0737186360100332,0.00975801759508423,18,0.711333333,0.709861111,570.1,4410.1,-6.08664923099282e-05,7050.1,8430.1,-1.75384161578785e-05,0.53674763593617,0.00639919829359198,0,0,0
60.1,0.121166667,210.1,0.547305556,240.1,0.588472222,270.1,0.637222222,0.301568047739084,0.6307555556,0.6665388888,0.0842137976942491,0.00921738963322214,18,0.710333333,0.706861111,540.1,2220.1,-7.88875925849108e-05,4200.1,8430.1,-2.27554585145151e-05,0.551670187816901,0.0147261000793316,0,0,0
60.1,0.122166667,180.1,0.486444444,210.1,0.549305556,240.1,0.593472222,0.345434116111455,0.5930444444,0.646736111,0.0706806597518657,0.0108953564519031,18,0.707333333,0.706194444333333,540.1,4830.1,-6.04439882011094e-05,4860.1,8430.1,-2.47740327189388e-05,0.550920833366667,0.0135269285064278,0,0,0
60.1,0.105166667,210.1,0.556305556,240.1,0.605472222,270.1,0.649222222,0.333154261593101,0.6389555556,0.6692388888,0.0734359706247965,0.0099309970805095,18,0.706333333,0.704194444333333,570.1,2190.1,-5.31016513900916e-05,4200.1,8430.1,-3.11065520319257e-05,0.584402582183099,0.0196864351361333,0,0,0
60.1,0.075166667,240.1,0.466472222,270.1,0.510222222,300.1,0.542777778,0.304248433042216,0.5355666666,0.5846416665,0.0504395675701876,0.00942295277513369,16,0.652222222,0.641851851666667,1290.1,2220.1,-5.6322295478983e-05,4830.1,8430.1,-2.6114473163528e-05,0.549506657520661,0.0147020967063318,0,0,0
60.1,0.080166667,240.1,0.433472222,270.1,0.487222222,300.1,0.517777778,0.281286651783401,0.5063666666,0.5560416665,0.0550078355135176,0.00900166871680074,16,0.616222222,0.612851851666667,1320.1,2220.1,-6.07683691935488e-05,4860.1,8430.1,-2.76531678440632e-05,0.514995833366667,0.0152956383684592,0,0,0
60.1,0.095166667,270.1,0.497222222,300.1,0.522777778,330.1,0.543,0.236201044142175,0.542011111,0.5813722221,0.0704469105448102,0.00744819796627109,16,0.627222222,0.621185185,1320.1,2250.1,-6.38199876832843e-05,4860.1,8430.1,-2.81983445924485e-05,0.522170833366667,0.0155192410478207,0,0,0
60.1,0.103166667,270.1,0.494222222,300.1,0.520777778,330.1,0.541,0.223805635922429,0.542011111,0.5832722221,0.0745987902314737,0.00719860404849536,16,0.626222222,0.625518518333333,990.1,4830.1,-4.2091356458706e-05,4860.1,8430.1,-2.91585964617913e-05,0.5222041667,0.0159808320186731,0,0,0
90.1,0.117333333,240.1,0.505472222,270.1,0.541222222,300.1,0.558777778,0.292094840265684,0.5583666666,0.6071416665,0.05954598042017,0.00917148881286953,21,0.684777778,0.683444444666667,660.1,2190.1,-5.59996646518116e-05,4170.1,8430.1,-3.34483330974972e-05,0.552185314706294,0.0214409359018783,0,0,0
60.1,0.102166667,240.1,0.517472222,270.1,0.558222222,300.1,0.577777778,0.27039172940556,0.5757666666,0.6277416665,0.0694276475936785,0.0086794535202538,19,0.704777778,0.702166666666667,630.1,2220.1,-7.99212247786036e-05,4170.1,7500.1,-2.94778738451157e-05,0.560063244080357,0.0153170934559202,0,0,0
60.1,0.083166667,240.1,0.479472222,270.1,0.526222222,300.1,0.551777778,0.291973221822604,0.5461666666,0.5999416665,0.0515935340723919,0.00957725664927291,20,0.678388889,0.677648148333333,630.1,2220.1,-7.65669270846834e-05,4170.1,7470.1,-2.79238166286417e-05,0.542535535567568,0.014584067872739,0,0,0
60.1,0.085166667,240.1,0.512472222,270.1,0.552222222,300.1,0.570777778,0.299106063946414,0.5683666666,0.6191416665,0.0498070667520907,0.00992689958135371,20,0.696388889,0.694314815,630.1,2220.1,-6.57315290794741e-05,4200.1,8430.1,-3.08370582652788e-05,0.555381455422535,0.0197826624564122,0,0,0
90.1,0.055888889,210.1,0.295305556,240.1,0.389833333,270.1,0.467916667,0.416161252146484,0.429738889,0.4911361112,0.0173932721565117,0.0135046247803703,15,0.566972222,0.560490740666667,540.1,2220.1,-5.36424875378103e-05,2250.1,7200.1,-2.65054046742003e-05,0.462711345349398,0.0196364902375938,0,0,0
120.1,0.085444444,240.1,0.398833333,270.1,0.477916667,300.1,0.498361111,0.385169307719171,0.487238889,0.5287638889,0.0251106758993796,0.0116823317858745,15,0.576972222,0.572490740666667,540.1,2220.1,-5.80327735977879e-05,2250.1,7230.1,-2.76595117262892e-05,0.467570359251497,0.020561186947813,0,0,0
120.1,0.079444444,240.1,0.400833333,270.1,0.475916667,300.1,0.493361111,0.404621938179206,0.485038889,0.5257638889,0.021806203626068,0.0122280591287816,16,0.575638889,0.569666666666667,540.1,2220.1,-5.3798048854896e-05,2250.1,7230.1,-3.00387797710947e-05,0.466279579697605,0.0223228236554851,0,0,0
90.1,0.050888889,240.1,0.392833333,270.1,0.472916667,300.1,0.492361111,0.408748164779634,0.484238889,0.5295638889,0.0222942336987015,0.0121090988506745,16,0.584638889,0.58,540.1,2160.1,-5.15711347474748e-05,2190.1,7230.1,-2.88580968224687e-05,0.476700525940828,0.0216100785268649,0,0,0
210.1,0.113305556,300.1,0.360361111,330.1,0.457277778,360.1,0.506805556,0.385672803340864,0.4792555556,0.5374944445,0.00954868458140595,0.0121365316875316,20,0.626416667,0.622462963,720.1,5070.1,-6.38525581606626e-05,5490.1,7230.1,-3.3521440981882e-05,0.452070621457627,0.0100464390379372,0,0,0
150.1,0.044722222,330.1,0.450277778,360.1,0.511805556,390.1,0.528861111,0.384899027035613,0.5223111112,0.5634916667,0.0111012005953406,0.0113518230469703,21,0.624333333,0.622111111,720.1,5070.1,-6.58300709418732e-05,5100.1,7230.1,-3.26804393476536e-05,0.450489197541667,0.011426316053291,0,0,0
210.1,0.113305556,360.1,0.512805556,390.1,0.528861111,420.1,0.543972222,0.301961707079435,0.5463333334,0.5788222222,0.0243830497958587,0.0086411371060421,20,0.620416667,0.616796296333333,720.1,5070.1,-6.39505019201219e-05,0,0,0,0,0,0,0,0
210.1,0.112305556,360.1,0.495805556,390.1,0.516861111,420.1,0.531972222,0.296992098105538,0.5325333334,0.5652222222,0.0218558262083504,0.00882491949584919,20,0.607416667,0.603796296333333,720.1,5040.1,-6.17043540145909e-05,5070.1,7230.1,-3.01284162717512e-05,0.444697869109589,0.0109296701727192,0,0,0
90.1,0.089888889,240.1,0.691833333,270.1,0.719916667,300.1,0.719361111,0.408154147476961,0.712638889,0.7101638889,0.0602819381224368,0.0105249243706398,10,0.719916667,0.710370370333333,510.1,7650.1,-6.40597575626736e-05,7680.1,8310.1,-1.16036139657446e-05,0.483604798045455,0.00384137578895116,0,0,0
90.1,0.089888889,240.1,0.691833333,270.1,0.727916667,300.1,0.724361111,0.408154147476961,0.716838889,0.7151638889,0.0639872305454406,0.0102843075812587,10,0.727916667,0.714703703666667,510.1,7680.1,-6.66600966595484e-05,0,0,0,0,0,0,0,0
90.1,0.077888889,240.1,0.669833333,270.1,0.722916667,300.1,0.720361111,0.430349122719721,0.712238889,0.7160638889,0.0582553769897792,0.0105720390642433,12,0.726277778,0.722814815,510.1,7680.1,-6.83728000050927e-05,0,0,0,0,0,0,0,0
90.1,0.080888889,240.1,0.666833333,270.1,0.716916667,300.1,0.716361111,0.421892733379042,0.705438889,0.7091638889,0.0600440176553335,0.0104178520624435,10,0.716916667,0.700037037,510.1,7680.1,-6.73636261054928e-05,0,0,0,0,0,0,0,0
90.1,0.049888889,240.1,0.458833333,270.1,0.512916667,300.1,0.534361111,0.443777744510973,0.526438889,0.5751638889,0.020765938768768,0.0131295198196974,21,0.657333333,0.655777777666667,690.1,5700.1,-3.8184265922424e-05,0,0,0,0,0,0,0,0
120.1,0.073444444,240.1,0.458833333,270.1,0.511916667,300.1,0.530361111,0.458039444681011,0.524238889,0.5706638889,0.0225099361605,0.0127657507941339,22,0.655583333,0.651129629333333,720.1,5100.1,-3.57085210028031e-05,5130.1,7260.1,-3.98100213304178e-05,0.532197916666667,0.0132782541343758,0,0,0
120.1,0.069444444,240.1,0.462833333,270.1,0.516916667,300.1,0.535361111,0.47420998783959,0.528438889,0.5749638889,0.0202192425870714,0.0132354762861174,22,0.665583333,0.659129629333333,720.1,5070.1,-3.62324179931171e-05,0,0,0,0,0,0,0,0
90.1,0.042888889,270.1,0.511916667,300.1,0.527361111,330.1,0.546277778,0.413258176217965,0.5488444446,0.5880444445,0.0316360385659405,0.0106343145086443,21,0.655333333,0.653777777666667,690.1,5100.1,-3.0415643767175e-05,5130.1,7290.1,-3.92823761940021e-05,0.543513318109589,0.0133153292746295,0,0,0
90.1,0.086888889,240.1,0.646833333,270.1,0.692916667,300.1,0.700361111,0.401491699427531,0.686238889,0.6833638889,0.0503609565734793,0.0109704655776781,12,0.701277778,0.697148148333333,480.1,7650.1,-6.73591700105326e-05,7680.1,8310.1,3.75494052324479e-06,0.411968434409091,0.00407544138044539,0,0,0
90.1,0.098888889,240.1,0.650833333,270.1,0.702916667,300.1,0.695361111,0.376851341204001,0.687638889,0.6843638889,0.0613492701355163,0.0101746056964544,10,0.702916667,0.683037037,480.1,7650.1,-6.69854077345672e-05,7680.1,8310.1,-2.56917014869178e-06,0.414241161681818,0.00362736865673363,0,0,0
60.1,0.065222222,240.1,0.647833333,270.1,0.695916667,300.1,0.710361111,0.382638870337485,0.692438889,0.6909638889,0.05220681175507,0.010850614897356,12,0.711277778,0.706148148333333,480.1,7650.1,-6.68439700938673e-05,7680.1,8310.1,-3.99962375305869e-06,0.423786616227273,0.00373091250104693,0,0,0
60.1,0.054222222,240.1,0.636833333,270.1,0.679916667,300.1,0.700361111,0.410569525546142,0.681038889,0.6861638889,0.0450101201105633,0.0114038810937578,11,0.700361111,0.693185185333333,480.1,7650.1,-6.55337621620167e-05,7680.1,8310.1,1.42104253717296e-06,0.4320593435,0.00317367063685688,0,0,0
120.1,0.069444444,270.1,0.513916667,300.1,0.536361111,330.1,0.559277778,0.400306811970385,0.5558444446,0.5982444445,0.0301173242795598,0.0107944060935327,22,0.665583333,0.661129629333333,660.1,5070.1,-4.16582382366478e-05,5100.1,7170.1,-3.66538039238327e-05,0.522666666671428,0.0121355237108546,0,0,0
60.1,0.046222222,270.1,0.512916667,300.1,0.542361111,330.1,0.561277778,0.343807530194726,0.5584444446,0.6010444445,0.0279582775535024,0.011032202909945,22,0.671583333,0.667129629333333,690.1,5040.1,-4.30337751825679e-05,5070.1,7260.1,-3.68582282927311e-05,0.529037537540541,0.012880487305448,0,0,0
120.1,0.070444444,270.1,0.506916667,300.1,0.534361111,330.1,0.549277778,0.394704450879683,0.5436444446,0.5893444445,0.0277410563654782,0.0110087385054103,22,0.663583333,0.657129629333333,690.1,2250.1,-7.34696317153144e-05,5040.1,7230.1,-3.52470280182648e-05,0.52428453454054,0.0124425772719251,0,0,0
120.1,0.068444444,270.1,0.503916667,300.1,0.531361111,330.1,0.546277778,0.399277706288581,0.5456444446,0.5875444445,0.0278318680501112,0.0109746616082964,22,0.652583333,0.649129629333333,690.1,2220.1,-4.7970441384217e-05,5070.1,7260.1,-3.64514653654203e-05,0.535632132135135,0.0126785980198939,0,0,0
30.1,0.098472222,240.1,0.689833333,270.1,0.706916667,300.1,0.708361111,0.278096503397722,0.701838889,0.6760638889,0.0929525442113933,0.00870760285669661,12,0.709277778,0.704148148333333,1260.1,7650.1,-8.15924834123221e-05,7680.1,8310.1,-6.40880877093917e-06,0.407786616227273,0.00377672125312441,0,0,0
30.1,0.063472222,240.1,0.688833333,270.1,0.728916667,300.1,0.723361111,0.34062814048981,0.712638889,0.6851638889,0.0703758711292942,0.00978663967120434,10,0.728916667,0.713703703666667,1170.1,7680.1,-7.87189841424925e-05,0,0,0,0,0,0,0,0
30.1,0.082472222,240.1,0.684833333,270.1,0.720916667,300.1,0.714361111,0.302387709365068,0.710638889,0.6846638889,0.0774014629000231,0.00936458793333944,12,0.722277778,0.715814815,420.1,750.1,-0.000354377103496504,1140.1,2550.1,-5.92860964358084e-05,0.650316550895833,0.0131485930617467,0,0,0
30.1,0.083472222,240.1,0.679833333,270.1,0.711916667,300.1,0.706361111,0.299619109106888,0.703038889,0.6799638889,0.0744639735157307,0.00948907979911628,12,0.716277778,0.707814815,420.1,750.1,-0.000373491322610724,1170.1,2490.1,-5.33028353184016e-05,0.6451339506,0.0110537206418117,0,0,0
30.1,0.081472222,240.1,0.500833333,270.1,0.514916667,300.1,0.528361111,0.259430178468848,0.531438889,0.5644638889,0.0621934336119048,0.00874499951415052,20,0.626416667,0.613129629666667,990.1,1830.1,-6.10463424958949e-05,1860.1,4650.1,-2.16844674652315e-05,0.54905260043617,0.0109747626401258,0,0,0
30.1,0.049472222,210.1,0.375305556,240.1,0.463833333,270.1,0.494916667,0.337721528307729,0.473738889,0.5190361112,0.041519852847408,0.0105336129136095,34,0.615055556,0.598342592666667,1050.1,1860.1,-7.42149653347929e-05,1890.1,3810.1,-4.62614930827505e-05,0.543726923061538,0.0145941878983203,0,0,0
30.1,0.066472222,210.1,0.387305556,240.1,0.473833333,270.1,0.506916667,0.293738297629543,0.484138889,0.5303361112,0.0544773661317927,0.00941657176061803,20,0.619416667,0.603129629666667,1020.1,3090.1,-4.90446382142129e-05,0,0,0,0,0,0,0,0
30.1,0.073472222,270.1,0.498916667,300.1,0.511361111,330.1,0.524277778,0.239441459874219,0.5262444446,0.5525444445,0.0696350314599541,0.00757007285246944,38,0.666611111,0.635009259,1140.1,1890.1,-0.000207540361641026,0,0,0,0,0,0,0,0
90.1,0.066888889,240.1,0.462833333,270.1,0.498916667,300.1,0.526361111,0.386866829544962,0.517038889,0.5575638889,0.0336044962069134,0.0111595636133909,27,0.621916667,0.616314815,690.1,5040.1,-3.89196231448043e-05,0,0,0,0,0,0,0,0
90.1,0.065888889,240.1,0.463833333,270.1,0.500916667,300.1,0.525361111,0.390311093646268,0.518438889,0.5604638889,0.0338535487507848,0.0111311978105552,25,0.631166667,0.625398148333333,690.1,5040.1,-4.43578154269133e-05,0,0,0,0,0,0,0,0
90.1,0.063888889,240.1,0.482833333,270.1,0.512916667,300.1,0.535361111,0.404505212530133,0.530638889,0.5742638889,0.0314243865404704,0.0115969965649807,24,0.647277778,0.643638889,690.1,5070.1,-4.38608444330268e-05,0,0,0,0,0,0,0,0
90.1,0.074888889,240.1,0.465833333,270.1,0.502916667,300.1,0.526361111,0.365564476117163,0.518838889,0.5601638889,0.0359171078187071,0.0108944933406117,24,0.625277778,0.622638889,660.1,5040.1,-4.46620370082131e-05,5070.1,7230.1,-3.47748435209183e-05,0.487245814315068,0.0119691835126552,0,0,0
90.1,0.060888889,270.1,0.515916667,300.1,0.544361111,330.1,0.565277778,0.35614909049012,0.5588444446,0.5989444445,0.041619081539719,0.00967420152295245,19,0.649638889,0.648546296333333,630.1,5040.1,-4.4035403093122e-05,0,0,0,0,0,0,0,0
90.1,0.067888889,270.1,0.513916667,300.1,0.543361111,330.1,0.560277778,0.337364790396678,0.5564444446,0.5945444445,0.0397122446241652,0.00974340505442408,20,0.644416667,0.642462963,630.1,5040.1,-4.27075583328706e-05,0,0,0,0,0,0,0,0
90.1,0.067888889,270.1,0.512916667,300.1,0.540361111,330.1,0.558277778,0.337040167668066,0.5562444446,0.5941444445,0.0371221481155776,0.00997260782716882,20,0.645416667,0.642796296333333,630.1,5010.1,-4.13373046649389e-05,0,0,0,0,0,0,0,0
150.1,0.140722222,270.1,0.498916667,300.1,0.527361111,330.1,0.545277778,0.316412797819778,0.5424444446,0.5817444445,0.0420374335323576,0.00933136867373714,20,0.632416667,0.630129629666667,630.1,5010.1,-3.45549841839883e-05,0,0,0,0,0,0,0,0
120.1,0.060444444,300.1,0.484361111,330.1,0.514277778,360.1,0.527805556,0.346851010577534,0.5292555556,0.5651944445,0.0311658904636203,0.00943165785289619,17,0.615388889,0.604203703666667,600.1,2850.1,-4.73934584688993e-05,2880.1,5370.1,-2.76301097242751e-05,0.506908730119048,0.010863837885046,0,0,0
150.1,0.105722222,300.1,0.502361111,330.1,0.531277778,360.1,0.543805556,0.311700819682174,0.5462555556,0.5820944445,0.0404669472680282,0.00861622281133897,17,0.627388889,0.619537037,630.1,1320.1,-6.3500805681159e-05,0,0,0,0,0,0,0,0
60.1,0.047222222,240.1,0.362833333,270.1,0.459916667,300.1,0.509361111,0.339846500700914,0.483238889,0.5450638889,0.0184874886960969,0.0125605357738175,17,0.627388889,0.623870370333333,600.1,1320.1,-6.95925928717952e-05,4200.1,5370.1,-3.69738027767354e-05,0.52225694435,0.00776015185149302,0,0,0
60.1,0.045222222,240.1,0.347833333,270.1,0.446916667,300.1,0.498361111,0.340022472283077,0.470438889,0.5339638889,0.0200829097055579,0.0120837755916793,17,0.619388889,0.614537037,600.1,4080.1,-4.30006277555485e-05,5490.1,7260.1,-3.18987786885246e-05,0.475299999983333,0.00981090018193068,0,0,0
60.1,0.162222222,240.1,0.710833333,270.1,0.728916667,300.1,0.731361111,0.246245142372082,0.727638889,0.7157638889,0.106742818258069,0.00820120530658475,12,0.738277778,0.732814815,450.1,780.1,-0.000335897434731934,0,0,0,0,0,0,0,0
30.1,0.116472222,240.1,0.713833333,270.1,0.730916667,300.1,0.734361111,0.25899952873052,0.729638889,0.7112638889,0.10593381693959,0.00829517736763596,12,0.741277778,0.734481481666667,420.1,960.1,-0.000283986354736842,0,0,0,0,0,0,0,0
30.1,0.118472222,240.1,0.713833333,270.1,0.739916667,300.1,0.731361111,0.256567284046631,0.732838889,0.7164638889,0.096504237970915,0.00863092888468559,12,0.742277778,0.736814815,420.1,1110.1,-0.00022720209336232,0,0,0,0,0,0,0,0
30.1,0.111472222,240.1,0.684833333,270.1,0.719916667,300.1,0.718361111,0.25934286705019,0.712838889,0.6988638889,0.0939248728124372,0.00860027681613135,12,0.727277778,0.719814815,420.1,1200.1,-0.000288773572120472,0,0,0,0,0,0,0,0
120.1,0.057444444,240.1,0.336833333,270.1,0.399916667,300.1,0.433361111,0.442192489437673,0.421038889,0.4727638889,0.0104949262076736,0.0145480175251895,16,0.537638889,0.530666666666667,600.1,4410.1,-4.40725576584722e-05,5490.1,7200.1,-2.46315837521917e-05,0.390224137913793,0.00805192983446967,0,0,0
120.1,0.075444444,240.1,0.357833333,270.1,0.422916667,300.1,0.454361111,0.389167695846933,0.446038889,0.5038638889,0.0193695973086204,0.0122858177304067,17,0.580388889,0.575537037,600.1,4170.1,-4.71098494476467e-05,4200.1,7200.1,-2.69896891244418e-05,0.42999339929703,0.0129140452176347,0,0,0
90.1,0.062888889,240.1,0.380833333,270.1,0.444916667,300.1,0.472361111,0.360198466118246,0.465238889,0.5169638889,0.0258270305263434,0.0113594447026403,16,0.583638889,0.574,570.1,4080.1,-5.27509251028355e-05,5490.1,7230.1,-2.62508389947399e-05,0.418223163830509,0.00856820199854871,0,0,0
120.1,0.085444444,240.1,0.359833333,270.1,0.426916667,300.1,0.463361111,0.359443643348133,0.448238889,0.5007638889,0.0230928013659642,0.0115790419220242,18,0.571583333,0.560870370333333,600.1,3990.1,-5.16738856545365e-05,4770.1,7200.1,-2.47148586214777e-05,0.4120033875,0.0103227009318394,0,0,0
120.1,0.115444444,270.1,0.505916667,300.1,0.536361111,330.1,0.564277778,0.29551651121763,0.5542444446,0.5916444445,0.0519249786632084,0.00875758270987635,24,0.651277778,0.649972222333333,720.1,4320.1,-3.48937211507023e-05,0,0,0,0,0,0,0,0
120.1,0.102444444,270.1,0.508916667,300.1,0.540361111,330.1,0.565277778,0.320592728441628,0.5572444446,0.5919444445,0.0444667553901584,0.00932859554106146,24,0.648277778,0.644638889,720.1,5040.1,-3.71827563659265e-05,5070.1,7200.1,-3.47984748129569e-05,0.526399691361111,0.0120220706352015,0,0,0
90.1,0.055888889,270.1,0.488916667,300.1,0.516361111,330.1,0.540277778,0.361471077511341,0.5312444446,0.5678444445,0.034933754581215,0.010072645318335,22,0.627583333,0.624462962666667,720.1,4380.1,-3.87130452773728e-05,0,0,0,0,0,0,0,0
120.1,0.078444444,270.1,0.480916667,300.1,0.508361111,330.1,0.527277778,0.362660670224957,0.5206444446,0.5531444445,0.0293692311289839,0.0105879542247704,22,0.609583333,0.605796296,720.1,2250.1,-5.1793354164888e-05,2280.1,7260.1,-2.71478128101801e-05,0.52701546902994,0.0202171050977935,0,0,0
120.1,0.061444444,270.1,0.445916667,300.1,0.479361111,330.1,0.498277778,0.396399734463597,0.4958444446,0.5300444445,0.022666631555235,0.0112682966255591,18,0.580583333,0.567203703666667,570.1,2370.1,-8.47785809307243e-05,2400.1,5370.1,-2.4544743429943e-05,0.44172611107,0.011951245062872,0,0,0
120.1,0.065444444,240.1,0.363833333,270.1,0.434916667,300.1,0.467361111,0.428873571720381,0.451838889,0.5018638889,0.0155464236867529,0.0133171208902596,16,0.567638889,0.558333333333333,570.1,3750.1,-5.77191697074785e-05,5490.1,7260.1,-2.32241468463462e-05,0.407349999983333,0.00840832893423231,0,0,0
120.1,0.069444444,240.1,0.381833333,270.1,0.448916667,300.1,0.477361111,0.426114286588069,0.462238889,0.5109638889,0.0176665560345654,0.0129755178798712,16,0.606638889,0.568666666666667,570.1,2400.1,-0.000101551207549546,2430.1,5370.1,-2.28401475555557e-05,0.431116722737374,0.0111925220404361,0,0,0
120.1,0.086444444,240.1,0.385833333,270.1,0.450916667,300.1,0.475361111,0.373975888681891,0.463438889,0.5069638889,0.0237914744541214,0.0117623006259214,16,0.564638889,0.555,570.1,3720.1,-6.17070046260422e-05,5490.1,7260.1,-2.08068086968602e-05,0.400033333316667,0.00795748444111925,0,0,0
120.1,0.090444444,240.1,0.359833333,270.1,0.455916667,300.1,0.481361111,0.34522629415202,0.468638889,0.5268638889,0.030060599551228,0.0104476709873899,18,0.611583333,0.608870370333333,630.1,3780.1,-5.60990241771421e-05,5490.1,7260.1,-2.61119860609429e-05,0.451833333316667,0.00867902722308955,0,0,0
120.1,0.085444444,240.1,0.365833333,270.1,0.457916667,300.1,0.486361111,0.363577867100548,0.473838889,0.5331638889,0.0283914811659737,0.0107887053511537,18,0.618583333,0.616870370333333,600.1,3780.1,-5.92742078697988e-05,5490.1,7260.1,-2.73271384180791e-05,0.448899999983333,0.00878209183181999,0,0,0
150.1,0.112722222,270.1,0.444916667,300.1,0.476361111,330.1,0.509277778,0.343240104875789,0.5000444446,0.5431444445,0.0279114505933349,0.0103414080457295,18,0.596583333,0.595537037,600.1,3750.1,-5.523413931397e-05,0,0,0,0,0,0,0,0
150.1,0.090722222,240.1,0.316833333,270.1,0.410916667,300.1,0.456361111,0.416857846527825,0.433838889,0.4910638889,0.0185819408644873,0.0120107214741002,17,0.566388889,0.564537037,600.1,3720.1,-5.29230500248807e-05,5490.1,7290.1,-2.41269563793407e-05,0.41598724952459,0.00825504367985003,0,0,0
90.1,0.064029412,270.1,0.466764706,300.1,0.494352941,330.1,0.514823529,0.331080458143862,0.5128529412,0.5454147059,0.0373318643250426,0.00964220882164667,16,0.589529412,0.581794117666667,570.1,2430.1,-0.000101052679150666,3000.1,6090.1,-1.8241339737544e-05,0.422438348346154,0.00993506605055615,0,0,0
90.1,0.054029412,240.1,0.398882353,270.1,0.438764706,300.1,0.462352941,0.399827590764241,0.457417647,0.498182353,0.0200744885216014,0.0125764773700603,16,0.551529412,0.545127451,570.1,2430.1,-8.69621773585509e-05,2970.1,6090.1,-1.70194491658027e-05,0.406180111971429,0.00958723903802067,0,0,0
90.1,0.054029412,270.1,0.457764706,300.1,0.487352941,330.1,0.512823529,0.356137790798566,0.5102529412,0.5368147059,0.0364608216716188,0.00966601705261087,15,0.579529412,0.567705882666667,540.1,2430.1,-8.18140845924911e-05,2940.1,6090.1,-1.95840846290652e-05,0.423691731339623,0.0104478305001821,0,0,0
90.1,0.065029412,270.1,0.475764706,300.1,0.501352941,330.1,0.524823529,0.331680626171969,0.5244529412,0.5531147059,0.0468858349432942,0.00887862049200108,15,0.595529412,0.584372549333333,540.1,2460.1,-8.74910873572262e-05,2970.1,6090.1,-1.89580765761283e-05,0.437837254828571,0.0102018546426163,0,0,0
90.1,0.096029412,240.1,0.630882353,270.1,0.672764706,300.1,0.673352941,0.376492976057728,0.666017647,0.668182353,0.0619308632969882,0.00997113948715148,13,0.677264706,0.675049019666667,480.1,3540.1,-6.6261252999019e-05,0,0,0,0,0,0,0,0
90.1,0.091029412,240.1,0.631882353,270.1,0.678764706,300.1,0.679352941,0.387504112682986,0.670817647,0.669782353,0.0565955133839947,0.0103333971136061,12,0.682823529,0.681147058666667,480.1,2460.1,-7.30195358687845e-05,0,0,0,0,0,0,0,0
30.1,0.049058824,240.1,0.645882353,270.1,0.685764706,300.1,0.689352941,0.368228186171932,0.680817647,0.680682353,0.0614920980595296,0.0101580016980076,13,0.692264706,0.689715686333333,480.1,2520.1,-6.91692636146631e-05,0,0,0,0,0,0,0,0
30.1,0.059058824,240.1,0.683882353,270.1,0.698764706,300.1,0.700352941,0.34989313430393,0.697217647,0.693882353,0.0740987460647726,0.00960881073297925,12,0.701823529,0.701147058666667,480.1,2490.1,-6.53704547619957e-05,0,0,0,0,0,0,0,0
30.1,0.069058824,240.1,0.685882353,270.1,0.704764706,300.1,0.708352941,0.327963921826842,0.693017647,0.664882353,0.0750441327995556,0.00961052575301998,11,0.708352941,0.704313725333333,1410.1,6390.1,-7.1873296354222e-05,0,0,0,0,0,0,0,0
90.1,0.082029412,240.1,0.646882353,270.1,0.682764706,300.1,0.686352941,0.413017315493183,0.678217647,0.650582353,0.0485576373786673,0.011072669601214,12,0.694823529,0.687147058666667,1290.1,6390.1,-7.68685144493246e-05,0,0,0,0,0,0,0,0
30.1,0.043058824,240.1,0.679882353,270.1,0.714764706,300.1,0.721352941,0.394193227439139,0.708617647,0.679382353,0.0540700308418685,0.0108952906288278,12,0.727823529,0.716147058666667,1380.1,6390.1,-8.2718546778801e-05,0,0,0,0,0,0,0,0
30.1,0.051058824,240.1,0.678882353,270.1,0.712764706,300.1,0.715352941,0.36963849537573,0.707617647,0.679682353,0.0596020781567385,0.010506993012379,12,0.721823529,0.715480392,420.1,780.1,-0.000228700712820511,0,0,0,0,0,0,0,0
90.1,0.077029412,210.1,0.327911765,240.1,0.410882353,270.1,0.449764706,0.36213931002555,0.4215470588,0.4716441177,0.0281475251678274,0.011696586439363,17,0.544323529,0.541715686333333,570.1,900.1,-0.000291128480186479,2880.1,6090.1,-3.69106013061247e-05,0.459700707990741,0.0182665273269445,0,0,0
30.1,0.038058824,210.1,0.309911765,240.1,0.387882353,270.1,0.444764706,0.349525777520493,0.4117470588,0.4612441177,0.0281611710622033,0.0115369340654194,16,0.529529412,0.522127451,570.1,990.1,-0.000175112044285714,2970.1,6090.1,-3.58369210021425e-05,0.447265826257143,0.0173615362452369,0,0,0
30.1,0.042058824,210.1,0.321911765,240.1,0.402882353,270.1,0.451764706,0.339201379404643,0.4165470588,0.4621441177,0.029301989358552,0.0114594023399144,18,0.538294118,0.530607843,600.1,1080.1,-0.000265095154248366,0,0,0,0,0,0,0,0
30.1,0.050058824,210.1,0.284911765,240.1,0.375882353,270.1,0.430764706,0.289830123654112,0.3985470588,0.4538441177,0.0331443706617862,0.0103510423796567,17,0.528323529,0.526049019666667,570.1,1140.1,-0.000166088750726817,2970.1,6090.1,-3.69869659257724e-05,0.442237254828571,0.0177738339128228,0,0,0
30.1,0.062058824,240.1,0.664882353,270.1,0.691764706,300.1,0.691352941,0.338789628969443,0.686417647,0.659382353,0.0619120843858617,0.0102111083255536,12,0.698823529,0.691813725333333,420.1,750.1,-0.000316104485314688,0,0,0,0,0,0,0,0
30.1,0.068058824,240.1,0.672882353,270.1,0.701764706,300.1,0.711352941,0.327314016357855,0.703417647,0.679682353,0.070248618877197,0.00973664777213084,12,0.722823529,0.714147058666667,420.1,750.1,-0.000343377212587414,0,0,0,0,0,0,0,0
30.1,0.059058824,240.1,0.668882353,270.1,0.701764706,300.1,0.708352941,0.346724889356123,0.698817647,0.674582353,0.0657177088009853,0.0100056999934381,12,0.712823529,0.707813725333333,420.1,780.1,-0.000371557855677655,0,0,0,0,0,0,0,0
30.1,0.059058824,240.1,0.657882353,270.1,0.688764706,300.1,0.694352941,0.344356022334743,0.687617647,0.664782353,0.0556209583690525,0.0105853057286567,12,0.703823529,0.697147058666667,450.1,810.1,-0.000305990088278389,0,0,0,0,0,0,0,0
90.1,0.063029412,210.1,0.324911765,240.1,0.409882353,270.1,0.449764706,0.409988044642709,0.4329470588,0.4923441177,0.027106384057052,0.0121048822218002,15,0.569529412,0.560705882666667,570.1,2460.1,-9.02131814697806e-05,2970.1,6120.1,-2.39364755600338e-05,0.421182574839623,0.0122342481264935,0,0,0
90.1,0.059029412,210.1,0.318911765,240.1,0.406882353,270.1,0.443764706,0.421719659403012,0.4255470588,0.4824441177,0.0243181636613072,0.012511739641535,15,0.557529412,0.547705882666667,540.1,2430.1,-8.48330101114166e-05,2970.1,6120.1,-2.3297972230647e-05,0.411512763518868,0.012113085505871,0,0,0
90.1,0.048029412,270.1,0.415764706,300.1,0.443352941,330.1,0.459823529,0.359717652735512,0.4604529412,0.4909147059,0.0302517814489273,0.00999413101492536,16,0.531529412,0.524794117666667,600.1,2430.1,-9.35874931530308e-05,2970.1,6120.1,-1.81489685275965e-05,0.396814650311321,0.0102812629783046,0,0,0
90.1,0.077029412,210.1,0.367911765,240.1,0.458882353,270.1,0.482764706,0.390913954362963,0.4691470588,0.5277441177,0.0289308121640962,0.0122204995040329,16,0.603529412,0.599127451,570.1,2430.1,-0.000110483682734895,2970.1,6090.1,-2.8609054528993e-05,0.4434086834,0.0144471019691032,0,0,0
30.1,0.069058824,210.1,0.342911765,240.1,0.412882353,270.1,0.439764706,0.267085751004783,0.4183470588,0.4752441177,0.0553063983484571,0.00862590917858789,15,0.545529412,0.536372549333333,540.1,2400.1,-8.40505556707628e-05,3390.1,6120.1,-1.83305011131147e-05,0.383651321336957,0.00907327920671654,0,0,0
30.1,0.056058824,210.1,0.339911765,240.1,0.412882353,270.1,0.455764706,0.300380750205338,0.4263470588,0.4834441177,0.0473316763641761,0.009496753851495,15,0.549529412,0.543705882666667,540.1,1290.1,-0.000257746941219373,4200.1,6090.1,-2.04193299834657e-05,0.396879901914063,0.00810946280894522,0,0,0
30.1,0.055058824,210.1,0.331911765,240.1,0.405882353,270.1,0.450764706,0.29941117075887,0.4195470588,0.4760441177,0.0445502225690082,0.00956412450761748,17,0.541323529,0.534049019666667,540.1,1590.1,-0.000204071970990991,3000.1,6090.1,-2.31088670322557e-05,0.414390271423077,0.0134938450406405,0,0,0
30.1,0.053058824,210.1,0.328911765,240.1,0.403882353,270.1,0.444764706,0.304064723071776,0.4177470588,0.4723441177,0.0474996147982417,0.00933531225997955,17,0.541323529,0.528715686333333,540.1,1170.1,-0.000253091749971767,3390.1,6090.1,-3.1957099354462e-05,0.415776018043956,0.0148451903167077,0,0,0
90.1,0.097029412,240.1,0.656882353,270.1,0.706764706,300.1,0.707352941,0.382498157288346,0.700417647,0.701982353,0.0648625313114026,0.00992744921962325,12,0.716823529,0.712813725333333,480.1,6390.1,-6.57070395461385e-05,0,0,0,0,0,0,0,0
90.1,0.082029412,240.1,0.643882353,270.1,0.698764706,300.1,0.700352941,0.412087632371853,0.691617647,0.694682353,0.0531201875379181,0.0106802048618143,12,0.707823529,0.705147058666667,480.1,6390.1,-6.44589903476775e-05,0,0,0,0,0,0,0,0
90.1,0.085029412,240.1,0.645882353,270.1,0.694764706,300.1,0.692352941,0.405524030186197,0.688817647,0.693282353,0.0571101857874304,0.0104030517831241,13,0.706264706,0.703715686333333,510.1,6390.1,-6.52873485848853e-05,0,0,0,0,0,0,0,0
30.1,0.057058824,240.1,0.663882353,270.1,0.699764706,300.1,0.701352941,0.35057460269612,0.695817647,0.697782353,0.0658913977205803,0.00997581606278116,13,0.707264706,0.706049019666667,480.1,6390.1,-5.97752630406815e-05,0,0,0,0,0,0,0,0
30.1,0.075058824,240.1,0.670882353,270.1,0.703764706,300.1,0.706352941,0.312903094947406,0.699017647,0.679182353,0.068620019522715,0.00979982844606979,12,0.714823529,0.706813725333333,420.1,780.1,-0.000458371042490842,0,0,0,0,0,0,0,0
30.1,0.089058824,240.1,0.688882353,270.1,0.711764706,300.1,0.715352941,0.292253344406588,0.709417647,0.692682353,0.0788626703689735,0.0093355573297667,12,0.719823529,0.715480392,420.1,810.1,-0.000471600948571428,0,0,0,0,0,0,0,0
30.1,0.075058824,240.1,0.673882353,270.1,0.709764706,300.1,0.708352941,0.31354048844477,0.705417647,0.691582353,0.0694708196425127,0.00974464552078283,12,0.717823529,0.714480392,450.1,840.1,-0.000457099762490844,0,0,0,0,0,0,0,0
30.1,0.086058824,240.1,0.690882353,270.1,0.711764706,300.1,0.715352941,0.297562641527116,0.710017647,0.699382353,0.0833915946810879,0.00911052958207312,13,0.719264706,0.712382353,450.1,870.1,-0.000384432773333333,0,0,0,0,0,0,0,0
90.1,0.082029412,240.1,0.494882353,270.1,0.525764706,300.1,0.547352941,0.359448439546744,0.547217647,0.588382353,0.0459595147245769,0.0101338690246284,21,0.655382353,0.650960784333333,630.1,2430.1,-9.12935369539927e-05,2970.1,6090.1,-2.7071284123298e-05,0.519913445304762,0.0136171704583831,0,0,0
90.1,0.078029412,240.1,0.479882353,270.1,0.512764706,300.1,0.533352941,0.363291028681367,0.533217647,0.574282353,0.0433201176376792,0.010248401950005,22,0.641970588,0.641098039,660.1,2460.1,-8.47223691415477e-05,2970.1,6090.1,-2.60878021964199e-05,0.512542016733333,0.0131045330310085,0,0,0
90.1,0.091029412,240.1,0.498882353,270.1,0.531764706,300.1,0.553352941,0.340237527867209,0.553017647,0.596082353,0.0500131214841359,0.00981014624400746,21,0.664382353,0.660294117666667,660.1,2460.1,-8.68235501745109e-05,2940.1,6090.1,-2.91784284501768e-05,0.527210599264151,0.0143050568793159,0,0,0
90.1,0.075029412,240.1,0.468882353,270.1,0.504764706,300.1,0.522352941,0.366494338767097,0.521817647,0.564682353,0.0432370469834158,0.010203109914488,21,0.631382353,0.626627451,660.1,2460.1,-7.63811034972678e-05,2940.1,6090.1,-2.5741392905929e-05,0.512672863415094,0.0130694316998048,0,0,0
30.1,0.108058824,240.1,0.689882353,270.1,0.695764706,300.1,0.696352941,0.26483504780595,0.694417647,0.678282353,0.0875143053722036,0.00889944048422637,12,0.700823529,0.695480392,420.1,780.1,-0.000379616463736263,0,0,0,0,0,0,0,0
30.1,0.087058824,240.1,0.672882353,270.1,0.710764706,300.1,0.713352941,0.292140925207075,0.707417647,0.694382353,0.0841038830007254,0.00899420870424818,12,0.723823529,0.717813725333333,420.1,840.1,-0.000473340336190476,0,0,0,0,0,0,0,0
30.1,0.090058824,240.1,0.664882353,270.1,0.697764706,300.1,0.699352941,0.285592436485168,0.693217647,0.684182353,0.0839183846906456,0.00893111237534039,12,0.703823529,0.701147058666667,450.1,1050.1,-0.000247568117922078,0,0,0,0,0,0,0,0
30.1,0.083058824,240.1,0.660882353,270.1,0.697764706,300.1,0.698352941,0.296289537284218,0.692617647,0.685382353,0.0820721789166515,0.00901628531497828,12,0.705823529,0.701480392,450.1,960.1,-0.000317523624699003,0,0,0,0,0,0,0,0
30.1,0.090058824,180.1,0.309941176,210.1,0.401911765,240.1,0.442882353,0.247183893561589,0.4191705882,0.4821058824,0.0654498256508712,0.00857562193038457,19,0.571205882,0.569676470666667,600.1,1620.1,-0.000108590651914099,2970.1,6090.1,-3.02221584062478e-05,0.458961064352381,0.0146266931222939,0,0,0
30.1,0.077058824,180.1,0.292941176,210.1,0.381911765,240.1,0.436882353,0.267080549222041,0.4045705882,0.4647058824,0.058510410153124,0.00898435816243666,20,0.554529412,0.550372549,630.1,1530.1,-0.000101784471935484,2970.1,6090.1,-2.79255242228212e-05,0.454342016733333,0.0137113936257695,0,0,0
30.1,0.085058824,180.1,0.308941176,210.1,0.391911765,240.1,0.439882353,0.257961565129649,0.4123705882,0.4719058824,0.0640999148266697,0.00872737701291322,27,0.564088235,0.552676470666667,660.1,1650.1,-0.000114028370522027,2970.1,6090.1,-2.93433424452276e-05,0.467338608698413,0.014314072900556,0,0,0
30.1,0.085058824,180.1,0.300941176,210.1,0.381911765,240.1,0.432882353,0.25271435057676,0.4027705882,0.4612058824,0.0637529327067179,0.00862153967914706,26,0.566264706,0.558039215666667,720.1,1590.1,-0.000131670047519466,3000.1,6090.1,-2.75869779181337e-05,0.460582579115385,0.0135285314902996,0,0,0
30.1,0.059058824,240.1,0.655882353,270.1,0.704764706,300.1,0.707352941,0.34392106696545,0.695217647,0.692382353,0.0686815256848613,0.00972507034630832,12,0.707823529,0.705147058666667,480.1,6390.1,-6.21951458727777e-05,0,0,0,0,0,0,0,0
30.1,0.066058824,240.1,0.674882353,270.1,0.723764706,300.1,0.720352941,0.331998966574869,0.712617647,0.709482353,0.0732135601056125,0.00960733508992123,12,0.725823529,0.721480392,480.1,6390.1,-6.48620207280055e-05,0,0,0,0,0,0,0,0
30.1,0.091058824,210.1,0.603911765,240.1,0.680882353,270.1,0.731764706,0.315320397927491,0.6971470588,0.7073441177,0.0662650717915578,0.0107211759102429,12,0.735823529,0.732813725333333,480.1,6390.1,-6.00677061308696e-05,0,0,0,0,0,0,0,0
30.1,0.075058824,240.1,0.665882353,270.1,0.710764706,300.1,0.712352941,0.311834411667312,0.702217647,0.700682353,0.0750470008825071,0.00939814597562683,12,0.712823529,0.711480392,480.1,2520.1,-7.24112560638168e-05,0,0,0,0,0,0,0,0
30.1,0.064058824,240.1,0.637882353,270.1,0.681764706,300.1,0.720352941,0.328336011490232,0.696017647,0.701382353,0.0606093822391049,0.010093415843071,12,0.721823529,0.720147058666667,510.1,6390.1,-6.85246318076652e-05,0,0,0,0,0,0,0,0
30.1,0.069058824,240.1,0.672882353,270.1,0.726764706,300.1,0.728352941,0.325230263058677,0.716817647,0.717982353,0.0731506609593064,0.0095808752864788,12,0.729823529,0.728147058666667,480.1,6390.1,-6.85340753043277e-05,0,0,0,0,0,0,0,0
90.1,0.104029412,240.1,0.639882353,270.1,0.687764706,300.1,0.705352941,0.363322133833499,0.692817647,0.698582353,0.0701643592796865,0.00949375549970986,12,0.717823529,0.712147058666667,510.1,6390.1,-6.64500163900477e-05,0,0,0,0,0,0,0,0
30.1,0.068058824,240.1,0.698882353,270.1,0.701764706,300.1,0.702352941,0.332730004347764,0.704417647,0.703582353,0.0780579557794878,0.0094612465961719,12,0.711823529,0.707147058666667,480.1,6390.1,-6.1790775665076e-05,0,0,0,0,0,0,0,0
30.1,0.081058824,240.1,0.687882353,270.1,0.717764706,300.1,0.717352941,0.305491815920287,0.711417647,0.707082353,0.0784543760786326,0.00937953497426488,12,0.718823529,0.717147058666667,480.1,6390.1,-6.80534379999778e-05,0,0,0,0,0,0,0,0
30.1,0.083058824,240.1,0.679882353,270.1,0.708764706,300.1,0.709352941,0.300338670463619,0.704417647,0.700682353,0.0750116682178461,0.00950571522174185,12,0.713823529,0.711147058666667,480.1,6390.1,-6.48559399730023e-05,0,0,0,0,0,0,0,0
30.1,0.097058824,240.1,0.684882353,270.1,0.725764706,300.1,0.728352941,0.279132835482828,0.717417647,0.713382353,0.0790535764866085,0.00928598814398979,11,0.728352941,0.726980392,480.1,6390.1,-6.78963174745181e-05,0,0,0,0,0,0,0,0
30.1,0.112058824,240.1,0.705882353,270.1,0.731764706,300.1,0.728352941,0.262917805299028,0.726217647,0.720082353,0.094585333953332,0.00866930527671347,12,0.737823529,0.731147058666667,480.1,6390.1,-6.59517641690995e-05,0,0,0,0,0,0,0,0
30.1,0.099058824,240.1,0.687882353,270.1,0.726764706,300.1,0.725352941,0.276843424181181,0.719417647,0.715382353,0.0878456794963904,0.00888464210040082,12,0.731823529,0.727480392,480.1,6390.1,-7.02664720983268e-05,0,0,0,0,0,0,0,0
30.1,0.097058824,240.1,0.669882353,270.1,0.715764706,300.1,0.713352941,0.27596926810609,0.706617647,0.704082353,0.0838297999840644,0.0089750130926271,12,0.718823529,0.715813725333333,480.1,6390.1,-6.67703471625161e-05,0,0,0,0,0,0,0,0
30.1,0.090058824,240.1,0.672882353,270.1,0.716764706,300.1,0.712352941,0.287301063961438,0.707017647,0.703782353,0.0915636217607443,0.00867296333813396,12,0.718823529,0.715147058666667,480.1,6390.1,-6.69463283348496e-05,0,0,0,0,0,0,0,0
30.1,0.087058824,240.1,0.690882353,270.1,0.721764706,300.1,0.720352941,0.295912217859227,0.716617647,0.712182353,0.0858508430703241,0.00903949415799249,13,0.725264706,0.722049019666667,480.1,6390.1,-6.6887839716812e-05,0,0,0,0,0,0,0,0
60.1,0.024611111,210.1,0.403611111,240.1,0.458,270.1,0.492555556,0.559450762039726,0.4814,0.5405777779,0.0209482743537491,0.0143611976375941,16,0.6295,0.616407407666667,630.1,2850.1,-5.82302302513039e-05,2880.1,13260.1,-1.67662969666247e-05,0.490514889544668,0.0265139056125592,0,0,0
60.1,0.032611111,210.1,0.419611111,240.1,0.478,270.1,0.511555556,0.510935059525542,0.4988,0.5589777779,0.0244845958807158,0.0137927505939112,16,0.6505,0.636740741,600.1,6120.1,-3.75402050097924e-05,6150.1,13260.1,-1.19165290473416e-05,0.488243464071429,0.0138050569803952,0,0,0
60.1,0.025611111,210.1,0.400611111,240.1,0.458,270.1,0.491555556,0.54999297559623,0.4806,0.5415777779,0.0231790159508475,0.0138636795318884,17,0.635555556,0.631092592666667,630.1,5460.1,-3.51997556549117e-05,5490.1,13260.1,-1.05472973160732e-05,0.504654059842308,0.0135109856057253,0,0,0
60.1,0.029611111,210.1,0.407611111,240.1,0.468,270.1,0.503555556,0.524432779605581,0.4896,0.5513777779,0.0223881077189397,0.0140704488162419,17,0.653555556,0.647425926,660.1,5460.1,-3.83216181356875e-05,5490.1,13260.1,-8.12304661596044e-06,0.523538675226923,0.0109908598811214,0,0,0
60.1,0.087611111,210.1,0.686611111,240.1,0.75,270.1,0.775555556,0.411772047146621,0.7762,0.8109777779,0.0707739486390839,0.0112083065010346,87,0.985666667,0.981203704,2940.1,6150.1,-5.28016389535122e-05,0,0,0,0,0,0,0,0
60.1,0.057611111,240.1,0.648,270.1,0.707555556,300.1,0.730333333,0.403362541324592,0.7141333334,0.727138889,0.0670517032656608,0.00987696801919252,86,0.914666667,0.914518518666667,2670.1,10260.1,-4.48733395128886e-05,10290.1,13260.1,-2.94087631939194e-05,0.72821555558,0.0148547322074755,270.1,2670.1,0.000190027769403794
60.1,0.062611111,210.1,0.591611111,240.1,0.645,270.1,0.712555556,0.449181351512484,0.6814,0.7115777779,0.0433209750701387,0.0127297680916732,87,0.904666667,0.903203704,2550.1,10770.1,-4.69875246684553e-05,10800.1,12540.1,-3.79215103837913e-05,0.692718455813559,0.0117304944489387,240.1,2550.1,0.000184592060496466
60.1,0.058611111,240.1,0.641,270.1,0.693555556,300.1,0.720333333,0.398684195133734,0.7023333334,0.713938889,0.0625590442522895,0.0100507168282293,87,0.825666667,0.823203704,2490.1,10740.1,-5.02178177885019e-05,10770.1,13260.1,-3.00617973642469e-05,0.598982142892857,0.0134521208593342,0,0,0
60.1,0.062611111,210.1,0.628611111,240.1,0.702,270.1,0.725555556,0.461314009125146,0.7,0.6956777779,0.048161524941778,0.0125576077853285,10,0.725555556,0.716629629666667,420.1,930.1,-0.000245885411627107,0,0,0,0,0,0,0,0
60.1,0.053611111,210.1,0.590611111,240.1,0.653,270.1,0.709555556,0.479880288166806,0.6744,0.6764777779,0.0400839661281746,0.0131326362276562,11,0.710333333,0.709462963,420.1,990.1,-0.000274374826466166,0,0,0,0,0,0,0,0
30.1,0.029166667,210.1,0.589611111,240.1,0.646,270.1,0.712555556,0.501072778258863,0.677,0.6791777779,0.0364882150563989,0.0135747687704799,11,0.719333333,0.716462963,450.1,1200.1,-0.000186989553937322,8640.1,13260.1,-3.21845180242338e-05,0.356055555592473,0.0230767724926348,0,0,0
30.1,0.031166667,210.1,0.598611111,240.1,0.653,270.1,0.719555556,0.492543833094742,0.6816,0.6794777779,0.0383186511730669,0.013426604670628,10,0.719555556,0.697296296333333,420.1,1230.1,-0.000168567171994162,0,0,0,0,0,0,0,0
60.1,0.039611111,240.1,0.633,270.1,0.694555556,300.1,0.697333333,0.461893460405182,0.6829333334,0.665838889,0.0527110480742699,0.0107474405115554,11,0.697333333,0.696129629666667,450.1,1170.1,-0.000189336182358974,8610.1,13260.1,-2.79528272903331e-05,0.341413461570513,0.0202770076542626,0,0,0
60.1,0.043611111,240.1,0.629,270.1,0.676555556,300.1,0.691333333,0.444803216560328,0.6747333334,0.661038889,0.053637557714537,0.0106503031725757,11,0.691333333,0.686129629666667,450.1,1170.1,-0.000203079772102564,8580.1,13260.1,-2.94910729829632e-05,0.333916489770701,0.0212568170991699,0,0,0
60.1,0.043611111,240.1,0.638,270.1,0.678555556,300.1,0.701333333,0.447171054334386,0.6817333334,0.665238889,0.054874636968663,0.0106073764477274,11,0.701333333,0.693462963,450.1,1380.1,-0.000180865781476051,8580.1,13260.1,-2.61374591963896e-05,0.337018400598726,0.0194721286549468,0,0,0
60.1,0.050611111,240.1,0.654,270.1,0.696555556,300.1,0.718333333,0.426489369048132,0.6991333334,0.685038889,0.059544250050642,0.010383859191673,11,0.718333333,0.710796296333333,450.1,1260.1,-0.000195567516329137,8580.1,13260.1,-2.54566892420568e-05,0.349489738178344,0.0190427908224269,0,0,0
60.1,0.047611111,240.1,0.63,270.1,0.699555556,300.1,0.706333333,0.430442276836281,0.6869333334,0.675638889,0.0582092892278346,0.0102938484828952,11,0.706333333,0.703796296333333,450.1,1020.1,-0.000256173768170426,8640.1,13260.1,-3.37152970831319e-05,0.291196774230108,0.0238685249084861,0,0,0
60.1,0.049611111,240.1,0.63,270.1,0.695555556,300.1,0.718333333,0.423584166440814,0.6919333334,0.680738889,0.0560470564488051,0.0104358832431915,11,0.718333333,0.708796296333333,450.1,1020.1,-0.000241136174185464,8610.1,13260.1,-3.38130081930111e-05,0.300660612570513,0.0239978689682148,0,0,0
60.1,0.045611111,240.1,0.618,270.1,0.651555556,300.1,0.696333333,0.434389518056247,0.6687333334,0.663738889,0.0541914708801294,0.0104976075549681,11,0.696333333,0.681129629666667,450.1,1140.1,-0.000252578099855073,0,0,0,0,0,0,0,0
60.1,0.039611111,240.1,0.612,270.1,0.653555556,300.1,0.686333333,0.456270437133207,0.6633333334,0.654838889,0.0472984647596536,0.0110077385616346,12,0.6865,0.683703703666667,450.1,1140.1,-0.000213186795507247,0,0,0,0,0,0,0,0
60.1,0.061611111,210.1,0.590611111,240.1,0.653,270.1,0.713555556,0.452063110910707,0.6802,0.6871777779,0.0432564998188709,0.0127413459792236,11,0.722333333,0.719129629666667,450.1,1080.1,-0.000325302716506681,8610.1,13260.1,-3.25196231456223e-05,0.331425035647436,0.0233145624518829,0,0,0
60.1,0.068611111,210.1,0.583611111,240.1,0.647,270.1,0.705555556,0.428156073129214,0.6692,0.6723777779,0.0442331459144875,0.0125267950897131,12,0.7065,0.703037037,450.1,1230.1,-0.000253421064957265,0,0,0,0,0,0,0,0
30.1,0.047166667,210.1,0.582611111,240.1,0.654,270.1,0.710555556,0.418972080044201,0.672,0.6795777779,0.0434220988094892,0.0126698222393806,10,0.710555556,0.690296296333333,450.1,1050.1,-0.000298686868658009,0,0,0,0,0,0,0,0
60.1,0.075611111,210.1,0.623611111,240.1,0.68,270.1,0.727555556,0.421984742250065,0.6956,0.7015777779,0.0530355228800091,0.0120452000699751,10,0.727555556,0.710296296333333,450.1,1080.1,-0.000309228935215509,8610.1,13260.1,-3.09846533507189e-05,0.347528846185897,0.0222623235774058,0,0,0
60.1,0.056611111,240.1,0.658,270.1,0.713555556,300.1,0.716333333,0.408833276326911,0.7001333334,0.690138889,0.064893808690836,0.00999798830380865,11,0.716333333,0.713462963,450.1,990.1,-0.000281812865730994,0,0,0,0,0,0,0,0
60.1,0.053611111,210.1,0.569611111,240.1,0.644,270.1,0.708555556,0.472639505041716,0.6672,0.6788777779,0.0415061449872459,0.0127699508189036,10,0.708555556,0.686296296333333,450.1,1020.1,-0.000306950710526315,0,0,0,0,0,0,0,0
30.1,0.040166667,210.1,0.617611111,240.1,0.681,270.1,0.737555556,0.455470252766032,0.7016,0.7102777779,0.052083985033508,0.0121378976982235,10,0.737555556,0.718296296333333,450.1,1050.1,-0.000342150072121213,0,0,0,0,0,0,0,0
30.1,0.028166667,210.1,0.575611111,240.1,0.615,270.1,0.707555556,0.502882170105536,0.6626,0.6771777779,0.0410590120615263,0.0129003496511471,10,0.707555556,0.676629629666667,450.1,1080.1,-0.000303657694861659,0,0,0,0,0,0,0,0
60.1,0.046611111,210.1,0.405611111,240.1,0.444,270.1,0.470555556,0.432711179939747,0.4652,0.5133777779,0.0297759796970927,0.0126017613818657,16,0.5875,0.575074074333333,540.1,1050.1,-0.000196716737048504,2070.1,12870.1,-2.824444730467e-05,0.442709449077562,0.0444900789772935,0,0,0
60.1,0.042611111,180.1,0.306944444,210.1,0.398611111,240.1,0.447,0.493637931544574,0.4252888888,0.4862166667,0.0207585115924161,0.0151240622587766,16,0.5835,0.574074074333333,510.1,930.1,-0.000350423280476191,1110.1,8220.1,-1.95735216807851e-05,0.483023109243698,0.0220137123162991,0,0,0
90.1,0.048888889,180.1,0.286944444,210.1,0.374611111,240.1,0.424,0.589912823419958,0.4012888888,0.4617166667,0.014977636636295,0.0165512548533058,16,0.5575,0.548074074333333,510.1,990.1,-0.000334785765849672,1230.1,12870.1,-2.4031471534894e-05,0.427061553861183,0.0418598940074034,0,0,0
60.1,0.035611111,180.1,0.297944444,210.1,0.385611111,240.1,0.438,0.531062335922669,0.4136888888,0.4738166667,0.0199714504790062,0.0152403598808646,15,0.562166667,0.548314815,510.1,1080.1,-0.000343288776942356,1320.1,7380.1,-1.18839854348431e-05,0.465821611019704,0.0162358443413145,0,0,0
60.1,0.022611111,210.1,0.342611111,240.1,0.412,270.1,0.458555556,0.543630918827719,0.4404,0.5029777779,0.0166807667341954,0.0146014911843401,17,0.607555556,0.589092592666667,570.1,3570.1,-6.29119264927198e-05,3600.1,8220.1,-1.97165916642497e-05,0.424527240135484,0.0136885191293117,0,0,0
60.1,0.030611111,210.1,0.363611111,240.1,0.431,270.1,0.470555556,0.494944374503055,0.458,0.5193777779,0.0219671637476804,0.0135852982096466,17,0.616555556,0.600092592666667,570.1,2850.1,-0.000115631541980826,2880.1,13260.1,-2.04261089155852e-05,0.380654712365034,0.0313510545987435,0,0,0
60.1,0.028611111,210.1,0.345611111,240.1,0.412,270.1,0.456555556,0.498303809482657,0.443,0.5015777779,0.0206154087780075,0.013652373582673,18,0.593222222,0.585296296333333,570.1,3600.1,-5.79130119433873e-05,3630.1,13260.1,-2.31821436700483e-05,0.407256383726708,0.0329651653824466,0,0,0
60.1,0.041611111,210.1,0.374611111,240.1,0.437,270.1,0.475555556,0.439504245518197,0.463,0.5247777779,0.0268565061813183,0.0127114613065512,17,0.621555556,0.608759259333333,570.1,3630.1,-6.31414120773478e-05,3660.1,12900.1,-2.31319488269931e-05,0.417237324721683,0.0315252638748976,0,0,0
60.1,0.107611111,210.1,0.652611111,240.1,0.723,270.1,0.757555556,0.360491501055832,0.7286,0.7392777779,0.0682746962168726,0.0110178147315116,10,0.757555556,0.744962963,480.1,10290.1,-5.98023837449157e-05,10320.1,13260.1,-2.50222406316223e-05,0.419948372636364,0.0124136581238127,0,0,0
60.1,0.066611111,210.1,0.605611111,240.1,0.665,270.1,0.723555556,0.441473330717086,0.6882,0.7020777779,0.0492739365326423,0.0122696595812129,10,0.723555556,0.703962963,480.1,10290.1,-6.08858126935912e-05,10320.1,13260.1,-2.59770953007627e-05,0.388968574656566,0.0128818867695542,0,0,0
60.1,0.053611111,240.1,0.648,270.1,0.693555556,300.1,0.706333333,0.415355725830332,0.6897333334,0.693338889,0.0569629426183054,0.0104872521613523,11,0.706333333,0.701129629666667,510.1,10260.1,-6.20338727736268e-05,10290.1,13260.1,-2.42538477023702e-05,0.37221555558,0.0123516923236794,0,0,0
60.1,0.064611111,210.1,0.589611111,240.1,0.655,270.1,0.723555556,0.44221535855488,0.6818,0.6958777779,0.0445582073467551,0.0125879451676529,10,0.723555556,0.700296296333333,510.1,10740.1,-5.88499074761334e-05,10770.1,13260.1,-2.37535391211907e-05,0.392934523845238,0.011020474297692,0,0,0
60.1,0.060611111,240.1,0.703,270.1,0.729555556,300.1,0.726333333,0.408479777617823,0.7195333334,0.717638889,0.0710142987994211,0.00992675354484797,10,0.729555556,0.719629629666667,480.1,10200.1,-5.99627460944424e-05,10230.1,13260.1,-2.05188423652303e-05,0.38655773422549,0.011565787683253,0,0,0
60.1,0.039611111,240.1,0.655,270.1,0.719555556,300.1,0.717333333,0.467587595987028,0.7041333334,0.706138889,0.052975645191112,0.01081732438023,10,0.719555556,0.697296296333333,480.1,10230.1,-6.13239385305918e-05,10260.1,13260.1,-1.87517850654242e-05,0.376482948316832,0.0106740621149118,0,0,0
60.1,0.047611111,240.1,0.651,270.1,0.714555556,300.1,0.720333333,0.435907247306779,0.7039333334,0.707838889,0.0576831423132609,0.01043880016882,11,0.720333333,0.718129629666667,480.1,10200.1,-6.07911359126073e-05,10230.1,13260.1,-1.6838384832304e-05,0.38284150329085,0.0100332281733962,0,0,0
60.1,0.053611111,240.1,0.644,270.1,0.706555556,300.1,0.707333333,0.414323730789012,0.6933333334,0.696738889,0.0631138403703805,0.0100240365568459,11,0.707333333,0.706462963,480.1,10260.1,-5.95004102806382e-05,10290.1,13260.1,-1.58889111985199e-05,0.379443055585,0.00946526258686194,0,0,0
60.1,0.093611111,210.1,0.608611111,240.1,0.67,270.1,0.719555556,0.374406082049497,0.6864,0.7009777779,0.0597342632238284,0.0113535150779222,10,0.719555556,0.702962963,480.1,10290.1,-7.23526710670354e-05,10320.1,13260.1,-2.0764882453927e-05,0.327531986555556,0.0113976318634278,0,0,0
60.1,0.077611111,210.1,0.569611111,240.1,0.639,270.1,0.682555556,0.398648653329941,0.659,0.6756777779,0.0520228748678229,0.0116387786125523,11,0.704333333,0.695462963,480.1,10260.1,-7.69180123848406e-05,10290.1,13260.1,-2.11158561050105e-05,0.286624166695,0.0114923162821416,0,0,0
60.1,0.072611111,210.1,0.615611111,240.1,0.676,270.1,0.723555556,0.427499499332367,0.6896,0.6953777779,0.0528411780829952,0.0119740646416892,10,0.723555556,0.705296296333333,450.1,1230.1,-0.0001889522004884,11580.1,13260.1,-2.1840281159796e-05,0.296465399622807,0.00920595883691245,0,0,0
60.1,0.069611111,240.1,0.666,270.1,0.707555556,300.1,0.704333333,0.376394245856109,0.6955333334,0.690838889,0.0734195288149788,0.00959169478173153,10,0.707555556,0.692629629666667,450.1,1050.1,-0.000297821067792208,0,0,0,0,0,0,0,0
90.1,0.055888889,210.1,0.360611111,240.1,0.432,270.1,0.445555556,0.466108632019398,0.4354,0.4962777779,0.0233956982586421,0.0131679644148702,16,0.5925,0.583740741,540.1,1230.1,-0.000147895330492754,0,0,0,0,0,0,0,0
90.1,0.049888889,210.1,0.363611111,240.1,0.431,270.1,0.442555556,0.496571651877263,0.435,0.5006777779,0.0208312128277607,0.0137692697929588,16,0.5995,0.589740741,540.1,1200.1,-0.000187424974571804,0,0,0,0,0,0,0,0
90.1,0.077888889,210.1,0.384611111,240.1,0.441,270.1,0.456555556,0.399237352842016,0.448,0.5147777779,0.0292134758511278,0.0123569712258707,16,0.6135,0.604074074333333,570.1,6180.1,-4.04712975415397e-05,0,0,0,0,0,0,0,0
30.1,0.030166667,210.1,0.377611111,240.1,0.436,270.1,0.454555556,0.421187881011455,0.4462,0.5143777779,0.0245748714769092,0.0131768545953115,16,0.6135,0.605074074333333,570.1,6150.1,-3.88696743233539e-05,0,0,0,0,0,0,0,0
60.1,0.108611111,210.1,0.645611111,240.1,0.695,270.1,0.725555556,0.356484722730865,0.704,0.7140777779,0.0659693888101407,0.0111441718348576,14,0.728277778,0.726240741,480.1,10770.1,-7.76207977854948e-05,10800.1,13260.1,-1.96811250474605e-05,0.315034136582329,0.00976423694004751,0,0,0
60.1,0.083611111,210.1,0.618611111,240.1,0.661,270.1,0.712555556,0.400260080731556,0.682,0.6921777779,0.0568391564850767,0.0116371149237679,10,0.712555556,0.693962963,480.1,10740.1,-7.71555673352023e-05,10770.1,13260.1,-2.05069954891836e-05,0.291454475345238,0.00976393316017,0,0,0
60.1,0.065611111,240.1,0.655,270.1,0.704555556,300.1,0.722333333,0.383481696504589,0.7031333334,0.704538889,0.0719680760500998,0.00957545931060902,11,0.722333333,0.715462963,480.1,10740.1,-7.90094941947495e-05,10770.1,13260.1,-1.95918440709617e-05,0.288001763706349,0.00972684405411455,0,0,0
60.1,0.060611111,240.1,0.65,270.1,0.707555556,300.1,0.721333333,0.395415689464326,0.7019333334,0.703138889,0.0662414551323541,0.00989637076709387,11,0.721333333,0.715796296333333,480.1,10710.1,-7.07355741919585e-05,10740.1,13260.1,-1.98787389577226e-05,0.323405119856863,0.0102048567975726,0,0,0
30.1,0.021166667,240.1,0.432,270.1,0.458555556,300.1,0.476333333,0.43085685075222,0.4745333334,0.522338889,0.034955473175914,0.0108976725055748,16,0.5945,0.580407407666667,540.1,1650.1,-0.0001051059154758,6090.1,12900.1,-2.38437121543278e-05,0.407001583848684,0.0244089435883538,0,0,0
30.1,0.026166667,240.1,0.451,270.1,0.474555556,300.1,0.494333333,0.406711570091939,0.4935333334,0.543238889,0.042822288342657,0.0102159100192571,16,0.6145,0.603074074333333,540.1,1650.1,-0.000149297475456833,8190.1,12900.1,-2.16728944419006e-05,0.386270921281646,0.0163016859224576,0,0,0
90.1,0.077888889,240.1,0.442,270.1,0.469555556,300.1,0.482333333,0.347205314190559,0.4841333334,0.538338889,0.0554690977170325,0.00902217895488572,16,0.6105,0.602407407666667,570.1,7350.1,-3.9668418416778e-05,7380.1,12900.1,-2.06063356389068e-05,0.376987837878378,0.0179781326621616,0,0,0
30.1,0.055166667,240.1,0.456,270.1,0.488555556,300.1,0.500333333,0.301733413903297,0.5017333334,0.559638889,0.0640130766252359,0.00862529266107129,17,0.635555556,0.633425926,600.1,6150.1,-4.38595297158673e-05,6180.1,12900.1,-2.56917325887531e-05,0.404304321017037,0.0260818512176372,0,0,0
60.1,0.111611111,210.1,0.626611111,240.1,0.699,270.1,0.727555556,0.345061100928636,0.7018,0.7146777779,0.0672297255776074,0.0108712595672229,14,0.730277778,0.727907407666667,510.1,10290.1,-7.12511863707769e-05,10320.1,13260.1,-1.71987448850409e-05,0.358199214387205,0.010034267523886,0,0,0
30.1,0.076166667,210.1,0.619611111,240.1,0.687,270.1,0.736555556,0.349361352479422,0.7008,0.7138777779,0.0612812215141555,0.011305681475164,10,0.736555556,0.718629629666667,480.1,10260.1,-7.41490623674292e-05,10290.1,13260.1,-1.71962863779044e-05,0.346181944471667,0.0102547649289416,0,0,0
60.1,0.069611111,210.1,0.572611111,240.1,0.653,270.1,0.711555556,0.42145652030857,0.675,0.6939777779,0.0572399024050862,0.0112430218942166,11,0.720333333,0.716462963,480.1,10200.1,-7.22020623337587e-05,10230.1,13260.1,-1.78986342719766e-05,0.342386347158497,0.0105594342655214,0,0,0
60.1,0.073611111,210.1,0.608611111,240.1,0.673,270.1,0.731555556,0.422476702987223,0.696,0.7120777779,0.0580495838315102,0.0114752523271837,12,0.7355,0.731703703666667,480.1,1410.1,-0.000112126642656403,8640.1,13260.1,-2.94031476628389e-05,0.371546774229032,0.021356093750588,0,0,0
60.1,0.059611111,240.1,0.691,270.1,0.733555556,300.1,0.731333333,0.408382973482845,0.7225333334,0.714038889,0.0602449619942333,0.0105324453690143,53,0.745055556,0.741407407666667,450.1,780.1,-0.000188901840326339,10740.1,13260.1,-3.0795532902091e-05,0.475416339905882,0.0133981823710701,0,0,0
60.1,0.054611111,240.1,0.625,270.1,0.678555556,300.1,0.696333333,0.406252381586665,0.6787333334,0.675338889,0.0540095604884511,0.0105225922483266,12,0.6985,0.696703703666667,450.1,1200.1,-0.000209097816045584,0,0,0,0,0,0,0,0
60.1,0.065611111,240.1,0.72,270.1,0.741555556,300.1,0.739333333,0.399251025900397,0.7335333334,0.724438889,0.0687076447832473,0.0101730653139811,10,0.741555556,0.733629629666667,450.1,990.1,-0.000299122807251462,0,0,0,0,0,0,0,0
60.1,0.047611111,240.1,0.615,270.1,0.650555556,300.1,0.691333333,0.426426018239771,0.6669333334,0.674938889,0.0470552815774433,0.0110068331979853,12,0.6915,0.689703703666667,480.1,1230.1,-0.000130417221105413,10170.1,13260.1,-1.722512662162e-05,0.342276709429487,0.0102265033150131,0,0,0
60.1,0.063611111,240.1,0.686,270.1,0.728555556,300.1,0.725333333,0.396348245230072,0.7169333334,0.714938889,0.0648755486394345,0.0101966705230975,10,0.728555556,0.713296296333333,450.1,990.1,-0.000320994152280702,0,0,0,0,0,0,0,0
30.1,0.039166667,240.1,0.649,270.1,0.709555556,300.1,0.710333333,0.401086666182478,0.6969333334,0.700138889,0.0594283524889814,0.010313518227062,11,0.710333333,0.709129629666667,480.1,10200.1,-6.02701587454134e-05,10230.1,13260.1,-1.81711975393599e-05,0.375231753838235,0.0109291484425286,0,0,0
90.1,0.115888889,240.1,0.694,270.1,0.734555556,300.1,0.740333333,0.357968016376696,0.7279333334,0.728438889,0.0746617619737611,0.00959529071639368,11,0.740333333,0.737129629666667,480.1,11520.1,-6.25576132784163e-05,11550.1,13260.1,-1.78208013288628e-05,0.376222381862069,0.00777194519493411,0,0,0
60.1,0.066611111,240.1,0.674,270.1,0.728555556,300.1,0.726333333,0.385726452574836,0.7157333334,0.718438889,0.067509309638254,0.00994043974078388,10,0.728555556,0.709629629666667,480.1,10170.1,-6.11336522369875e-05,10200.1,13260.1,-1.50754921381921e-05,0.39985841426699,0.00967310697570841,0,0,0
