No,Sample,exp_start,exp_start_value,exp_end_1,exp_end_value_1,exp_end_2,exp_end_value_2,exp_end_3,exp_end_value_3,exponential_coef_simple,mean_4points_afterK,mean_9points_afterK,exponential_Y0,exponential_r,position_K,K,mean_window_K,decrease_start,decrease_end,decrease_rate_linear,decrease_rate,steady_start,steady_end,steady_rate,mean_steady,mean_steady_sd,rise_start,rise_end,rise_rate,log_start_position,log_end_position,log_theoretical_K,log_b,log_theoretical_r
1,0101C1,1770.1,0.0787565,2730.1,0.6049375,2760.1,0.5985625,2790.1,0.59634375,0.00306387,0.594075,0.5775,0.005179131,0.001811124,92,0.6049375,0.602458333,2730.1,5370.1,-0.000175037,-0.000191789,7590.1,14970.1,-6.45E-06,0.282104504,0.007786566,0,0,0,60,92,0.6843809,11.55235128,-0.005126821
2,0101C1,1650.1,0.073989183,2520.1,0.60353125,2550.1,0.60709375,2580.1,0.60696875,0.003480508,0.60905,0.609675,0.002938747,0.002177885,88,0.6166875,0.611541667,2670.1,4650.1,-0.000234274,-0.000240339,7470.1,14970.1,-9.49E-06,0.31372759,0.010865323,0,0,0,56,85,0.756910616,10.48981275,-0.00481443
3,0101C1,1680.1,0.068667802,2640.1,0.63596875,2670.1,0.64078125,2700.1,0.640875,0.003345052,0.639225,0.625703125,0.004542194,0.001938393,92,0.6449375,0.639791667,2700.1,4500.1,-0.000267063,-0.000267603,7470.1,14970.1,-7.19E-06,0.312448705,0.009177642,0,0,0,57,89,0.718885183,11.44317103,-0.00521956
4,0101C1,1590.1,0.072602611,2520.1,0.63253125,2550.1,0.63709375,2580.1,0.63596875,0.003358111,0.63605,0.635175,0.00557309,0.001952512,92,0.6409375,0.637791667,2640.1,4470.1,-0.000246731,-0.000232667,7320.1,14970.1,-9.24E-06,0.352897095,0.010980502,0,0,0,54,85,0.722305523,11.1522084,-0.005371207
5,0102C1,840.1,0.02903125,1710.1,1.2775625,1740.1,1.217,1770.1,1.20353125,0.006275452,1.21085,1.175703125,0.114409304,0.001536093,57,1.3135,1.280229167,1650.1,4380.1,-0.000619735,-0.000465087,6750.1,10200.1,-3.34E-05,0.392080819,0.017293669,0,0,0,29,58,1.232254068,16.30526574,-0.014900116
6,0102C1,840.1,0.03703125,1680.1,1.2605,1710.1,1.2545625,1740.1,1.236,0.006058463,1.24075625,1.21380625,0.110476133,0.001580067,56,1.260625,1.258197917,1650.1,4350.1,-0.000575769,-0.000357241,13050.1,14070.1,1.39E-05,0.398608036,0.008013292,0,0,0,29,57,1.232489529,16.08771693,-0.014792905
7,0102C1,870.1,0.0221875,1740.1,1.227,1770.1,1.22553125,1800.1,1.1981875,0.006654304,1.20775,1.1828,0.087810873,0.001651734,58,1.2505625,1.240020833,1710.1,4320.1,-0.0006521,-0.000488377,9210.1,10110.1,3.28E-05,0.39836996,0.006145963,0,0,0,30,59,1.209254223,16.66637719,-0.014495471
8,0102C1,2100.1,0.080401042,3390.1,0.45675,3420.1,0.454125,3450.1,0.45296875,0.001942728,0.462275,0.472615625,0.002297396,0.001586276,136,0.5123125,0.505447917,4020.1,5940.1,-5.37E-05,-5.75E-05,8580.1,12180.1,-4.57E-05,0.397246901,0.025351813,0,0,0,71,114,245975.8436,16.46376138,-0.00092136
9,0103C1,240.1,0.0140625,2460.1,0.5899375,2490.1,0.5848125,2520.1,0.58353125,0.002428215,0.58406875,0.580059375,0.082007582,0.000918532,194,0.66775,0.661083333,2070.1,4140.1,-9.91E-05,-9.04E-05,7950.1,14970.1,-1.60E-05,0.451399202,0.018015782,0,0,0,9,83,0.621779434,6.224949387,-0.004686577
10,0103C1,300.1,0.03515625,1920.1,0.6618125,1950.1,0.6659375,1980.1,0.65446875,0.002613932,0.66136875,0.66340625,0.030689731,0.001703933,189,0.7613125,0.754447917,2160.1,3660.1,-9.41E-05,-7.39E-05,7860.1,14970.1,-1.11E-05,0.53554136,0.013119597,0,0,0,11,65,0.341841988,0.305367993,-0.001546638
11,0103C1,690.1,0.0778125,1800.1,0.8471875,1830.1,0.84696875,1860.1,0.8410625,0.00310325,0.84390625,0.8392875,0.064553029,0.001558517,173,0.9166875,0.909572917,1770.1,3540.1,-8.18E-05,-5.00E-05,6720.1,14970.1,-9.15E-06,0.734077106,0.013604753,0,0,0,24,61,0.607648811,0.715137072,-0.001742107
12,0103C1,210.1,0.01996875,1620.1,0.85546875,1650.1,0.858625,1680.1,0.8515,0.003844609,0.85323125,0.852340625,0.028440716,0.002221986,176,0.9235,0.9205625,1740.1,3510.1,-7.62E-05,-4.65E-05,6720.1,14970.1,-8.28E-06,0.740533628,0.012554252,0,0,0,8,55,0.406347714,0.370067689,-0.001849925
13,0104C1,990.1,0.08165625,1950.1,0.7849375,1980.1,0.78146875,2010.1,0.78153125,0.003400982,0.78346875,0.787078125,0.032026083,0.001742222,177,0.82128125,0.811333333,2070.1,3600.1,-0.000113599,-7.67E-05,6990.1,14970.1,-8.48E-06,0.621985136,0.01262244,0,0,0,34,66,0.847987028,8.234847396,-0.005782424
14,0104C1,810.1,0.0839375,1890.1,0.7005,1920.1,0.7038125,1950.1,0.6979375,0.002834257,0.69945,0.69905,0.054238279,0.001466761,189,0.7833125,0.771447917,1890.1,3540.1,-9.05E-05,-6.74E-05,8040.1,14970.1,-1.22E-05,0.580144621,0.013522903,0,0,0,28,64,0.466598294,0.282895259,-0.001652669
15,0104C1,900.1,0.090875,2010.1,0.80453125,2040.1,0.80009375,2070.1,0.8013125,0.002834408,0.8108625,0.809628125,0.077841181,0.001271883,173,0.8786875,0.86990625,2190.1,3510.1,-0.000103062,-6.68E-05,6960.1,14970.1,-8.42E-06,0.673797575,0.013284308,0,0,0,31,68,0.532379968,0.977926862,-0.00214607
16,0104C1,750.1,0.09384375,1800.1,0.9281875,1830.1,0.91696875,1860.1,0.9200625,0.003148651,0.91870625,0.9132875,0.087401848,0.001427059,173,1.0486875,1.03690625,1830.1,3510.1,-5.91E-05,-3.30E-05,8160.1,14970.1,-1.07E-05,0.793563734,0.011769528,0,0,0,26,61,0.949334021,7.436009011,-0.006505343
17,0105C1,570.1,0.03928125,1740.1,1.614,1770.1,1.55953125,1800.1,1.5561875,0.004581757,1.56535,1.5543,0.262229608,0.001135684,58,1.6235625,1.597354167,1800.1,2490.1,-0.00155691,-0.000569216,6150.1,6810.1,5.10E-05,1.306320652,0.012883062,0,0,0,20,59,1.445315109,8.643598764,-0.009748193
18,0105C1,660.1,0.0670625,1830.1,1.75296875,1860.1,1.7460625,1890.1,1.6835,0.00402406,1.71305625,1.6201125,0.291592914,0.001051376,61,1.7541875,1.746895833,1830.1,2640.1,-0.001691198,-0.000582029,0,0,0,0,0,0,0,0,23,62,1.554156813,7.418634196,-0.007833711
19,0105C1,4260.1,0.038993474,5130.1,0.68875,5160.1,0.6926875,5190.1,0.69228125,0.004761696,0.690225,0.69014375,1.78E-05,0.002095783,177,0.69528125,0.692666667,5280.1,6960.1,-0.000139383,-0.000110415,10140.1,14970.1,-8.35E-06,0.497387731,0.007912461,0,0,0,143,172,0.724203585,32.2729117,-0.006901356
20,0105C1,570.1,0.03528125,1980.1,1.56346875,2010.1,1.55253125,2040.1,1.50809375,0.003879223,1.52256875,1.4770875,0.33404901,0.000903269,51,1.6465,1.568979167,1740.1,2610.1,-0.001725827,-0.000613502,12570.1,13230.1,-6.39E-05,1.201622401,0.033492986,0,0,0,20,67,1.558824679,7.73006405,-0.008109001
21,0106C1,450.1,0.0398125,1740.1,1.724,1770.1,1.72153125,1800.1,1.6591875,0.004214259,1.67415,1.6238,0.343160777,0.001043087,56,1.743625,1.722864583,1680.1,2250.1,-0.001662729,-0.000539526,0,0,0,0,0,0,0,0,16,59,1.631371843,6.674033194,-0.008159247
22,0106C1,420.1,0.04196875,1620.1,1.53546875,1650.1,1.536625,1680.1,1.4905,0.004327683,1.50303125,1.456040625,0.305089961,0.001111351,252,1.5594375,1.525302083,1590.1,2400.1,-0.001128358,-0.000428405,0,0,0,0,0,0,0,0,15,55,1.40463803,7.764520939,-0.01041118
23,0106C1,450.1,0.0438125,1620.1,1.57546875,1650.1,1.571625,1680.1,1.5195,0.004417346,1.54723125,1.501740625,0.309139665,0.001111773,54,1.5775625,1.564302083,1620.1,2970.1,-0.000526029,-0.00020948,0,0,0,0,0,0,0,0,16,55,1.435474017,7.614536008,-0.01001212
24,0106C1,540.1,0.0545625,1740.1,1.667,1770.1,1.64053125,1800.1,1.6181875,0.004111,1.62315,1.5782,0.355566684,0.000994318,58,1.6885625,1.6716875,1680.1,2490.1,-0.001884604,-0.000659332,0,0,0,0,0,0,0,0,19,59,1.580566803,6.870832367,-0.008208776
25,0107C1,3510.1,0.103152124,4500.1,0.58196875,4530.1,0.580625,4560.1,0.5803125,0.002521382,0.58009375,0.57553125,0.000845259,0.001491548,150,0.587875,0.581895833,4560.1,6870.1,-8.33E-05,-8.02E-05,9900.1,14970.1,-8.96E-06,0.337827574,0.007246827,0,0,0,118,151,0.641968089,18.77950321,-0.004777321
26,0107C1,1290.1,0.03440625,3540.1,1.265,3570.1,1.24815625,3600.1,1.2365,0.002311255,1.24735625,1.25035,0.065132358,0.000903894,110,1.29365625,1.27890625,3360.1,6060.1,-0.000104417,-4.38E-05,6600.1,14040.1,-2.05E-05,1.109165035,0.026067435,0,0,0,44,119,1.478144612,6.146969525,-0.002420574
27,0107C1,1290.1,0.03140625,3180.1,1.20865625,3210.1,1.2114375,3240.1,1.21259375,0.002786354,1.2075625,1.20013125,0.021067045,0.001321129,110,1.21665625,1.20590625,3270.1,7410.1,-0.000192475,-9.92E-05,14100.1,14970.1,-2.61E-05,0.64714375,0.009408058,0,0,0,44,107,2.033028804,6.003071608,-0.002064713
28,0107C1,1230.1,0.0271875,3300.1,1.30346875,3330.1,1.293875,3360.1,1.28878125,0.002697231,1.2934,1.295665625,0.030882439,0.001171014,117,1.3100625,1.2995,3480.1,4380.1,-0.000143963,-5.68E-05,5670.1,12420.1,-1.55E-05,1.167005923,0.018232546,0,0,0,42,111,0.664482167,0.501401613,-0.000868032
29,0108C1,1530.1,0.061425492,2760.1,0.7015625,2790.1,0.70034375,2820.1,0.6933125,0.002856636,0.6994625,0.701246875,0.028554924,0.001240809,210,0.74315625,0.737760417,2910.1,3720.1,-5.97E-05,-4.30E-05,7680.1,14970.1,-9.37E-06,0.560416282,0.010765925,0,0,0,52,93,0.723796276,11.75730029,-0.00588619
30,0108C1,1530.1,0.06781901,2610.1,0.7226875,2640.1,0.72596875,2670.1,0.72878125,0.00316075,0.72705,0.72895625,0.017141074,0.001512449,211,0.8080625,0.806072917,2940.1,4320.1,-6.59E-05,-4.62E-05,7710.1,14970.1,-9.99E-06,0.60609285,0.011302285,0,0,0,52,88,0.756030447,11.58520833,-0.005833179
31,0108C1,8310.1,0.01125,9450.1,1.7421875,9480.1,1.7401875,9510.1,1.7345625,0.006381431,1.72070625,1.702059375,1.60E-05,0.001240683,324,1.7925,1.703822917,0,0,0,0,0,5970.1,-1.83E-08,2.30E-05,0.000104073,0,0,0,278,316,1.667946779,52.87696955,-0.006070283
32,0108C1,150.1,0.0225,2490.1,0.6798125,2520.1,0.68153125,2550.1,0.68109375,0.002101342,0.68541875,0.688521875,0.005109156,0.002048664,215,0.731625,0.729739583,2820.1,4860.1,-4.84E-05,-3.62E-05,7800.1,14970.1,-1.38E-05,0.54367474,0.014957053,0,0,0,6,84,0.749930969,11.15040271,-0.005537905
33,0109C1,1230.1,0.0551875,2280.1,0.933875,2310.1,0.92584375,2340.1,0.924375,0.003886491,0.92959375,0.923690625,0.014055192,0.001933926,76,0.94003125,0.934145833,2370.1,4050.1,-0.00014415,-8.35E-05,6780.1,14970.1,-8.06E-06,0.717374088,0.012104182,0,0,0,42,77,0.976672802,11.83332677,-0.006712346
34,0109C1,1440.1,0.10821875,2760.1,0.8865625,2790.1,0.88534375,2820.1,0.8813125,0.002298691,0.8842625,0.883546875,0.078777042,0.000953588,183,0.8933125,0.886135417,2880.1,4380.1,-6.84E-05,-3.99E-05,7530.1,14970.1,-6.31E-06,0.729240085,0.008106775,0,0,0,49,93,0.903058108,10.6711763,-0.005796671
35,0109C1,1230.1,0.0801875,2280.1,0.864875,2310.1,0.86984375,2340.1,0.871375,0.003267659,0.87239375,0.872890625,0.018536183,0.001771014,183,0.9193125,0.91346875,3060.1,4350.1,-4.93E-05,-2.87E-05,7410.1,14970.1,-8.46E-06,0.754839303,0.010382229,0,0,0,42,77,0.9367093,9.567389846,-0.005454333
36,0109C1,1020.1,0.06671875,2670.1,0.91978125,2700.1,0.908875,2730.1,0.9049375,0.002294016,0.9067,0.9024375,0.034208269,0.001323896,87,0.91996875,0.914583333,2640.1,4260.1,-0.000294802,-0.000184745,7320.1,14970.1,-6.44E-06,0.645690409,0.009476658,0,0,0,35,90,0.965922407,9.580115445,-0.005050246
37,0110C1,2730.1,0.067028661,3720.1,0.65190625,3750.1,0.6489375,3780.1,0.65234375,0.003314964,0.65249375,0.65533125,0.001214014,0.001735329,136,0.6623125,0.66078125,4050.1,8130.1,-0.000125036,-0.00012614,11550.1,14970.1,-1.10E-05,0.386701087,0.006412091,0,0,0,92,125,0.701385917,16.73284791,-0.005227198
38,0110C1,0,0,0,0,0,0,0,0,0,0,0,0,0,1,0.0020625,0.0020625,30.1,5970.1,-3.69E-09,0,0,0,0,0,0,0,0,0,0,0,0,0,0
39,0110C1,3030.1,0.070558219,3990.1,0.6239375,4020.1,0.62590625,4050.1,0.6303125,0.003275537,0.62958125,0.63515,0.001055013,0.001645138,148,0.646875,0.6418125,4350.1,7440.1,-0.000132392,-0.000133783,7470.1,14970.1,-1.51E-05,0.428536355,0.017044814,0,0,0,102,134,0.656441328,19.92123277,-0.005798219
40,0110C1,2370.1,0.092412887,3510.1,0.62746875,3540.1,0.63,3570.1,0.62515625,0.002424015,0.625775,0.630596875,0.008128427,0.001284364,124,0.64053125,0.638270833,4050.1,5550.1,-0.000128666,-0.000109754,12510.1,14970.1,-1.19E-05,0.404346762,0.005296943,0,0,0,80,118,0.664534334,12.26789261,-0.004331549
41,0111C1,1380.1,0.0928125,2280.1,0.907875,2310.1,0.89684375,2340.1,0.901375,0.00365567,0.90059375,0.896990625,0.01837643,0.001794424,77,0.907875,0.903583333,2790.1,4170.1,-9.64E-05,-5.57E-05,7380.1,14970.1,-1.16E-05,0.690828863,0.014279467,0,0,0,47,77,0.961913251,11.23484963,-0.006354902
42,0111C1,60.1,0.0150625,2250.1,0.88003125,2280.1,0.880875,2310.1,0.87484375,0.00267969,0.88195625,0.881384375,0.012200847,0.001995761,79,0.889375,0.882958333,2430.1,3930.1,-0.000107379,-6.36E-05,7320.1,14970.1,-9.02E-06,0.682807251,0.011354391,0,0,0,3,76,0.985904404,9.421811143,-0.005319357
43,0111C1,60.1,0.0130625,2250.1,0.83703125,2280.1,0.833875,2310.1,0.82484375,0.002740538,0.83275625,0.829884375,0.012667517,0.00195835,178,0.84921875,0.844927083,2370.1,4080.1,-6.18E-05,-3.81E-05,7440.1,14970.1,-1.12E-05,0.683458953,0.013372272,0,0,0,3,76,0.926443428,9.444044269,-0.00538748
44,0111C1,1560.1,0.02531643,2610.1,1.0086875,2640.1,1.00596875,2670.1,1.00978125,0.005063106,1.00825,1.00265625,0.012870645,0.001765198,87,1.01796875,1.01125,2640.1,4020.1,-0.000192787,-0.00010286,7320.1,14970.1,-8.08E-06,0.828748494,0.011106971,0,0,0,53,88,1.042224107,16.27270989,-0.008010565
45,0112C1,60.1,0.0090625,1050.1,1.16990625,1080.1,1.16775,1110.1,1.169875,0.007083099,1.16716875,1.15408125,0.047515267,0.003272504,35,1.17271875,1.16809375,1140.1,2100.1,-0.000274309,-0.000125486,12090.1,14970.1,-3.14E-06,0.851431057,0.006590718,0,0,0,3,36,1.224091728,7.940954975,-0.011001596
46,0112C1,300.1,0.02915625,1020.1,1.16271875,1050.1,1.15490625,1080.1,1.15475,0.007385491,1.15614375,1.14405625,0.049807135,0.003294923,34,1.16365625,1.159520833,1140.1,3600.1,-0.000235509,-0.000119053,5640.1,11220.1,-2.91E-05,0.881634665,0.024541202,0,0,0,11,35,1.225477664,7.702037654,-0.01083021
47,0112C1,300.1,0.02715625,1110.1,1.160875,1140.1,1.15146875,1170.1,1.15084375,0.006688623,1.14685625,1.131784375,0.077486662,0.00265721,37,1.16575,1.161510417,1140.1,3600.1,-0.000253382,-0.000128924,5070.1,8790.1,-5.81E-06,0.9045245,0.008250527,0,0,0,11,38,1.205661631,7.862920088,-0.010976588
48,0112C1,360.1,0.04275,1110.1,1.163875,1140.1,1.16046875,1170.1,1.15484375,0.006355824,1.15665625,1.139784375,0.082197724,0.002596904,35,1.16871875,1.161760417,1140.1,3660.1,-0.0002233,-0.000111948,5610.1,14970.1,-2.57E-05,0.893335363,0.035923458,0,0,0,13,38,1.208430156,7.836649647,-0.010902729
49,0113C1,360.1,0.03175,1320.1,0.27596875,1350.1,0.273875,1380.1,0.2768125,0.003249663,0.2773625,0.28431875,0.046563315,0.001446629,58,0.2975625,0.2936875,1740.1,2400.1,-0.000116833,-0.000210744,2430.1,10440.1,-7.84E-06,0.260695546,0.010951381,0,0,0,13,45,0.281354546,3.648214323,-0.005061454
50,0113C1,360.1,0.03475,2760.1,0.7265625,2790.1,0.73034375,2820.1,0.7303125,0.001827501,0.7312625,0.730646875,0.095054367,0.000742204,97,0.736875,0.73475,2940.1,5340.1,-0.000248877,-0.000223478,5670.1,7080.1,1.45E-05,0.470122396,0.00817071,0,0,0,13,93,210.1888037,7.67799825,-0.000733
51,0113C1,270.1,0.0343125,930.1,0.23534375,960.1,0.2391875,990.1,0.24265625,0.004209035,0.2443625,0.249465625,0.034956624,0.002173,177,0.29628125,0.292333333,3660.1,4140.1,-2.17E-05,-3.82E-05,4170.1,9000.1,-1.05E-05,0.279684606,0.008707324,960.1,3150.1,2.96E-05,10,32,0.254329036,3.480288811,-0.006257312
52,0113C1,330.1,0.038625,1080.1,0.24575,1110.1,0.247875,1140.1,0.24946875,0.003559446,0.24936875,0.253878125,0.04129378,0.001769811,273,0.32721875,0.32509375,3690.1,4200.1,-2.53E-05,-4.44E-05,4230.1,7920.1,-1.22E-05,0.280147681,0.007847712,1110.1,2430.1,4.50E-05,12,37,0.2647538,3.423235446,-0.005500472
53,0114C1,0,0,0,0,0,0,0,0,0,0,0,0,0,451,0.10853125,0.10459375,13440.1,14790.1,-4.61E-05,-0.000264334,14820.1,14970.1,3.77E-06,0.079021123,0.001024738,0,0,0,0,410,0.064245593,0.292705506,2.44E-05
54,0114C1,60.1,0.0050625,4380.1,1.12871875,4410.1,1.122875,4440.1,1.11984375,0.001805699,1.11985625,1.11344375,1.24E-05,0.002661255,147,1.12871875,1.126125,4470.1,6630.1,-0.000300387,-0.000161779,12120.1,14970.1,5.43E-06,0.834883355,0.00689818,0,0,0,3,147,7210061.682,22.2979406,-0.001496149
55,0114C1,60.1,0.0400625,120.1,0.0448125,150.1,0.0495,180.1,0.0448125,0.002694146,0.04443125,0.0424,0.036938174,0.001783197,6,0.0495,0.046375,630.1,1560.1,-4.63E-05,-0.000714258,1590.1,13440.1,-3.40E-06,0.019860544,0.00688531,0,0,0,3,5,0.064529433,-0.233611119,-0.00536782
56,0114C1,60.1,0.0410625,2370.1,1.17565625,2400.1,1.16521875,2430.1,1.1555625,0.002095022,1.1596375,1.13934375,0.001298101,0.002966641,80,1.17565625,1.171416667,2430.1,3450.1,-0.000211912,-9.93E-05,5370.1,14970.1,-1.35E-05,1.003580802,0.023458217,0,0,0,3,80,0.239114211,0.10381633,-0.001380747
57,0115C1,0,0,0,0,0,0,0,0,0,0,0,0,0,1,0.0310625,0.0310625,0,0,0,0,120.1,5970.1,2.96E-08,1.65E-05,8.88E-05,0,5640.1,-3.95E-07,0,0,6.25E-05,0,0
58,0115C1,0,0,0,0,0,0,0,0,0,0,0,0,0,1,0.0340625,0.0340625,3510.1,3870.1,-4.20E-05,-0.001134996,3900.1,12990.1,-1.22E-06,0.016268598,0.004686095,0,0,0,0,120,0.007542407,0.003462102,-0.000676338
59,0115C1,0,0,0,0,0,0,0,0,0,0,0,0,0,34,0.04865625,0.043520833,900.1,1860.1,-4.67E-05,-0.000765992,1890.1,9810.1,-5.53E-06,0.012342038,0.006921863,0,0,0,0,2,0,0,0
60,0115C1,840.1,0.04603125,120.1,0.0418125,150.1,0.0445,180.1,0.0448125,0.00019261,0.04543125,0.0449,0,0,15,0.06096875,0.05359375,570.1,1290.1,-3.24E-05,-0.00035398,1320.1,10350.1,-6.62E-06,0.011927942,0.011116878,0,0,0,29,5,0,0,0
61,0115D1,4350.1,0.169862069,2160.1,0.13587931,2190.1,0.133275862,2220.1,0.136241379,0.000147049,0.136286207,0.134712069,0,0,188,0.267482759,0.263655173,6240.1,10890.1,-5.62E-05,-0.000149343,10920.1,14970.1,-5.36E-06,0.142900609,0.003714623,0,0,0,146,73,0,0,0
62,0115D1,330.1,0.043068966,1350.1,0.116206897,1380.1,0.095413793,1410.1,0.097344828,0.001403897,0.101255173,0.106526437,0.03278839,0.000855134,204,0.218413793,0.21491954,6630.1,8040.1,-5.67E-05,-0.000151128,8070.1,12120.1,-1.14E-05,0.164345842,0.007066573,0,0,0,12,46,7.061337429,5.33719134,-0.000832878
63,0115D1,1140.1,0.095068966,2010.1,0.127344828,2040.1,0.124517241,2070.1,0.12837931,0.000484706,0.125965517,0.122965517,0.089887508,0.00015612,234,0.252448276,0.249793103,2040.1,2580.1,-0.000103174,-0.000459591,12540.1,14970.1,-5.76E-06,0.126051584,0.002654208,0,0,0,39,68,3.022081178,3.396140144,-0.000106778
64,0115D2,30.1,0.066806452,810.1,0.162258065,840.1,0.165806452,870.1,0.169129032,0.001641322,0.166116129,0.172325806,0.0782966,0.000938708,60,0.272645161,0.27044086,2640.1,5010.1,-6.96E-05,-0.000159511,8040.1,14970.1,2.76E-06,0.168936573,0.00425327,840.1,2100.1,0.000193165,2,28,0.17002004,0.523689944,-0.003568712
65,0115D2,930.1,0.180193548,1440.1,0.269193548,1470.1,0.274,1500.1,0.277612903,0.001135483,0.279496774,0.29673871,0.081804052,0.000830094,76,0.444387097,0.442344086,2250.1,4230.1,-0.000165847,-0.000260087,8130.1,14970.1,-4.35E-07,0.192397521,0.004511397,0,0,0,32,49,50.59912547,6.048043827,-0.000524234
66,0115D2,810.1,0.153258065,2280.1,0.448064516,2310.1,0.416510753,2340.1,0.390064516,0.001052887,0.403921505,0.384496237,0.119900752,0.000641061,74,0.476064516,0.455946236,2130.1,8010.1,-6.90E-05,-0.000134187,8040.1,14970.1,-1.08E-06,0.199217858,0.002674848,0,0,0,28,77,0.531531038,2.494666681,-0.002019305
67,0113K1,540.1,0.0595,1980.1,0.567583333,2010.1,0.571583333,2040.1,0.574583333,0.002259632,0.577933333,0.584925,0.061508937,0.001172363,89,0.618833333,0.611388889,2640.1,4770.1,-8.33E-05,-7.43E-05,10050.1,13260.1,-3.02E-05,0.31062963,0.015231999,0,0,0,19,67,0.896465047,3.257149964,-0.001962343
68,0113K1,300.1,0.01675,1980.1,0.559583333,2010.1,0.563583333,2040.1,0.565583333,0.003013167,0.568133333,0.573425,0.063292474,0.00115796,89,0.604833333,0.598388889,2640.1,4740.1,-8.32E-05,-7.58E-05,9990.1,13260.1,-2.17E-05,0.314546212,0.011388798,0,0,0,11,67,0.709444112,3.167129393,-0.002261333
69,0113K1,360.1,0.024,2100.1,0.633833333,2130.1,0.636416667,2160.1,0.6325,0.002714366,0.63235,0.63665,0.072329585,0.001111313,91,0.668666667,0.6655,2670.1,4110.1,-0.000108277,-8.74E-05,6930.1,13260.1,-2.62E-05,0.434685928,0.025211274,0,0,0,13,71,0.755177001,3.503912606,-0.00254243
70,0113K1,600.1,0.08625,1980.1,0.589583333,2010.1,0.592583333,2040.1,0.592583333,0.002009492,0.596133333,0.602325,0.076509098,0.001085711,84,0.638583333,0.632861111,2670.1,4200.1,-9.79E-05,-8.24E-05,7050.1,13260.1,-2.77E-05,0.402275975,0.026060741,0,0,0,21,67,0.831660453,3.106283073,-0.002072437
71,0114K1,180.1,0.042333333,2790.1,1.19025,2820.1,1.190833333,2850.1,1.184666667,0.001844186,1.189216667,1.186983333,0.01213499,0.001732905,131,1.2555,1.250583333,3990.1,5160.1,-0.000545341,-0.000243072,6030.1,9090.1,-4.62E-05,0.95814644,0.022643892,0,0,0,7,94,0.475347822,0.475632356,-0.001028607
72,0114K1,30.1,0.04475,2700.1,1.165666667,2730.1,1.160333333,2760.1,1.160416667,0.00176147,1.1631,1.158708333,0.003790036,0.002198368,131,1.1745,1.169583333,2820.1,3390.1,-9.10E-05,-3.99E-05,8160.1,13230.1,-4.28E-05,0.814316667,0.032264208,0,0,0,2,91,0.396188326,0.494591746,-0.001024331
73,0114K1,30.1,0.04775,2670.1,1.1645,2700.1,1.166666667,2730.1,1.165333333,0.00174548,1.165633333,1.162258333,0.011131108,0.001832953,132,1.19975,1.198222222,2730.1,3180.1,-0.000121103,-5.27E-05,0,0,0,0,0,0,0,0,2,90,0.441900369,0.397346686,-0.001079336
74,0114K1,30.1,0.06075,2580.1,0.093166667,2610.1,0.095078843,2640.1,0.094763141,0.000241933,0.094235064,0.101363365,0.07746731,3.08E-05,137,0.175333333,0.169675926,840.1,1170.1,-3.48E-05,-0.000214663,3780.1,9690.1,-2.12E-05,0.141223565,0.01904605,0,0,0,2,87,0.150367817,-0.057899279,-6.73E-05
75,0115K1,30.1,0.06775,1170.1,1.184833333,1200.1,1.178083333,1230.1,1.18225,0.003621333,1.180683333,1.177866667,0.063653622,0.002686357,84,1.244583333,1.234527778,2520.1,4260.1,-0.000295166,-0.000140651,0,0,0,0,0,0,0,0,2,40,1.261853698,7.063852766,-0.008886442
76,0115K1,420.1,0.106916667,1200.1,1.191083333,1230.1,1.19125,1260.1,1.193833333,0.00445861,1.19095,1.185333333,0.112303706,0.00215344,83,1.2525,1.244166667,1290.1,1620.1,-5.06E-05,-2.15E-05,10140.1,13260.1,-2.94E-05,0.832185714,0.014890332,0,0,0,15,41,1.224345689,7.573666738,-0.010136412
77,0115K1,420.1,0.108916667,1140.1,1.184583333,1170.1,1.181833333,1200.1,1.186083333,0.00478206,1.182316666,1.17715,0.093862005,0.002402199,84,1.224583333,1.218194444,2400.1,4200.1,-0.0002623,-0.000125166,9330.1,13260.1,-2.95E-05,0.840829545,0.018107444,0,0,0,15,39,1.215261205,7.40261199,-0.010058874
78,0115K1,420.1,0.118916667,1200.1,1.164083333,1230.1,1.16825,1260.1,1.162833333,0.004219451,1.16375,1.161433333,0.109276394,0.002148855,81,1.215833333,1.215111111,2460.1,4170.1,-0.000301601,-0.000143592,9960.1,13260.1,-3.21E-05,0.814289039,0.016648148,0,0,0,15,41,1.20897821,6.777360534,-0.008998669
79,0116C1,270.1,0.0453125,1080.1,1.15075,1110.1,1.140875,1140.1,1.14246875,0.005761138,1.13716875,1.107678125,0.053077154,0.003041745,37,1.15075,1.14584375,1140.1,2580.1,-0.000278638,-0.000146766,12060.1,14970.1,-3.24E-06,0.72050287,0.006421135,0,0,0,10,37,1.285799241,6.578537326,-0.008566762
80,0116C1,330.1,0.046625,1110.1,1.163875,1140.1,1.15346875,1170.1,1.15484375,0.005950883,1.14105625,1.111684375,0.070498134,0.002733445,37,1.17475,1.16884375,1140.1,2790.1,-0.000304546,-0.000160845,12270.1,14970.1,9.69E-06,0.718423077,0.006897059,0,0,0,12,38,1.25434388,7.07060616,-0.0094653
81,0116C1,330.1,0.049625,1110.1,1.172875,1140.1,1.15946875,1170.1,1.15684375,0.005849793,1.14685625,1.116384375,0.074942557,0.00268272,38,1.172875,1.168364583,1110.1,2730.1,-0.000321951,-0.000168494,12270.1,14970.1,7.55E-06,0.746521978,0.006375403,0,0,0,12,38,1.249273951,7.097476312,-0.009621285
82,0116C1,240.1,0.0410625,990.1,1.16165625,1020.1,1.16171875,1050.1,1.16490625,0.006429624,1.16438125,1.14248125,0.051548394,0.003344787,37,1.17275,1.166177083,1080.1,2700.1,-0.000298612,-0.00015731,6030.1,8880.1,1.41E-05,0.831791341,0.00891944,0,0,0,9,34,1.297147819,6.385525705,-0.009017149
83,0201G1,840.1,0.058777778,2040.1,0.849472222,2070.1,0.839416667,2100.1,0.841194444,0.00321102,0.842466667,0.840272222,0.063738295,0.001380723,187,0.94475,0.941342593,2040.1,3900.1,-5.13E-05,-3.12E-05,7260.1,8400.1,-2.99E-05,0.70955057,0.006757038,0,0,0,29,69,0.561815076,0.370163828,-0.001557718
84,0201G1,570.1,0.026583333,1830.1,0.830055556,1860.1,0.834305556,1890.1,0.82675,0.00394017,0.834361111,0.836763889,0.026478549,0.001993612,188,0.934277778,0.928944445,2040.1,3870.1,-5.70E-05,-3.51E-05,7260.1,8400.1,-2.20E-06,0.704448006,0.003783171,0,0,0,20,62,0.343807607,0.25314992,-0.002018573
85,0201G1,750.1,0.049055556,1830.1,0.807055556,1860.1,0.809305556,1890.1,0.80575,0.003740907,0.810361111,0.813463889,0.026940914,0.001962391,187,0.89675,0.890675926,2040.1,3870.1,-5.16E-05,-3.27E-05,7260.1,8400.1,-2.24E-06,0.671396724,0.003898583,0,0,0,26,62,0.871846227,7.600851676,-0.00565508
86,0201G1,570.1,0.019583333,1830.1,0.874055556,1860.1,0.877305556,1890.1,0.87275,0.004349228,0.878761111,0.879863889,0.028217412,0.001993545,183,0.987222222,0.978898148,2010.1,3870.1,-5.02E-05,-2.95E-05,7110.1,8400.1,2.35E-06,0.761082702,0.004111249,0,0,0,20,62,0.363211196,0.280052649,-0.002033664
87,0202G1,240.1,0.015388889,1020.1,1.192944444,1050.1,1.188305556,1080.1,1.1915,0.008046787,1.186955556,1.169819445,0.041460054,0.003497035,35,1.192944444,1.190074074,1140.1,2640.1,-0.000290672,-0.000141014,4080.1,6990.1,1.87E-05,0.931627268,0.010560736,0,0,0,9,35,1.297737715,7.451993184,-0.010124931
88,0202G1,390.1,0.047138889,1200.1,1.167055556,1230.1,1.163583333,1260.1,1.148166667,0.005715817,1.15205,1.131483333,0.119514188,0.002115788,35,1.195944444,1.188407407,1140.1,2640.1,-0.000303758,-0.000147301,4110.1,6540.1,1.37E-05,0.911682249,0.01056366,0,0,0,14,41,1.21932987,8.521637203,-0.011684382
89,0202G1,330.1,0.03675,1110.1,1.167888889,1140.1,1.171138889,1170.1,1.163722222,0.006397455,1.161677778,1.143336111,0.08362396,0.002596995,37,1.1815,1.173564815,1140.1,2520.1,-0.000301122,-0.000145777,4080.1,6540.1,9.12E-06,0.952764726,0.007673375,0,0,0,12,38,1.222189645,8.057535136,-0.011265414
90,0202G1,240.1,0.023388889,1140.1,1.174138889,1170.1,1.169722222,1200.1,1.144055556,0.006277373,1.159133333,1.137966667,0.087446235,0.002503825,35,1.186944444,1.177074074,1140.1,2730.1,-0.000301916,-0.000149388,4380.1,6480.1,3.70E-05,0.920634977,0.013642181,0,0,0,9,39,1.229364389,7.74821423,-0.010770383
91,0203G1,330.1,0.04075,1590.1,0.917666667,1620.1,0.919083333,1650.1,0.922583333,0.003565951,0.916922222,0.916102778,0.189760876,0.001156363,47,0.948777778,0.940518518,1380.1,3150.1,-8.92E-05,-4.97E-05,0,0,0,0,0,0,0,0,12,54,0.957429379,5.687375323,-0.007377414
92,0203G1,330.1,0.03775,1260.1,0.981166667,1290.1,0.979888889,1320.1,0.980555556,0.005053709,0.981994445,0.980502778,0.105599685,0.001934342,53,0.988416667,0.976009259,1410.1,3120.1,-7.12E-05,-3.75E-05,6960.1,8430.1,9.12E-06,0.686874444,0.008448929,0,0,0,12,43,1.020091631,5.422691423,-0.007190399
93,0203G1,120.1,0.005361111,1260.1,0.985166667,1290.1,0.977888889,1320.1,0.981555556,0.006597975,0.979794445,0.978202778,0.093735728,0.002052183,173,1.005027778,0.997398148,1380.1,1830.1,-6.59E-05,-3.39E-05,6450.1,8400.1,-2.38E-05,0.880267677,0.009696978,0,0,0,5,43,1.02736886,5.306920338,-0.007105812
94,0203G1,330.1,0.04575,1410.1,0.932194444,1440.1,0.936861111,1470.1,0.928166667,0.004026655,0.929611111,0.923486111,0.151577426,0.001453045,171,0.953194444,0.944564815,1380.1,3090.1,-7.34E-05,-4.07E-05,7050.1,8400.1,2.00E-05,0.77642029,0.007732282,0,0,0,12,48,0.964101456,5.273361916,-0.007044151
95,0204G1,450.1,0.06425,1140.1,1.161138889,1170.1,1.158722222,1200.1,1.136055556,0.00605174,1.143533333,1.122166667,0.108600367,0.002287,35,1.179944444,1.172407407,1110.1,2400.1,-0.000356605,-0.00017373,4260.1,6930.1,6.90E-06,0.938964198,0.007862111,0,0,0,16,39,1.202775048,8.951686805,-0.012452578
96,0204G1,270.1,0.020916667,1170.1,1.155722222,1200.1,1.143055556,1230.1,1.139583333,0.006431109,1.139083333,1.120838889,0.099990928,0.002322245,39,1.176138889,1.16725,1110.1,2640.1,-0.00035425,-0.000176319,4260.1,6960.1,1.16E-05,0.8859942,0.008574071,0,0,0,10,40,1.198729857,8.449278215,-0.011851555
97,0204G1,270.1,0.021916667,1110.1,1.149888889,1140.1,1.149138889,1170.1,1.153722222,0.006801574,1.144077778,1.122436111,0.081986016,0.002610318,35,1.167944444,1.161407407,1110.1,2610.1,-0.000381388,-0.000192617,4050.1,6510.1,1.58E-05,0.857800536,0.010478065,0,0,0,10,38,1.207995122,7.850757084,-0.01108105
98,0204G1,330.1,0.03575,1050.1,1.160305556,1080.1,1.1585,1110.1,1.158888889,0.006972802,1.156311111,1.136880556,0.057514981,0.003074812,36,1.160305556,1.15925,1110.1,2640.1,-0.000390403,-0.00019947,4140.1,6960.1,1.14E-05,0.831621637,0.008630788,0,0,0,12,36,1.243002955,7.656013967,-0.010563502
99,0205G1,210.1,0.04275,1170.1,1.054722222,1200.1,1.057055556,1230.1,1.045583333,0.004817495,1.047683333,1.037738889,0.191038907,0.001654413,37,1.0675,1.052231482,1200.1,3270.1,-0.000180031,-9.40E-05,3300.1,4020.1,2.63E-06,0.861021111,0.010274068,0,0,0,8,40,1.056876136,5.273006018,-0.00922114
100,0205G1,60.1,0.019055556,1200.1,0.977055556,1230.1,0.976583333,1260.1,0.967166667,0.004982594,0.96705,0.958183333,0.193433352,0.001567771,38,0.987888889,0.983842593,1110.1,3240.1,-0.000126042,-7.20E-05,6000.1,8400.1,-5.87E-06,0.753305556,0.00777011,0,0,0,3,41,0.99081006,5.022715624,-0.009375708
101,0205G1,180.1,0.028277778,1110.1,1.018888889,1140.1,1.018138889,1170.1,1.012722222,0.005560413,1.016877778,1.004936111,0.178683432,0.001768551,37,1.0195,1.011564815,1170.1,3270.1,-0.000155976,-8.59E-05,7260.1,8430.1,2.99E-05,0.739788889,0.008405042,0,0,0,7,38,1.014387299,5.301887449,-0.009751647
102,0205G1,210.1,0.04975,1170.1,1.004722222,1200.1,0.998055556,1230.1,0.994583333,0.004516621,0.994083333,0.981838889,0.216390771,0.001513797,37,1.0185,1.008564815,1080.1,2730.1,-0.000218343,-0.000122666,6000.1,7170.1,-5.97E-07,0.767545833,0.011262313,0,0,0,8,40,1.021281235,5.144412201,-0.009493214
103,0206G1,210.1,0.01875,1410.1,0.960194444,1440.1,0.964861111,1470.1,0.957166667,0.00473197,0.958411111,0.955386111,0.13905811,0.001558792,171,1.000194444,0.991564815,1320.1,3060.1,-7.80E-05,-4.18E-05,6330.1,8400.1,-9.83E-06,0.869739683,0.006164946,0,0,0,8,48,1.003244478,5.623670941,-0.007489446
104,0206G1,270.1,0.039916667,1260.1,0.993166667,1290.1,0.990888889,1320.1,0.992555556,0.004683811,0.986994445,0.975202778,0.105600646,0.001960747,42,1.002583333,0.993935185,1290.1,3180.1,-0.00010826,-5.83E-05,7080.1,8400.1,1.20E-05,0.810094444,0.006851449,0,0,0,10,43,1.036845046,5.651677965,-0.007575954
105,0206G1,60.1,0.006055556,1260.1,0.996166667,1290.1,0.990888889,1320.1,0.995555556,0.006134987,0.992594445,0.989302778,0.094241089,0.002061827,173,1.015027778,1.010398148,1350.1,3030.1,-7.17E-05,-3.76E-05,6270.1,8400.1,-1.47E-05,0.90629591,0.008081527,0,0,0,3,43,1.045131034,5.321400176,-0.007119734
106,0206G1,210.1,0.02075,1260.1,1.004166667,1290.1,1.007888889,1320.1,1.009555556,0.005330232,1.005394445,1.001002778,0.10426667,0.001981,171,1.032194444,1.026898148,1350.1,3030.1,-7.26E-05,-3.74E-05,7080.1,8400.1,4.89E-06,0.900383333,0.006412045,0,0,0,8,43,1.054991903,5.378281887,-0.007204983
107,0207G1,330.1,0.02875,1140.1,1.166138889,1170.1,1.163722222,1200.1,1.143055556,0.006595104,1.150533333,1.141066667,0.073178952,0.00263106,39,1.166138889,1.16425,1200.1,2430.1,-0.000166253,-7.59E-05,3960.1,6870.1,-1.59E-06,0.948180839,0.006735403,0,0,0,12,39,1.189970692,8.230490918,-0.011113108
108,0207G1,330.1,0.03175,1110.1,1.118888889,1140.1,1.116138889,1170.1,1.113722222,0.006588675,1.113877778,1.103436111,0.063513743,0.002790813,37,1.1305,1.123564815,1200.1,2550.1,-0.00014704,-6.98E-05,6360.1,8400.1,-2.61E-05,0.864338567,0.009584677,0,0,0,12,38,1.168090799,7.710431025,-0.010414997
109,0207G1,330.1,0.03175,1140.1,1.122138889,1170.1,1.111722222,1200.1,1.106055556,0.006349816,1.109133333,1.098066667,0.075601571,0.002569683,38,1.124888889,1.121842593,1200.1,2850.1,-0.000159547,-7.79E-05,0,0,0,0,0,0,0,0,12,39,1.157498806,7.642114323,-0.0103842
110,0207G1,330.1,0.03675,1050.1,1.134305556,1080.1,1.1375,1110.1,1.138888889,0.006872113,1.136711111,1.128780556,0.054578409,0.003084881,38,1.138888889,1.136842593,1200.1,2820.1,-0.000139314,-6.62E-05,4470.1,8220.1,-3.08E-05,0.893850309,0.018463891,0,0,0,12,36,1.186479338,7.494108857,-0.010374033
111,0208G1,180.1,0.021277778,1170.1,0.921722222,1200.1,0.913055556,1230.1,0.910583333,0.005491831,0.914083333,0.905738889,0.112496066,0.001994227,40,0.921722222,0.917972222,1200.1,3150.1,-8.46E-05,-4.91E-05,6390.1,8400.1,-1.46E-05,0.760342729,0.007130655,0,0,0,7,40,0.956100922,5.251159626,-0.00795247
112,0208G1,210.1,0.05175,1050.1,0.900305556,1080.1,0.9025,1110.1,0.905888889,0.004905695,0.904711111,0.901080556,0.090732599,0.002391995,35,0.910944444,0.903407407,1140.1,1770.1,-0.000215214,-0.000123582,6420.1,8430.1,-1.06E-05,0.439774237,0.01130555,0,0,0,8,36,0.97540189,5.024007664,-0.007776384
113,0208G1,180.1,0.028277778,1260.1,0.940166667,1290.1,0.932888889,1320.1,0.928555556,0.004680718,0.928594445,0.919902778,0.147361653,0.00166591,40,0.947722222,0.942305556,1200.1,3810.1,-0.000130913,-7.79E-05,6270.1,8400.1,-4.34E-06,0.670712577,0.007023099,0,0,0,7,43,0.968834658,5.215152902,-0.007996731
114,0208G1,210.1,0.04675,1050.1,0.911305556,1080.1,0.9155,1110.1,0.918888889,0.005101067,0.917711111,0.917880556,0.086017315,0.002439474,40,0.923722222,0.920972222,1230.1,1830.1,-0.000137557,-7.70E-05,7080.1,8400.1,5.49E-06,0.774227778,0.005049445,0,0,0,8,36,0.978485816,5.042495284,-0.007696322
115,0209G1,360.1,0.047611111,1110.1,1.156888889,1140.1,1.153138889,1170.1,1.156722222,0.006137078,1.149277778,1.133136111,0.105304794,0.002372714,34,1.157972222,1.150518518,1110.1,2460.1,-0.000359028,-0.000174437,4470.1,5880.1,4.28E-06,1.002173515,0.004246558,0,0,0,13,38,1.190615495,7.937609886,-0.01156827
116,0209G1,360.1,0.054611111,1170.1,1.115722222,1200.1,1.107055556,1230.1,1.098583333,0.005373629,1.097483333,1.076138889,0.149872128,0.001929998,35,1.145944444,1.133074074,1080.1,2580.1,-0.000381148,-0.000197962,6060.1,8130.1,-3.11E-05,0.832405952,0.011466417,0,0,0,13,40,0.835210029,1.185452446,-0.003609058
117,0209G1,360.1,0.052611111,1110.1,1.135888889,1140.1,1.133138889,1170.1,1.122722222,0.005909747,1.123077778,1.103536111,0.115968775,0.002264623,35,1.135944444,1.129740741,1110.1,2520.1,-0.000421214,-0.000217597,4470.1,6870.1,-1.68E-05,0.900104938,0.009791204,0,0,0,13,38,1.168179051,7.529891394,-0.011182318
118,0209G1,330.1,0.05375,990.1,1.125972222,1020.1,1.129944444,1050.1,1.127305556,0.00664964,1.125122222,1.119127778,0.071479701,0.00299569,35,1.129944444,1.127740741,1110.1,2610.1,-0.000395701,-0.000205576,4590.1,5880.1,-5.63E-06,0.924914141,0.004099059,0,0,0,12,34,1.199671769,6.76815229,-0.010191752
119,0210G1,30.1,0.064111111,1260.1,0.928166667,1290.1,0.926888889,1320.1,0.920555556,0.003134746,0.915594445,0.883402778,0.039035145,0.002698596,40,0.934722222,0.926638889,1260.1,3630.1,-0.000284843,-0.00020398,0,0,0,0,0,0,0,0,2,43,0.998599825,9.270686232,-0.010320272
120,0210G1,30.1,0.068111111,1860.1,1.591305556,1890.1,1.59575,1920.1,1.581027778,0.00248425,1.577383334,1.537647222,0.167724966,0.001322821,62,1.601055556,1.587546297,1890.1,2550.1,-0.001693079,-0.000616411,0,0,0,0,0,0,0,0,2,63,1.525051765,5.518096804,-0.00543237
121,0210G1,30.1,0.069111111,1770.1,1.657083333,1800.1,1.661277778,1830.1,1.641055556,0.002634244,1.637294445,1.600438889,0.161639108,0.001432149,59,1.663694444,1.653666666,1800.1,2550.1,-0.00201468,-0.000720765,0,0,0,0,0,0,0,0,2,60,1.574798773,5.970687767,-0.006057609
122,0210G1,30.1,0.066111111,1830.1,1.575055556,1860.1,1.560305556,1890.1,1.54575,0.002541315,1.547161111,1.522063889,0.186750895,0.001304723,59,1.610694444,1.590333333,1770.1,2580.1,-0.001102508,-0.000393366,0,0,0,0,0,0,0,0,2,62,1.555723551,6.10638499,-0.006279237
123,0211G1,180.1,0.032277778,1140.1,1.124138889,1170.1,1.118722222,1200.1,1.103055556,0.005335558,1.108733333,1.085766667,0.095035483,0.002391045,38,1.129888889,1.124842593,1110.1,2370.1,-0.000407767,-0.000208094,4680.1,6930.1,-1.29E-05,0.901070175,0.007004254,0,0,0,7,39,1.169951162,7.22118494,-0.010351581
124,0211G1,180.1,0.032277778,1050.1,1.103305556,1080.1,1.1015,1110.1,1.095888889,0.005856491,1.100111111,1.083880556,0.071225906,0.002829791,35,1.109944444,1.101740741,1110.1,2490.1,-0.000400353,-0.000211665,4590.1,6900.1,-1.06E-05,0.882712607,0.006679926,0,0,0,7,36,1.176524224,6.600131087,-0.009590946
125,0211G1,180.1,0.031277778,1110.1,1.093888889,1140.1,1.085138889,1170.1,1.036722222,0.005514177,1.071277778,1.056536111,0.09652225,0.002411155,37,1.0985,1.092231482,1110.1,2700.1,-0.000400395,-0.000222661,4680.1,6870.1,-1.26E-05,0.811643018,0.008322818,0,0,0,7,38,1.149854636,6.500068897,-0.009588185
126,0211G1,360.1,0.074611111,1050.1,1.112305556,1080.1,1.1015,1110.1,1.102888889,0.005649303,1.103111111,1.086480556,0.090402982,0.002585955,36,1.112305556,1.108583333,1110.1,2730.1,-0.000393457,-0.00021469,4620.1,6870.1,-5.81E-06,0.846485015,0.006629423,0,0,0,13,36,1.188996508,6.285886095,-0.009181322
127,0212G1,360.1,0.033611111,1410.1,1.161194444,1440.1,1.165861111,1470.1,1.157166667,0.004867169,1.161611111,1.153686111,0.22183849,0.001361713,39,1.201138889,1.193583333,1200.1,3360.1,-0.0002435,-0.000112023,4260.1,8040.1,4.46E-06,0.962255031,0.007774466,0,0,0,13,48,1.191556878,8.773093837,-0.012344951
128,0212G1,360.1,0.042611111,1170.1,1.201722222,1200.1,1.196055556,1230.1,1.200583333,0.005947815,1.194083333,1.187438889,0.113669915,0.0022171,39,1.207138889,1.20225,1230.1,2310.1,-0.000495307,-0.000230364,4290.1,6870.1,-1.32E-05,1.017903895,0.008752276,0,0,0,13,40,1.218228447,7.916456257,-0.011174596
129,0212G1,360.1,0.036611111,1080.1,1.1685,1110.1,1.171888889,1140.1,1.167138889,0.006939212,1.172461111,1.170808333,0.064204806,0.002894421,40,1.184722222,1.173972222,1230.1,3900.1,-0.000201217,-9.55E-05,5130.1,6930.1,-5.05E-06,0.957813752,0.006775233,0,0,0,13,37,1.214066158,8.049934762,-0.011093984
130,0212G1,360.1,0.031611111,1200.1,1.160055556,1230.1,1.159583333,1260.1,1.161166667,0.006187641,1.15865,1.154083333,0.094175658,0.002299712,37,1.1735,1.166564815,1230.1,3900.1,-0.000170616,-8.03E-05,4230.1,6900.1,-2.21E-06,0.959170062,0.007285787,0,0,0,13,41,1.194812795,8.124211241,-0.010847204
131,0213G1,180.1,0.018277778,1170.1,0.887722222,1200.1,0.874055556,1230.1,0.877583333,0.005658531,0.877083333,0.869138889,0.066946976,0.002415606,37,0.8925,0.883898148,1200.1,3210.1,-0.000200547,-0.00013347,6990.1,8430.1,5.13E-06,0.561837302,0.006059809,0,0,0,7,40,0.579837743,0.478528515,-0.002497653
132,0213G1,360.1,0.050611111,1200.1,0.923055556,1230.1,0.924583333,1260.1,0.914166667,0.004986776,0.92105,0.912883333,0.076478198,0.002251412,40,0.931722222,0.924972222,1290.1,1860.1,-0.000293538,-0.000168779,6150.1,8400.1,-1.34E-06,0.727086623,0.00618684,0,0,0,13,41,0.969812548,6.116447407,-0.008009221
133,0213G1,420.1,0.107388889,1200.1,0.866055556,1230.1,0.864583333,1260.1,0.852166667,0.003861045,0.85705,0.839783333,0.105369432,0.001916771,40,0.875722222,0.868305556,1230.1,3270.1,-0.000202111,-0.000143067,5790.1,8430.1,-1.13E-05,0.570493134,0.008261821,0,0,0,15,41,0.92065375,5.31059984,-0.007256477
134,0213G1,270.1,0.048916667,1170.1,0.879722222,1200.1,0.871055556,1230.1,0.874583333,0.004631833,0.871483333,0.861138889,0.077721376,0.002252404,39,0.888138889,0.88325,1230.1,3330.1,-0.000165801,-0.000111045,7320.1,8430.1,2.03E-05,0.631781433,0.006350046,0,0,0,10,40,0.97342507,5.012214412,-0.006655764
135,0214G1,60.1,0.055055556,1830.1,0.812055556,1860.1,0.804305556,1890.1,0.80075,0.00219357,0.806761111,0.803163889,0.059874041,0.001548008,61,0.817277778,0.812472222,1800.1,2850.1,-0.000108246,-6.94E-05,6180.1,8400.1,-1.99E-05,0.594641111,0.008731429,0,0,0,3,62,1.015902301,4.837673183,-0.003730647
136,0214G1,60.1,0.049055556,1830.1,0.807055556,1860.1,0.801305556,1890.1,0.79775,0.002282587,0.802961111,0.800563889,0.063509491,0.001516587,61,0.814277778,0.808805556,1770.1,2790.1,-0.000121159,-7.78E-05,7290.1,8430.1,-7.49E-10,0.569488604,0.004022343,0,0,0,3,62,0.984974034,4.897468731,-0.003878359
137,0214G1,150.1,0.064555556,1830.1,0.809055556,1860.1,0.807305556,1890.1,0.80475,0.002171206,0.808361111,0.805563889,0.062353544,0.001529554,155,0.835805556,0.83262963,1830.1,2850.1,-9.05E-05,-5.76E-05,6210.1,8430.1,-2.10E-05,0.644551852,0.008601793,0,0,0,6,62,0.965000922,5.138178191,-0.004111426
138,0214G1,180.1,0.047277778,1590.1,0.775666667,1620.1,0.779083333,1650.1,0.781583333,0.002862555,0.779322222,0.783502778,0.025675744,0.002235706,61,0.799277778,0.790472222,1920.1,2910.1,-6.54E-05,-4.24E-05,6690.1,8400.1,-3.11E-05,0.590574234,0.010825211,0,0,0,7,54,0.380502311,0.281386073,-0.001683331
139,0215G1,180.1,0.015277778,2040.1,0.827472222,2070.1,0.812416667,2100.1,0.815194444,0.003096346,0.814666667,0.801972222,0.130147278,0.001009706,68,0.830583333,0.820740741,1980.1,2370.1,-0.000235299,-0.000146678,6000.1,6840.1,-1.72E-05,0.681117816,0.00855243,0,0,0,7,69,0.895710594,3.490805886,-0.00316828
140,0215G1,270.1,0.044916667,2580.1,1.0765,2610.1,1.055694444,2640.1,1.050444444,0.001983963,1.058861111,1.060588889,0.202436256,0.000741334,123,1.157444444,1.133222222,2250.1,2640.1,-7.80E-05,-3.66E-05,0,0,0,0,0,0,0,0,10,87,1.136623836,4.040646517,-0.003164997
141,0215G1,90.1,0.064361111,2910.1,1.129611111,2940.1,1.116583333,2970.1,1.110555556,0.001465778,1.123666667,1.142972222,0.232050037,0.000627191,123,1.186444444,1.166555555,3480.1,6480.1,-0.00012401,-5.76E-05,0,0,0,0,0,0,0,0,4,98,1.161912836,4.053301188,-0.003051067
142,0215G1,30.1,0.065111111,2610.1,1.081694444,2640.1,1.077444444,2670.1,1.078916667,0.001571413,1.080605555,1.084625,0.181496019,0.000781716,123,1.158444444,1.141222222,3570.1,4020.1,-0.000169793,-7.56E-05,0,0,0,0,0,0,0,0,2,88,1.171047057,3.869377479,-0.002878175
143,0216G1,30.1,0.064111111,1140.1,1.171138889,1170.1,1.172722222,1200.1,1.158055556,0.00377585,1.161933333,1.142766667,0.091982465,0.002432119,38,1.182888889,1.172175926,1170.1,2790.1,-0.000338337,-0.00017018,4560.1,6930.1,-5.04E-06,0.872822222,0.00691401,0,0,0,2,39,1.32907542,5.302586944,-0.007056653
144,0216G1,120.1,0.047361111,1110.1,1.161888889,1140.1,1.166138889,1170.1,1.161722222,0.004663258,1.156077778,1.132636111,0.086966944,0.002537466,37,1.1755,1.161564815,1140.1,2850.1,-0.000357531,-0.000184067,4620.1,6960.1,-3.52E-06,0.815877286,0.005948265,0,0,0,5,38,1.310199101,5.43234048,-0.007377788
145,0216G1,180.1,0.023277778,1050.1,1.137305556,1080.1,1.1415,1110.1,1.135888889,0.006448877,1.138311111,1.125680556,0.064737772,0.002931998,39,1.144138889,1.137583333,1140.1,2760.1,-0.000343388,-0.000177275,4650.1,6930.1,-2.75E-06,0.868672799,0.005973675,0,0,0,7,36,1.275203278,5.897650524,-0.008136965
146,0216G1,360.1,0.078611111,1140.1,1.118138889,1170.1,1.111722222,1200.1,1.104055556,0.004910541,1.105933333,1.089966667,0.108309424,0.002247975,38,1.126888889,1.121842593,1140.1,2730.1,-0.000346066,-0.000182178,4860.1,6930.1,-6.86E-06,0.871944048,0.00607159,0,0,0,13,39,1.180627509,6.601413539,-0.009309697
147,0401J1,330.1,0.042864865,2370.1,0.871810811,2400.1,0.875837838,2430.1,0.873243243,0.002130465,0.874378378,0.875910811,0.093636094,0.001046753,90,0.893378378,0.890828829,2700.1,4110.1,-5.98E-05,-3.49E-05,6480.1,8310.1,-1.51E-05,0.68157585,0.008265396,0,0,0,12,80,0.999247654,4.515374408,-0.003072542
148,0401J1,300.1,0.046864865,2280.1,0.910405405,2310.1,0.911783784,2340.1,0.915783784,0.002161581,0.909124324,0.903889189,0.10808819,0.00104606,70,0.93472973,0.921054054,2130.1,3000.1,-0.000115948,-6.48E-05,3030.1,4320.1,-2.34E-05,0.868021499,0.008191635,0,0,0,11,77,1.013130197,4.672783274,-0.003454547
149,0401J1,210.1,0.016405405,2040.1,0.985945946,2070.1,0.98872973,2100.1,0.963486486,0.003229107,0.980837838,0.979183784,0.065597845,0.001435138,74,0.989918919,0.98,2130.1,3330.1,-0.00012566,-6.58E-05,6000.1,7350.1,-1.56E-05,0.799676263,0.008947441,0,0,0,8,69,1.133100285,5.106737097,-0.003665115
150,0401J1,210.1,0.024405405,1770.1,0.89227027,1800.1,0.889216216,1830.1,0.882405405,0.003328339,0.89907027,0.906005405,0.047165183,0.001762593,65,0.924837838,0.920702703,1980.1,2940.1,-0.000149439,-8.59E-05,5850.1,7650.1,-1.06E-05,0.700908728,0.009977613,0,0,0,8,60,0.507753764,0.379955118,-0.001561234
151,0402J1,690.1,0.029972973,2160.1,0.993459459,2190.1,0.993918919,2220.1,0.994621622,0.003435869,0.996064865,0.993178378,0.089969664,0.001233928,174,1.073864865,1.06727027,2070.1,3120.1,-6.76E-05,-3.44E-05,6780.1,8310.1,-1.49E-05,0.909658004,0.005854783,0,0,0,24,73,1.02232759,8.502335801,-0.006420493
152,0402J1,390.1,0.011567568,1920.1,1.004837838,1950.1,1.007648649,1980.1,1.000405405,0.00420963,1.003140541,1.002086487,0.038111298,0.001828928,174,1.087864865,1.079936937,2100.1,3180.1,-5.97E-05,-3.03E-05,6840.1,8310.1,-5.13E-06,0.919175676,0.004953923,0,0,0,14,65,1.044415491,8.251499901,-0.006198547
153,0402J1,660.1,0.021540541,1920.1,1.006837838,1950.1,0.999648649,1980.1,0.993405405,0.00440209,0.999140541,0.997386487,0.041328829,0.001778532,174,1.079864865,1.07527027,2070.1,3150.1,-5.81E-05,-2.96E-05,6900.1,8310.1,-1.43E-05,0.910595721,0.006020059,0,0,0,23,65,0.496434096,0.386067577,-0.00183369
154,0402J1,660.1,0.030540541,1920.1,0.975837838,1950.1,0.975648649,1980.1,0.964405405,0.003966543,0.971540541,0.969986487,0.042377,0.001747929,185,1.059972973,1.053792793,2040.1,3240.1,-4.79E-05,-2.51E-05,7170.1,8340.1,-2.56E-05,0.868714189,0.00820155,0,0,0,23,65,0.495173435,0.36706693,-0.001779063
155,0403J1,300.1,0.022864865,1230.1,1.202837838,1260.1,1.206837838,1290.1,1.21027027,0.00614749,1.20327027,1.193021622,0.121168797,0.002086767,125,1.238810811,1.224972973,1170.1,2640.1,-9.78E-05,-4.23E-05,6420.1,8310.1,5.63E-06,1.066900338,0.007118635,0,0,0,11,42,1.245255624,8.394325834,-0.011532785
156,0403J1,60.1,0.010945946,1050.1,1.21772973,1080.1,1.21572973,1110.1,1.203189189,0.006866317,1.208686487,1.200143243,0.050435264,0.00324678,118,1.221405405,1.212540541,1170.1,2640.1,-9.82E-05,-4.30E-05,5880.1,8310.1,-2.25E-06,1.056788398,0.009027567,0,0,0,3,36,1.271338088,7.713916913,-0.010696803
157,0403J1,210.1,0.013405405,1200.1,1.211756757,1230.1,1.194837838,1260.1,1.193837838,0.006563779,1.1988,1.190140541,0.106949766,0.002244887,40,1.22327027,1.215846847,1170.1,2670.1,-0.000180378,-8.02E-05,5880.1,8130.1,8.42E-06,1.02374431,0.009491163,0,0,0,8,41,1.243785869,7.985142591,-0.011125025
158,0403J1,360.1,0.053,1140.1,1.193513514,1170.1,1.19827027,1200.1,1.186756757,0.005760357,1.183443243,1.176191892,0.101530836,0.002370771,38,1.204189189,1.197810811,1170.1,2670.1,-0.000133687,-5.98E-05,5910.1,7620.1,-1.08E-06,1.023167754,0.009343646,0,0,0,13,39,1.232356612,7.749832872,-0.010879913
159,0404J1,210.1,0.009405405,1110.1,1.156189189,1140.1,1.156513514,1170.1,1.16127027,0.007712969,1.154913514,1.145886487,0.072168868,0.002708509,150,1.170675676,1.164477477,1200.1,2850.1,-0.000114739,-5.30E-05,5880.1,8310.1,7.11E-06,0.937885959,0.007170427,0,0,0,8,38,1.198128422,7.133831946,-0.009933638
160,0404J1,210.1,0.016405405,1170.1,1.17027027,1200.1,1.161756757,1230.1,1.157837838,0.006413049,1.158194595,1.154018919,0.100292861,0.002305851,151,1.210405405,1.208459459,1230.1,2910.1,-7.88E-05,-3.56E-05,5880.1,8310.1,2.75E-06,0.986678642,0.00728311,0,0,0,8,40,1.197128217,6.874888786,-0.009711384
161,0404J1,210.1,0.013405405,1170.1,1.15727027,1200.1,1.146756757,1230.1,1.149837838,0.006699758,1.146594595,1.143018919,0.097404584,0.002320759,143,1.164945946,1.142225225,1260.1,3060.1,-0.000103496,-4.79E-05,5910.1,8310.1,-1.97E-06,0.921472806,0.007249784,0,0,0,8,40,1.184704133,6.847127846,-0.00963501
162,0404J1,210.1,0.020405405,1020.1,1.131324324,1050.1,1.13572973,1080.1,1.13272973,0.00715175,1.141697297,1.145945946,0.058602237,0.003105921,161,1.163297297,1.156009009,1260.1,3030.1,-0.000102406,-4.71E-05,5910.1,8310.1,-2.30E-06,0.941670337,0.008105074,0,0,0,8,35,1.216301411,6.441748603,-0.009232645
163,0405J1,300.1,0.039864865,1230.1,1.119837838,1260.1,1.122837838,1290.1,1.11627027,0.005174224,1.11967027,1.114521622,0.107500455,0.002106024,150,1.160675676,1.157810811,1260.1,2910.1,-0.00012414,-5.85E-05,5760.1,8310.1,-7.14E-06,0.91607291,0.006336496,0,0,0,11,42,1.159111765,7.006847529,-0.009462427
164,0405J1,270.1,0.032972973,1230.1,1.117837838,1260.1,1.109837838,1290.1,1.10527027,0.005295087,1.10987027,1.103821622,0.093984184,0.002208129,148,1.152189189,1.150135135,1290.1,2700.1,-0.000123126,-5.80E-05,5760.1,8310.1,-7.35E-06,0.907014771,0.005667038,0,0,0,10,42,1.145649154,7.148046537,-0.009481717
165,0405J1,300.1,0.037864865,1230.1,1.122837838,1260.1,1.121837838,1290.1,1.12327027,0.005258221,1.12247027,1.118121622,0.100191728,0.002160384,150,1.167675676,1.161144144,1320.1,3060.1,-0.000100443,-4.69E-05,5730.1,8310.1,-5.45E-06,0.924765144,0.007895672,0,0,0,11,42,1.157112111,6.994791357,-0.009326485
166,0405J1,300.1,0.060864865,1140.1,1.109513514,1170.1,1.11127027,1200.1,1.115756757,0.004985921,1.109643243,1.106491892,0.101186704,0.002294722,148,1.146189189,1.141801802,1260.1,2940.1,-0.000110725,-5.24E-05,5610.1,8310.1,-1.01E-05,0.908277398,0.007113396,0,0,0,11,39,1.147671785,6.405500194,-0.009136565
167,0406J1,450.1,0.042783784,1110.1,1.188189189,1140.1,1.191513514,1170.1,1.18427027,0.007265995,1.182913514,1.171186487,0.046038555,0.003118061,37,1.19572973,1.186216216,1230.1,2550.1,-0.000107214,-4.83E-05,4830.1,7680.1,-1.16E-06,0.993576577,0.006710255,0,0,0,16,38,0.656047021,0.546491576,-0.003032482
168,0406J1,450.1,0.046783784,1170.1,1.20627027,1200.1,1.198756757,1230.1,1.185837838,0.006511668,1.193994595,1.186318919,0.06885119,0.002641318,39,1.216513514,1.209324324,1230.1,2580.1,-0.000156927,-6.98E-05,4830.1,7650.1,-8.12E-06,0.97450441,0.008113562,0,0,0,16,40,1.258762194,8.492905259,-0.010740571
169,0406J1,360.1,0.035,1170.1,1.18627027,1200.1,1.170756757,1230.1,1.171837838,0.006275227,1.173194595,1.166918919,0.069354365,0.002634688,39,1.191513514,1.187990991,1200.1,2700.1,-0.000107044,-4.81E-05,4920.1,7650.1,8.51E-07,0.995332256,0.006360561,0,0,0,13,40,1.235393846,8.533857349,-0.011004917
170,0406J1,450.1,0.055783784,1200.1,1.202756757,1230.1,1.201837838,1260.1,1.193837838,0.00590714,1.196,1.185240541,0.077863839,0.002480812,40,1.23927027,1.21818018,1230.1,2670.1,-0.000158074,-7.09E-05,4260.1,5940.1,7.68E-06,0.978659001,0.006635818,0,0,0,16,41,1.259188643,8.527887018,-0.010720136
171,0407J1,30.1,0.036972973,1200.1,1.101756757,1230.1,1.104837838,1260.1,1.106837838,0.004185633,1.1034,1.091940541,0.058458064,0.002656776,40,1.11627027,1.109513514,1260.1,2730.1,-0.000147642,-7.20E-05,5640.1,8310.1,9.59E-06,0.842663063,0.007998813,0,0,0,2,41,1.167384933,7.83429735,-0.009764332
172,0407J1,30.1,0.050972973,1290.1,1.08627027,1320.1,1.086297297,1350.1,1.071108108,0.003502783,1.07554054,1.065694595,0.105427839,0.002019383,38,1.103189189,1.091810811,1230.1,2670.1,-0.000134139,-6.56E-05,5550.1,7650.1,1.76E-05,0.853190331,0.008515596,0,0,0,2,44,1.118701501,7.5579225,-0.01004682
173,0407J1,30.1,0.047972973,1200.1,1.098756757,1230.1,1.100837838,1260.1,1.098837838,0.003861117,1.0978,1.087040541,0.068874115,0.002515056,38,1.108189189,1.098477478,1260.1,2580.1,-0.000151628,-7.34E-05,5580.1,7680.1,1.48E-05,0.847421774,0.007611503,0,0,0,2,41,1.153396156,7.382648826,-0.009480525
174,0407J1,60.1,0.066945946,1140.1,1.086513514,1170.1,1.07927027,1200.1,1.083756757,0.003722746,1.081843243,1.072791892,0.052396751,0.002856779,38,1.097189189,1.090144144,1230.1,2820.1,-0.00015152,-7.66E-05,5400.1,7620.1,1.73E-05,0.794935496,0.009232818,0,0,0,3,39,1.161655945,7.206311162,-0.009206415
175,0408J1,240.1,0.062621622,1110.1,1.191189189,1140.1,1.194513514,1170.1,1.17827027,0.004884595,1.185513514,1.181686487,0.050111802,0.00305027,39,1.194513514,1.187990991,1230.1,2250.1,-0.000149015,-6.58E-05,4920.1,7620.1,-4.52E-06,0.949715177,0.007588985,0,0,0,9,38,1.287652266,7.499580577,-0.009569507
176,0408J1,30.1,0.015972973,1170.1,1.19727027,1200.1,1.190756757,1230.1,1.193837838,0.005463133,1.195394595,1.187318919,0.069398336,0.002654424,39,1.214513514,1.206657658,1200.1,2310.1,-0.000173903,-7.68E-05,3450.1,6300.1,5.06E-06,0.98551295,0.007850639,0,0,0,2,40,1.268010803,7.796572664,-0.010123249
177,0408J1,30.1,0.032972973,1080.1,1.21472973,1110.1,1.205189189,1140.1,1.209513514,0.004955436,1.204091892,1.199381081,0.041559117,0.003314204,37,1.21472973,1.210216216,1230.1,2190.1,-0.000193863,-8.45E-05,4890.1,7680.1,-3.81E-07,0.995207016,0.008140999,0,0,0,2,37,1.334875727,7.330780863,-0.009327952
178,0408J1,30.1,0.047972973,1350.1,1.178108108,1380.1,1.180783784,1410.1,1.171243243,0.003498565,1.171481081,1.157794595,0.134244626,0.001823237,39,1.203513514,1.192657658,1200.1,2310.1,-0.000174815,-7.73E-05,6090.1,7680.1,1.10E-05,0.976336336,0.009558355,0,0,0,2,46,1.221596548,8.010136569,-0.010590067
179,0409J1,270.1,0.029972973,1320.1,1.083297297,1350.1,1.082108108,1380.1,1.076783784,0.004929165,1.080043243,1.072489189,0.133705071,0.001776538,152,1.093297297,1.091585585,1320.1,3150.1,-9.48E-05,-4.60E-05,5850.1,8340.1,-1.23E-05,0.880500322,0.006869716,0,0,0,10,45,1.096383801,7.123470209,-0.009739559
180,0409J1,270.1,0.034972973,1200.1,1.063756757,1230.1,1.059837838,1260.1,1.062837838,0.005297617,1.064,1.059940541,0.103035882,0.002139315,44,1.06927027,1.065468468,1320.1,3090.1,-0.000101296,-5.04E-05,5850.1,8310.1,-7.19E-06,0.836548356,0.006262193,0,0,0,10,41,1.08139145,6.780050674,-0.009503005
181,0409J1,270.1,0.033972973,1320.1,1.069297297,1350.1,1.065108108,1380.1,1.063783784,0.004739173,1.064643243,1.055589189,0.148753714,0.001676457,44,1.07327027,1.066801802,1380.1,3120.1,-8.71E-05,-4.31E-05,5820.1,8340.1,-3.44E-06,0.869751351,0.005977091,0,0,0,10,45,1.073346646,6.774897641,-0.00955719
182,0409J1,300.1,0.047864865,1230.1,1.055837838,1260.1,1.057837838,1290.1,1.05727027,0.004799223,1.05867027,1.053821622,0.120763622,0.001953812,45,1.066297297,1.059891892,1320.1,3120.1,-8.40E-05,-4.15E-05,5610.1,8310.1,-7.34E-06,0.861804871,0.006432772,0,0,0,11,42,1.075718046,6.646250869,-0.009371005
183,0410J1,450.1,0.051783784,1230.1,1.205837838,1260.1,1.200837838,1290.1,1.18427027,0.005822297,1.19387027,1.182921622,0.079932125,0.002379705,42,1.205837838,1.203810811,1320.1,3150.1,-0.000154285,-7.05E-05,5340.1,8310.1,6.97E-06,0.898808649,0.00679188,0,0,0,16,42,1.233090158,7.964305341,-0.009851874
184,0410J1,270.1,0.029972973,1200.1,1.194756757,1230.1,1.184837838,1260.1,1.181837838,0.005717109,1.1858,1.179140541,0.066412198,0.002597229,41,1.194756757,1.190288288,1290.1,3150.1,-0.000160302,-7.36E-05,5400.1,8310.1,8.10E-06,0.863640099,0.007379141,0,0,0,10,41,1.242300425,7.452144628,-0.009342497
185,0410J1,450.1,0.062783784,1410.1,1.179243243,1440.1,1.176783784,1470.1,1.167486486,0.004407631,1.168789189,1.16137027,0.166296608,0.00156303,41,1.203756757,1.197954955,1320.1,2940.1,-0.000112283,-5.00E-05,5010.1,8310.1,7.70E-06,0.957433406,0.007890389,0,0,0,16,48,1.206057606,7.976085076,-0.010026868
186,0410J1,480.1,0.077567568,1320.1,1.200297297,1350.1,1.195108108,1380.1,1.197783784,0.004704517,1.196243243,1.184589189,0.128513783,0.001870032,44,1.21627027,1.208468468,1320.1,3150.1,-0.000131526,-5.89E-05,5370.1,8310.1,8.05E-06,0.939472973,0.008607839,0,0,0,17,45,1.234348945,7.935869418,-0.009877243
187,0411J1,450.1,0.055783784,1710.1,0.77572973,1740.1,0.773945946,1770.1,0.77527027,0.003013997,0.771313513,0.769791892,0.083839491,0.001432278,57,0.786378378,0.780126126,1710.1,2100.1,-4.28E-05,-2.79E-05,5910.1,8340.1,-3.17E-05,0.558217205,0.012638071,0,0,0,16,58,0.847244623,5.092069013,-0.004835078
188,0411J1,270.1,0.034972973,1440.1,0.899783784,1470.1,0.904486486,1500.1,0.906567568,0.004004501,0.906048649,0.911318919,0.052840465,0.00210199,57,0.923378378,0.917792793,1680.1,3150.1,-0.000105941,-5.99E-05,5940.1,8340.1,-8.09E-06,0.726962629,0.007771533,0,0,0,10,49,0.54907176,0.467801371,-0.001944897
189,0411J1,270.1,0.035972973,1710.1,0.79472973,1740.1,0.794945946,1770.1,0.79227027,0.003101027,0.790513513,0.789691892,0.088149327,0.001418423,57,0.806378378,0.799792793,1740.1,3180.1,-9.97E-05,-6.49E-05,3210.1,4920.1,2.17E-05,0.747852749,0.00976318,0,0,0,10,58,0.877391182,4.441103477,-0.004295084
190,0411J1,270.1,0.036972973,1710.1,0.85872973,1740.1,0.855945946,1770.1,0.85827027,0.003151154,0.853313513,0.850891892,0.099104138,0.001400601,57,0.874378378,0.866126126,1680.1,3180.1,-0.000110248,-6.66E-05,6450.1,8310.1,-1.45E-05,0.677468897,0.008489342,0,0,0,10,58,0.936670969,4.609234196,-0.004553456
191,0412J1,60.1,0.060945946,1200.1,1.174756757,1230.1,1.160837838,1260.1,1.153837838,0.003744463,1.1628,1.149040541,0.085049313,0.002387823,38,1.178189189,1.171144144,1230.1,2670.1,-0.000131921,-6.09E-05,4860.1,8310.1,-1.28E-05,0.956905405,0.009763168,0,0,0,3,41,1.26084727,6.487361153,-0.008372632
192,0412J1,60.1,0.057945946,1200.1,1.183756757,1230.1,1.174837838,1260.1,1.162837838,0.003818001,1.1726,1.157240541,0.084563773,0.002406963,38,1.184189189,1.179477478,1230.1,2520.1,-0.000145902,-6.70E-05,6480.1,8310.1,-2.85E-06,0.979140366,0.008951488,0,0,0,3,41,1.236711911,7.433560212,-0.009750301
193,0412J1,60.1,0.062945946,1080.1,1.17472973,1110.1,1.174189189,1140.1,1.168513514,0.004139286,1.171491892,1.165081081,0.048772186,0.003139971,36,1.17572973,1.169927928,1200.1,2310.1,-0.000181665,-8.30E-05,4980.1,7620.1,-4.91E-06,0.97159338,0.008259031,0,0,0,3,37,1.30120534,7.002907657,-0.009052672
194,0412J1,270.1,0.039972973,1020.1,1.172324324,1050.1,1.17572973,1080.1,1.17172973,0.006498937,1.169497297,1.161145946,0.044041084,0.003421563,36,1.17572973,1.173261261,1140.1,2640.1,-0.000128944,-5.95E-05,4920.1,7650.1,5.46E-06,0.999756169,0.008583803,0,0,0,10,35,1.269186726,7.524291136,-0.010300049
195,0413J1,270.1,0.033972973,1470.1,0.876486486,1500.1,0.877567568,1530.1,0.877864865,0.003907727,0.876335135,0.874335135,0.089987346,0.00172311,44,0.98027027,0.905801802,1440.1,3210.1,-0.000113228,-6.78E-05,6840.1,8340.1,-1.44E-05,0.515496025,0.006544073,0,0,0,10,50,0.924182173,6.053134075,-0.006956945
196,0413J1,390.1,0.072567568,1320.1,0.924297297,1350.1,0.926108108,1380.1,0.924783784,0.003947269,0.924243243,0.921089189,0.081491142,0.001989589,49,0.926783784,0.921837838,1440.1,3180.1,-0.000113028,-6.47E-05,6300.1,7170.1,2.02E-06,0.634652252,0.00564592,0,0,0,14,45,1.008397951,5.326080807,-0.00622241
197,0413J1,120.1,0.021594595,1350.1,0.870108108,1380.1,0.872783784,1410.1,0.870243243,0.004335327,0.868281081,0.863394595,0.06999055,0.002035194,47,0.872783784,0.871045045,1410.1,3150.1,-0.000120789,-7.42E-05,6330.1,8340.1,-6.94E-08,0.630782591,0.006444987,0,0,0,5,46,0.974072466,5.046274355,-0.005767204
198,0413J1,390.1,0.090567568,1320.1,0.905297297,1350.1,0.904108108,1380.1,0.906783784,0.003571317,0.903643243,0.898589189,0.084900629,0.001936685,47,0.906783784,0.904045045,1440.1,3150.1,-9.82E-05,-5.71E-05,0,0,0,0,0,0,0,0,14,45,0.993999273,5.022573827,-0.005888145
199,0414J1,270.1,0.038972973,1350.1,0.945108108,1380.1,0.942783784,1410.1,0.932243243,0.004259198,0.935681081,0.926394595,0.097472908,0.0018251,45,0.954297297,0.948558558,1440.1,2640.1,-8.93E-05,-5.01E-05,5850.1,7740.1,1.44E-05,0.726183699,0.006637372,0,0,0,10,46,0.993852659,4.646890176,-0.005694262
200,0414J1,420.1,0.083216216,1200.1,1.139756757,1230.1,1.140837838,1260.1,1.122837838,0.004840663,1.136,1.128140541,0.072809495,0.002462343,45,1.144297297,1.133225225,1320.1,2700.1,-0.000114715,-5.29E-05,5850.1,8310.1,-1.23E-05,0.879500163,0.007758035,0,0,0,15,41,1.218037339,6.7609006,-0.008331113
201,0414J1,270.1,0.040972973,1200.1,1.151756757,1230.1,1.141837838,1260.1,1.129837838,0.00517529,1.1416,1.131540541,0.067636195,0.002548543,41,1.151756757,1.147621622,1290.1,2730.1,-0.000123606,-5.72E-05,5850.1,7680.1,-3.20E-06,0.888820401,0.006845755,0,0,0,10,41,1.206579442,7.110964762,-0.008930286
202,0414J1,270.1,0.042972973,1200.1,1.151756757,1230.1,1.139837838,1260.1,1.138837838,0.005101358,1.1456,1.137640541,0.069384743,0.002531688,44,1.15727027,1.145468468,1290.1,2730.1,-0.000119164,-5.48E-05,5910.1,7710.1,-8.77E-06,0.894241471,0.008040053,0,0,0,10,41,1.209034588,7.200857492,-0.009077704
203,0415J1,270.1,0.015972973,1920.1,0.355837838,1950.1,0.359648649,1980.1,0.360405405,0.002713646,0.361140541,0.363286487,0.015580308,0.001689654,204,0.375297297,0.368567567,2220.1,4050.1,-3.13E-05,-4.51E-05,0,0,0,0,0,0,0,0,10,65,0.160763378,0.132311095,-0.001576074
204,0415J1,390.1,0.029567568,2160.1,0.571459459,2190.1,0.573918919,2220.1,0.571621622,0.002413878,0.574464865,0.577678378,0.025445647,0.00151114,186,0.602,0.601774775,2400.1,4170.1,-5.73E-05,-5.17E-05,7080.1,8340.1,-3.07E-05,0.435472659,0.007459372,0,0,0,14,73,0.30006574,0.243261358,-0.001267701
205,0415J1,180.1,0.060675676,2280.1,0.748405405,2310.1,0.751783784,2340.1,0.755783784,0.001726014,0.747324324,0.739689189,0.032686788,0.001437455,79,0.755783784,0.74945946,2340.1,4170.1,-0.000326478,-0.000296702,6780.1,8340.1,-2.33E-05,0.405504335,0.007957969,0,0,0,7,77,1596.181768,10.5720505,-0.00132192
206,0415J1,120.1,0.091594595,2340.1,0.798783784,2370.1,0.786810811,2400.1,0.789837838,0.001407419,0.787978378,0.78492973,0.031782582,0.001447725,79,0.798783784,0.79445946,2400.1,4170.1,-0.000385164,-0.0003246,6720.1,8340.1,-1.76E-05,0.439230467,0.007608105,0,0,0,5,79,52.38930757,7.195070571,-0.001347426
207,0416J1,30.1,0.075972973,1410.1,0.788243243,1440.1,0.792783784,1470.1,0.781486486,0.002445712,0.782189189,0.77287027,0.048965868,0.002091138,47,0.798783784,0.791045045,1470.1,3150.1,-0.000182949,-0.000132149,6090.1,7350.1,-2.32E-05,0.556006914,0.007877791,0,0,0,2,48,1.613041148,4.101140918,-0.003045439
208,0416J1,270.1,0.073972973,1350.1,0.827108108,1380.1,0.831783784,1410.1,0.835243243,0.003225005,0.831081081,0.818194595,0.036648271,0.002423351,49,0.840783784,0.832171171,1470.1,3240.1,-0.000120268,-7.97E-05,6360.1,7710.1,2.13E-05,0.675095182,0.007283,0,0,0,10,46,1.360647615,4.673639001,-0.003947737
209,0416J1,480.1,0.054567568,1410.1,0.841243243,1440.1,0.845783784,1470.1,0.839486486,0.004243449,0.836789189,0.82707027,0.044303647,0.002233344,47,0.848783784,0.844045045,1470.1,3150.1,-0.000108811,-7.06E-05,6360.1,7380.1,-6.14E-06,0.693283398,0.004033197,0,0,0,17,48,0.463712058,0.289468419,-0.00226035
210,0416J1,240.1,0.022621622,1410.1,0.892243243,1440.1,0.894783784,1470.1,0.886486486,0.004531336,0.882789189,0.86687027,0.047967959,0.002238456,47,0.900783784,0.894711712,1440.1,3150.1,-0.000105858,-6.54E-05,6390.1,7380.1,-1.51E-05,0.732580286,0.005018734,0,0,0,9,48,0.51395709,0.479849555,-0.002138727
211,0801H1,330.1,0.037942857,1140.1,0.953085714,1170.1,0.957942857,1200.1,0.960285714,0.005741612,0.955205714,0.955454286,0.092134713,0.002225007,38,0.966257143,0.953047619,1290.1,3000.1,-8.63E-05,-4.69E-05,3030.1,4860.1,3.11E-05,0.904006912,0.010051053,0,0,0,12,39,1.008827689,5.338976765,-0.007527441
212,0801H1,180.1,0.009314286,1230.1,0.999228571,1260.1,0.997485714,1290.1,1.001257143,0.006424025,0.998497143,0.996948571,0.105945919,0.002020672,41,1.006285714,1.000819047,1320.1,3180.1,-6.69E-05,-3.45E-05,3420.1,4320.1,-2.38E-05,0.950511521,0.007798878,0,0,0,7,42,1.035591482,5.556483108,-0.007825937
213,0801H1,270.1,0.018685714,1200.1,0.995285714,1230.1,0.990228571,1260.1,0.991485714,0.006166778,0.991342857,0.989605714,0.107775622,0.002038985,51,1.000714286,0.994971429,1350.1,3210.1,-5.47E-05,-2.81E-05,3240.1,4710.1,5.84E-06,0.951388,0.007897779,0,0,0,10,41,1.02662673,5.585731723,-0.007961794
214,0801H1,270.1,0.028685714,1230.1,1.003228571,1260.1,1.004485714,1290.1,1.006257143,0.005341848,1.006697143,1.009048571,0.127828188,0.00186727,161,1.018657143,1.005704762,1470.1,1830.1,-7.83E-06,-3.88E-06,1860.1,3300.1,-4.12E-05,0.99375277,0.01157519,0,0,0,10,42,1.038583623,5.540733954,-0.008026016
215,0802H1,180.1,0.018314286,1110.1,1.056257143,1140.1,1.061085714,1170.1,1.060942857,0.006290159,1.05836,1.057885714,0.109136155,0.002252043,160,1.081914286,1.075085714,1290.1,2760.1,-6.46E-05,-3.12E-05,0,0,0,0,0,0,0,0,7,38,1.076580506,5.924741563,-0.009211881
216,0802H1,270.1,0.037685714,1140.1,1.053085714,1170.1,1.051942857,1200.1,1.051285714,0.005522369,1.048405714,1.045554286,0.142255363,0.001954923,152,1.066571429,1.060809524,1230.1,2730.1,-6.85E-05,-3.36E-05,0,0,0,0,0,0,0,0,10,39,1.071925379,5.907442367,-0.009377564
217,0802H1,90.1,0.008657143,1170.1,1.066942857,1200.1,1.066285714,1230.1,1.059228571,0.006430904,1.06424,1.061565714,0.134290241,0.001991968,39,1.075085714,1.070428571,1260.1,2700.1,-9.00E-05,-4.36E-05,4260.1,4890.1,4.34E-05,1.061811688,0.005950418,0,0,0,4,40,1.083525392,5.986788408,-0.009575024
218,0802H1,210.1,0.028685714,1140.1,1.050085714,1170.1,1.050942857,1200.1,1.041285714,0.005584979,1.043205714,1.041754286,0.135747709,0.001999206,149,1.058085714,1.050990476,1230.1,2730.1,-6.35E-05,-3.12E-05,0,0,0,0,0,0,0,0,8,39,1.068572601,5.73633573,-0.009162002
219,0803H1,150.1,0.010428571,1080.1,1.1838,1110.1,1.181257143,1140.1,1.177085714,0.007340581,1.175474286,1.158585714,0.062350379,0.002946675,37,1.1838,1.182114286,1140.1,2670.1,-0.000134375,-6.12E-05,0,0,0,0,0,0,0,0,6,37,1.223572823,7.934939102,-0.011112928
220,0803H1,300.1,0.0354,1140.1,1.167085714,1170.1,1.169942857,1200.1,1.151285714,0.006003592,1.155805714,1.146154286,0.109124104,0.002299865,38,1.184257143,1.172714286,1140.1,2670.1,-0.000134281,-6.15E-05,0,0,0,0,0,0,0,0,11,39,1.200680488,7.925214471,-0.011500168
221,0803H1,120.1,0.007028571,1110.1,1.171257143,1140.1,1.172085714,1170.1,1.151942857,0.007455162,1.15896,1.144185714,0.080038312,0.002645884,39,1.172085714,1.165095238,1140.1,2670.1,-0.000167799,-7.78E-05,0,0,0,0,0,0,0,0,5,38,1.202965981,7.783451787,-0.01117431
222,0803H1,210.1,0.022685714,1080.1,1.1438,1110.1,1.146257143,1140.1,1.149085714,0.006501042,1.140074286,1.126685714,0.080681842,0.002679254,39,1.149085714,1.142095238,1140.1,2610.1,-0.000148929,-7.02E-05,0,0,0,0,0,0,0,0,8,37,1.182597331,7.531680722,-0.010995174
223,0804H1,300.1,0.0134,1140.1,1.133085714,1170.1,1.120942857,1200.1,1.120285714,0.007621286,1.118005714,1.107554286,0.064659004,0.002720453,38,1.143257143,1.130380952,1200.1,2640.1,-0.000128836,-6.11E-05,0,0,0,0,0,0,0,0,11,39,1.164683783,8.37068942,-0.011164694
224,0804H1,120.1,0.007028571,1140.1,1.114085714,1170.1,1.116942857,1200.1,1.116285714,0.007165111,1.110205714,1.102254286,0.071322718,0.002628266,40,1.116942857,1.115771428,1230.1,2790.1,-0.000128591,-6.19E-05,0,0,0,0,0,0,0,0,5,39,1.139234103,7.911914643,-0.010930252
225,0804H1,120.1,0.009028571,1170.1,1.126942857,1200.1,1.118285714,1230.1,1.123228571,0.006632096,1.11884,1.112065714,0.073470573,0.002557912,39,1.148085714,1.139095238,1230.1,2730.1,-0.000127705,-6.01E-05,0,0,0,0,0,0,0,0,5,40,1.166819828,7.832068188,-0.010580216
226,0804H1,120.1,0.005028571,1530.1,1.122857143,1560.1,1.106028571,1590.1,1.109485714,0.005533908,1.1098,1.101834286,0.182071417,0.00136953,46,1.130057143,1.123771429,1440.1,2790.1,-0.000147001,-6.90E-05,2820.1,5310.1,-2.38E-05,1.016182993,0.011186834,0,0,0,5,52,1.118519172,7.867968045,-0.010698148
227,0805H1,210.1,0.023685714,1290.1,1.107257143,1320.1,1.109457143,1350.1,1.113057143,0.005135953,1.110502857,1.104065714,0.119824215,0.001935169,39,1.125085714,1.119095238,1290.1,2880.1,-0.00010904,-5.13E-05,0,0,0,0,0,0,0,0,8,44,1.132460071,7.78013686,-0.010623396
228,0805H1,420.1,0.071342857,1200.1,1.104285714,1230.1,1.107228571,1260.1,1.095485714,0.005066924,1.101942857,1.095905714,0.125023456,0.002001929,38,1.117257143,1.105380952,1260.1,2790.1,-0.000103043,-4.87E-05,0,0,0,0,0,0,0,0,15,41,1.127673472,7.465227774,-0.010384412
229,0805H1,120.1,0.012028571,1230.1,1.094228571,1260.1,1.090485714,1290.1,1.092257143,0.005862437,1.090297143,1.088148571,0.103489757,0.00212271,41,1.094285714,1.091485714,1320.1,3090.1,-8.69E-05,-4.19E-05,3120.1,4500.1,-1.58E-05,1.015381763,0.008358397,0,0,0,5,42,1.101089536,7.161009151,-0.010059369
230,0805H1,420.1,0.085342857,1530.1,1.128857143,1560.1,1.131028571,1590.1,1.127485714,0.00335626,1.1304,1.128434286,0.269204467,0.001083882,47,1.1498,1.141266667,1470.1,3210.1,-0.000106274,-4.85E-05,3240.1,4920.1,-2.34E-05,1.046294737,0.009180146,0,0,0,15,52,1.132715484,7.018948145,-0.00970648
231,0806H1,270.1,0.022685714,1200.1,0.938285714,1230.1,0.939228571,1260.1,0.934485714,0.005774378,0.932142857,0.914005714,0.126219436,0.001865526,37,0.9418,0.936447619,1200.1,3360.1,-0.00021085,-0.000126492,3390.1,4260.1,3.27E-05,0.715508571,0.008176575,0,0,0,10,41,0.949417288,6.061138775,-0.009234892
232,0806H1,270.1,0.024685714,1230.1,1.003228571,1260.1,1.000485714,1290.1,0.995257143,0.005567531,0.994497143,0.979748571,0.148560237,0.001736967,41,1.010285714,1.004485714,1230.1,3360.1,-0.000271244,-0.00015195,0,0,0,0,0,0,0,0,10,42,1.002989236,5.923654512,-0.009121361
233,0806H1,240.1,0.0204,1230.1,0.952228571,1260.1,0.953485714,1290.1,0.948257143,0.005600674,0.944897143,0.930648571,0.148204654,0.001711476,41,0.963285714,0.953485714,1200.1,3390.1,-0.000165576,-9.73E-05,3420.1,4830.1,1.43E-06,0.767605952,0.006016593,0,0,0,9,42,0.9640001,6.077721726,-0.009540454
234,0806H1,90.1,0.010657143,1170.1,0.982942857,1200.1,0.969285714,1230.1,0.973228571,0.006043718,0.97164,0.959265714,0.122211147,0.00198308,39,0.983085714,0.978761905,1230.1,3540.1,-0.000153409,-8.71E-05,3570.1,4770.1,3.36E-05,0.800798606,0.00835662,0,0,0,4,40,0.982693521,5.623121124,-0.008976457
235,0807H1,150.1,0.013428571,1470.1,1.064342857,1500.1,1.061714286,1530.1,1.055857143,0.004779177,1.055285714,1.04498,0.14529218,0.00152552,47,1.0678,1.059266667,1470.1,2730.1,-0.000168274,-8.45E-05,4140.1,5100.1,2.32E-07,0.788477922,0.008532594,0,0,0,6,50,1.070026234,5.771285404,-0.007529326
236,0807H1,210.1,0.028685714,1170.1,1.086942857,1200.1,1.090285714,1230.1,1.089228571,0.005462292,1.09324,1.099465714,0.084830247,0.002354206,61,1.138971429,1.119761905,1620.1,4020.1,-0.000292781,-0.000158245,4050.1,5280.1,1.51E-05,0.785663039,0.007726542,0,0,0,8,40,1.134866347,5.572587166,-0.007543015
237,0807H1,0,0,0,0,0,0,0,0,0,0,0,0,0,1,0,0,30.1,5970.1,0,0,0,0,0,0,0,0,0,0,0,2,0,0,0
238,0807H1,210.1,0.093685714,930.1,0.886771429,960.1,0.872085714,990.1,0.876,0.004503696,0.876891429,0.867882857,0.124943233,0.002329283,29,0.8922,0.886152381,990.1,2730.1,-0.000309167,-0.000219548,3240.1,4020.1,4.68E-05,0.57833545,0.010125224,0,0,0,8,32,0.948400744,4.545379907,-0.008565621
239,0808H1,240.1,0.0164,1170.1,1.074942857,1200.1,1.062285714,1230.1,1.061228571,0.006488624,1.06164,1.058365714,0.114366293,0.002124259,39,1.079085714,1.075095238,1230.1,3150.1,-0.000118037,-5.90E-05,0,0,0,0,0,0,0,0,9,40,1.089867186,7.085805299,-0.010503577
240,0808H1,240.1,0.0174,1170.1,1.076942857,1200.1,1.080285714,1230.1,1.079228571,0.006399689,1.07604,1.072465714,0.127562265,0.00204115,39,1.099085714,1.087095238,1200.1,3180.1,-0.000105751,-5.19E-05,3210.1,3930.1,-1.43E-05,0.985761143,0.008535639,0,0,0,9,40,1.104130614,6.826417642,-0.010349812
241,0808H1,360.1,0.069485714,1170.1,1.067942857,1200.1,1.063285714,1230.1,1.049228571,0.004866635,1.05964,1.050865714,0.146844911,0.001892144,39,1.081085714,1.074761905,1170.1,3150.1,-0.000138791,-7.10E-05,0,0,0,0,0,0,0,0,13,40,1.091593077,6.928278575,-0.010451043
242,0808H1,240.1,0.0164,1140.1,1.099085714,1170.1,1.090942857,1200.1,1.086285714,0.006740516,1.089205714,1.086054286,0.110440836,0.002224751,162,1.113542857,1.107914286,1230.1,3180.1,-0.000107626,-5.21E-05,3210.1,3870.1,-5.16E-06,0.996228571,0.009126422,0,0,0,9,39,1.121611136,6.699172485,-0.009995874
243,0809H1,120.1,0.027028571,1140.1,1.060085714,1170.1,1.055942857,1200.1,1.052285714,0.005189757,1.050605714,1.034654286,0.091008395,0.002371618,38,1.068257143,1.060714286,1170.1,3210.1,-0.000214424,-0.000118008,0,0,0,0,0,0,0,0,5,39,1.107315954,6.498171835,-0.009356999
244,0809H1,120.1,0.030028571,1140.1,1.031085714,1170.1,1.019942857,1200.1,1.020285714,0.005001652,1.016405714,1.000754286,0.10005213,0.002269193,38,1.040257143,1.032714286,1110.1,3240.1,-0.000251936,-0.00014739,3270.1,4770.1,1.64E-05,0.779076751,0.005348344,0,0,0,5,39,1.076705226,6.41196918,-0.009491637
245,0809H1,120.1,0.034028571,1230.1,1.024228571,1260.1,1.010485714,1290.1,1.010257143,0.004424908,1.009897143,0.998048571,0.137866904,0.001849904,39,1.042085714,1.035428571,1140.1,3270.1,-0.00020962,-0.000118341,3300.1,4740.1,1.42E-05,0.819459475,0.007415448,0,0,0,5,42,1.062351058,6.351932702,-0.00958559
246,0809H1,90.1,0.035657143,1140.1,1.000085714,1170.1,0.993942857,1200.1,0.982285714,0.004580751,0.983005714,0.966354286,0.109147876,0.002164298,38,1.005257143,0.999714286,1110.1,3120.1,-0.000256034,-0.0001542,3390.1,4770.1,-1.98E-06,0.7574231,0.005429443,0,0,0,4,39,1.046111871,6.014506621,-0.009134049
247,0810H1,420.1,0.121342857,1230.1,0.826228571,1260.1,0.830485714,1290.1,0.826257143,0.003416607,0.827697143,0.821948571,0.177453742,0.001403353,39,0.838085714,0.830761905,1260.1,2790.1,-0.000132212,-8.61E-05,3540.1,4860.1,2.76E-05,0.790502222,0.007076873,0,0,0,15,42,0.829298871,5.703633917,-0.009024695
248,0810H1,210.1,0.022685714,1140.1,1.065085714,1170.1,1.063942857,1200.1,1.052285714,0.005971013,1.056805714,1.060154286,0.121677682,0.002113907,47,1.1338,1.0736,1260.1,3180.1,-0.000134843,-6.90E-05,0,0,0,0,0,0,0,0,8,39,1.082277775,6.496632984,-0.010058692
249,0810H1,90.1,0.009657143,1140.1,1.069085714,1170.1,1.057942857,1200.1,1.061285714,0.006467205,1.054805714,1.048954286,0.112635914,0.002192476,39,1.069085714,1.064095238,1170.1,3120.1,-0.000129304,-6.59E-05,3150.1,3840.1,3.10E-05,0.94917381,0.008558814,0,0,0,4,39,1.088428597,6.210193345,-0.009620005
250,0810H1,90.1,0.012657143,960.1,1.034085714,990.1,1.032,1020.1,1.035314286,0.007301448,1.039497143,1.047428571,0.061291268,0.003162706,39,1.071085714,1.059428571,1200.1,3150.1,-0.000119448,-6.10E-05,0,0,0,0,0,0,0,0,4,33,1.116793464,5.944634821,-0.009255584
251,0811H1,300.1,0.0524,1230.1,1.064228571,1260.1,1.061485714,1290.1,1.064257143,0.004671072,1.059097143,1.053948571,0.117845683,0.001992243,38,1.077257143,1.070047619,1230.1,2910.1,-0.000154584,-7.80E-05,3750.1,4590.1,4.82E-05,0.958058128,0.007889871,0,0,0,11,42,1.090578658,7.430543081,-0.010383365
252,0811H1,390.1,0.091457143,1230.1,1.034228571,1260.1,1.032485714,1290.1,1.028257143,0.004165852,1.029297143,1.022748571,0.151893646,0.001756352,39,1.068085714,1.056428571,1170.1,2910.1,-0.000155254,-8.09E-05,0,0,0,0,0,0,0,0,14,42,1.072416609,7.075880438,-0.010201286
253,0811H1,240.1,0.0514,1140.1,1.070085714,1170.1,1.052942857,1200.1,1.055285714,0.00486646,1.056005714,1.050254286,0.086756668,0.002402334,38,1.075257143,1.068714286,1230.1,2790.1,-0.000161253,-8.16E-05,0,0,0,0,0,0,0,0,9,39,1.113074059,6.51921864,-0.009131519
254,0811H1,240.1,0.0524,1230.1,1.047228571,1260.1,1.047485714,1290.1,1.046257143,0.004364511,1.045097143,1.041248571,0.116442594,0.001992215,38,1.067257143,1.061380952,1230.1,2730.1,-0.00013512,-6.76E-05,0,0,0,0,0,0,0,0,9,42,1.089397762,6.541880202,-0.00916699
255,0812H1,300.1,0.0704,1110.1,0.960257143,1140.1,0.962085714,1170.1,0.952942857,0.004654041,0.95536,0.953185714,0.071880828,0.002520944,39,0.962085714,0.958428571,1230.1,6390.1,-0.000198501,-0.000172749,0,0,0,0,0,0,0,0,11,38,1.036923155,5.960115308,-0.008159865
256,0812H1,360.1,0.088485714,1230.1,1.049228571,1260.1,1.036485714,1290.1,1.037257143,0.004100851,1.040897143,1.037548571,0.13461298,0.00184881,39,1.060085714,1.049761905,1260.1,2880.1,-0.000129861,-6.57E-05,0,0,0,0,0,0,0,0,13,42,1.0799576,6.17375677,-0.00869233
257,0812H1,240.1,0.0564,1320.1,1.048457143,1350.1,1.044057143,1380.1,1.0448,0.003904101,1.041691429,1.036288571,0.16419295,0.001595586,161,1.066657143,1.064704762,1260.1,2760.1,-0.000138336,-6.94E-05,0,0,0,0,0,0,0,0,9,45,1.06988344,6.314569498,-0.009188826
258,0812H1,360.1,0.088485714,1140.1,1.051085714,1170.1,1.052942857,1200.1,1.048285714,0.004577297,1.048205714,1.044754286,0.113135279,0.002133076,160,1.085914286,1.079752381,1290.1,2880.1,-0.000108249,-5.39E-05,0,0,0,0,0,0,0,0,13,39,1.080030891,6.222111816,-0.009012626
259,0813H1,300.1,0.0524,960.1,0.920085714,990.1,0.922,1020.1,0.922314286,0.006263833,0.926497143,0.933428571,0.057331839,0.003078745,38,0.951257143,0.943047619,1170.1,2700.1,-0.00015019,-8.67E-05,0,0,0,0,0,0,0,0,11,33,1.025672281,5.638706339,-0.008464397
260,0813H1,210.1,0.042685714,1140.1,0.945085714,1170.1,0.932942857,1200.1,0.925285714,0.004804968,0.931805714,0.921554286,0.126366247,0.001963265,39,0.945085714,0.940095238,1140.1,2640.1,-0.000167205,-9.75E-05,0,0,0,0,0,0,0,0,8,39,0.973697235,5.311605233,-0.008429483
261,0813H1,210.1,0.046685714,1050.1,0.913285714,1080.1,0.9108,1110.1,0.913257143,0.005107159,0.912474286,0.902708571,0.090894522,0.002391612,39,0.920085714,0.912761905,1140.1,2640.1,-0.000206046,-0.000128595,0,0,0,0,0,0,0,0,8,36,0.984249042,4.945475174,-0.007616415
262,0813H1,210.1,0.050685714,1140.1,0.943085714,1170.1,0.932942857,1200.1,0.924285714,0.004535202,0.927605714,0.916354286,0.126623064,0.00195065,39,0.943085714,0.939095238,1170.1,2640.1,-0.000167406,-9.91E-05,0,0,0,0,0,0,0,0,8,39,0.98198609,4.914872985,-0.007703833
263,0814H1,210.1,0.037685714,1170.1,1.067942857,1200.1,1.049285714,1230.1,1.052228571,0.005025701,1.05004,1.039465714,0.095791175,0.002262377,39,1.076085714,1.070761905,1200.1,2760.1,-0.000259318,-0.000137819,3450.1,4650.1,5.37E-06,0.896206272,0.006444176,0,0,0,8,40,1.121189165,6.183092476,-0.008615799
264,0814H1,210.1,0.033685714,1170.1,1.082942857,1200.1,1.085285714,1230.1,1.076228571,0.005215288,1.08064,1.073765714,0.109771594,0.002168665,39,1.099085714,1.090428571,1230.1,2730.1,-0.000191747,-9.48E-05,0,0,0,0,0,0,0,0,8,40,1.122873938,6.443459321,-0.009349137
265,0814H1,210.1,0.034685714,1230.1,1.085228571,1260.1,1.084485714,1290.1,1.075257143,0.004870111,1.077697143,1.072948571,0.14019995,0.001875043,38,1.105257143,1.098047619,1200.1,2730.1,-0.000184966,-9.09E-05,0,0,0,0,0,0,0,0,8,42,1.115854603,6.610667555,-0.009784975
266,0814H1,210.1,0.034685714,1140.1,1.103085714,1170.1,1.094942857,1200.1,1.080285714,0.005366731,1.087405714,1.081854286,0.104036655,0.002273553,160,1.109914286,1.103752381,1230.1,2730.1,-0.00017083,-8.35E-05,0,0,0,0,0,0,0,0,8,39,1.122830325,6.647260473,-0.009778332
267,0815H1,210.1,0.015685714,1230.1,1.055228571,1260.1,1.057485714,1290.1,1.061257143,0.005952902,1.054897143,1.047848571,0.11851056,0.002003693,38,1.084257143,1.074380952,1170.1,3150.1,-0.000171558,-8.88E-05,3180.1,3900.1,1.48E-05,0.919454857,0.008368783,0,0,0,8,42,1.089607611,7.641327703,-0.01098463
268,0815H1,300.1,0.0404,1110.1,1.062257143,1140.1,1.060085714,1170.1,1.052942857,0.005823005,1.05256,1.042485714,0.093677496,0.002387174,38,1.062257143,1.060047619,1170.1,2820.1,-0.00018527,-9.63E-05,0,0,0,0,0,0,0,0,11,38,1.095110243,6.712944225,-0.009773072
269,0815H1,120.1,0.055028571,1140.1,1.000085714,1170.1,0.988942857,1200.1,0.986285714,0.004101764,0.982605714,0.966454286,0.101621593,0.002205951,39,1.000085714,0.995761905,1140.1,2700.1,-0.000278513,-0.000162175,0,0,0,0,0,0,0,0,5,39,1.083293574,5.112161914,-0.007367175
270,0815H1,60.1,0.060657143,1140.1,1.033085714,1170.1,1.011942857,1200.1,1.007285714,0.003787165,1.013605714,1.000254286,0.109523672,0.002160418,39,1.033085714,1.025095238,1170.1,3180.1,-0.000203684,-0.000115569,3900.1,4860.1,2.36E-05,0.796649351,0.008274445,0,0,0,3,39,1.132289493,4.660736568,-0.006720242
271,0816H1,60.1,0.057657143,1170.1,1.061942857,1200.1,1.058285714,1230.1,1.057228571,0.003786543,1.05184,1.038165714,0.101927709,0.00220901,39,1.079085714,1.071428571,1170.1,2700.1,-0.000215206,-0.000112555,0,0,0,0,0,0,0,0,3,40,1.18492097,5.047589112,-0.006917158
272,0816H1,150.1,0.036428571,1140.1,1.078085714,1170.1,1.052942857,1200.1,1.053285714,0.004936624,1.053805714,1.042854286,0.102756212,0.002262941,39,1.078085714,1.068428571,1170.1,2700.1,-0.000181489,-9.30E-05,3480.1,4710.1,-1.34E-05,0.967898639,0.006256817,0,0,0,6,39,1.138494912,5.597438162,-0.008098667
273,0816H1,210.1,0.028685714,1140.1,1.089085714,1170.1,1.078942857,1200.1,1.075285714,0.00564155,1.076005714,1.068554286,0.106980108,0.002249203,38,1.096257143,1.087047619,1170.1,2730.1,-0.000163764,-8.13E-05,0,0,0,0,0,0,0,0,8,39,1.115424913,6.773154818,-0.01007183
274,0816H1,210.1,0.036685714,1230.1,1.096228571,1260.1,1.088485714,1290.1,1.089257143,0.004805085,1.088097143,1.081748571,0.146600759,0.001847013,39,1.109085714,1.101428571,1200.1,2730.1,-0.000133572,-6.42E-05,0,0,0,0,0,0,0,0,8,42,1.11961453,6.944958511,-0.010419205
275,1201K1,180.1,0.013333333,2010.1,1.304583333,2040.1,1.296583333,2070.1,1.294083333,0.003613338,1.3007,1.300083333,0.345945505,0.000781171,161,1.579833333,1.565388889,4740.1,5250.1,-0.000243906,-8.03E-05,0,0,0,0,0,0,0,0,7,68,1.031239223,-0.076732061,-0.001745429
276,1201K1,270.1,0.025166667,1980.1,1.336583333,2010.1,1.334583333,2040.1,1.331583333,0.003351399,1.340133333,1.345425,0.329228847,0.000823201,165,1.597,1.565583333,5640.1,13530.1,-0.000147954,-5.88E-05,0,0,0,0,0,0,0,0,10,67,1.288564907,6.096605395,-0.007672365
277,1201K1,330.1,0.04,1590.1,1.205166667,1620.1,1.204333333,1650.1,1.197166667,0.003899277,1.2,1.199841667,0.238606607,0.001163168,54,1.205166667,1.203916667,1680.1,4080.1,-0.000104694,-4.61E-05,9330.1,13260.1,-2.34E-05,0.86517803,0.015006115,0,0,0,12,54,1.18627109,6.672620003,-0.008848728
278,1201K1,270.1,0.027166667,1560.1,1.22825,1590.1,1.230166667,1620.1,1.234333333,0.004262498,1.230733333,1.23825,0.221666363,0.001249886,58,1.254583333,1.240611111,1890.1,3120.1,-9.09E-05,-3.71E-05,5310.1,7860.1,1.79E-05,1.187218992,0.01169366,0,0,0,10,53,1.209022336,6.469785854,-0.00863824
279,1202K1,300.1,0.03975,1140.1,1.145583333,1170.1,1.145833333,1200.1,1.150083333,0.0057726,1.145116666,1.14095,0.061631636,0.002745746,162,1.178083333,1.173194444,1320.1,3030.1,-0.000126388,-5.85E-05,6360.1,13260.1,-2.44E-05,0.87216811,0.026172705,0,0,0,11,39,1.215670668,6.787605926,-0.008750642
280,1202K1,180.1,0.022333333,1200.1,1.135083333,1230.1,1.12425,1260.1,1.127833333,0.005556329,1.12775,1.123733333,0.083731554,0.00237075,161,1.159833333,1.157055555,1290.1,3060.1,-0.000128467,-6.01E-05,6900.1,13260.1,-2.30E-05,0.842228482,0.022847221,0,0,0,7,41,1.180102465,6.649170502,-0.008817579
281,1202K1,180.1,0.028333333,1170.1,1.112833333,1200.1,1.115083333,1230.1,1.11525,0.005349084,1.112883333,1.111166667,0.062926253,0.002646544,39,1.116583333,1.110694444,1320.1,3090.1,-0.000151578,-7.27E-05,9300.1,13260.1,-1.88E-05,0.769887845,0.012668079,0,0,0,7,40,1.189467679,6.612655433,-0.008425571
282,1202K1,390.1,0.043833333,2070.1,1.279083333,2100.1,1.275833333,2130.1,1.273416667,0.002896987,1.28095,1.27945,0.373119646,0.000695011,154,1.525916667,1.512833333,4530.1,5550.1,-7.31E-05,-2.45E-05,0,0,0,0,0,2100.1,4530.1,0.000207511,14,70,1.01016385,-0.454192495,-0.001506336
283,1203K1,390.1,0.053833333,1560.1,1.22425,1590.1,1.225166667,1620.1,1.227333333,0.003852354,1.225733333,1.23265,0.237371131,0.001188808,168,1.54525,1.511138889,4710.1,5280.1,-0.000185831,-6.21E-05,0,0,0,0,0,1590.1,2670.1,0.000151226,14,53,1.189401302,7.02807864,-0.0092682
284,1203K1,300.1,0.03175,1350.1,1.2075,1380.1,1.2095,1410.1,1.214333333,0.004999165,1.219516667,1.233416667,0.145891312,0.001735494,151,1.573416667,1.552805556,5130.1,5460.1,-0.000104604,-3.43E-05,0,0,0,0,0,1380.1,4560.1,0.000192303,11,46,1.186791751,6.972051763,-0.009368056
285,1203K1,360.1,0.045,1170.1,1.103833333,1200.1,1.103083333,1230.1,1.10525,0.005699325,1.108283333,1.115766667,0.088519844,0.002340701,59,1.1385,1.132,1620.1,4230.1,-8.85E-05,-4.12E-05,9300.1,13260.1,-2.35E-05,0.802346491,0.015055854,0,0,0,13,40,1.119039043,7.345729896,-0.009993823
286,1203K1,180.1,0.008333333,1290.1,1.117416667,1320.1,1.112166667,1350.1,1.1075,0.006366719,1.108783333,1.103525,0.109542435,0.002007998,40,1.127833333,1.124166666,1260.1,3000.1,-0.00015312,-7.40E-05,6240.1,13260.1,-2.18E-05,0.795831206,0.023230788,0,0,0,7,44,1.144389109,7.366952619,-0.009846982
287,1204K1,210.1,0.0215,1140.1,1.113583333,1170.1,1.112833333,1200.1,1.116083333,0.006123365,1.112916666,1.10785,0.072530625,0.002593958,154,1.130916667,1.124166667,1260.1,3030.1,-0.000125213,-5.98E-05,6300.1,13260.1,-2.28E-05,0.834206724,0.024016802,0,0,0,8,39,1.156625961,6.812395058,-0.00925145
288,1204K1,150.1,0.01475,1140.1,1.118583333,1170.1,1.117833333,1200.1,1.115083333,0.006307893,1.115116666,1.11215,0.069754929,0.002634921,162,1.130083333,1.127527778,1290.1,3030.1,-0.000139727,-6.67E-05,6330.1,13260.1,-2.20E-05,0.825136315,0.023369164,0,0,0,6,39,1.168759593,6.725585016,-0.009082166
289,1204K1,210.1,0.0235,1140.1,1.117583333,1170.1,1.119833333,1200.1,1.119083333,0.005990944,1.118516666,1.11595,0.063716781,0.002709121,162,1.125083333,1.120194444,1290.1,3000.1,-0.000145068,-6.90E-05,6480.1,13260.1,-2.36E-05,0.823251101,0.024231974,0,0,0,8,39,1.184799882,6.731291745,-0.008852468
290,1204K1,300.1,0.02375,1980.1,1.401583333,2010.1,1.406583333,2040.1,1.393583333,0.003501778,1.404933333,1.399325,0.276725233,0.000937942,162,1.514083333,1.473194444,2040.1,2520.1,-0.000535648,-0.000198001,10290.1,11550.1,-1.32E-05,0.962713178,0.008078367,0,0,0,11,67,1.347185734,6.440160373,-0.007295152
291,1205K1,60.1,0.008583333,1860.1,1.307166667,1890.1,1.311666667,1920.1,1.3,0.004028161,1.311283333,1.319491667,0.239436824,0.00105294,180,1.535916667,1.510527778,2130.1,2700.1,-0.000150551,-5.75E-05,0,0,0,0,0,0,0,0,3,63,1.273423218,6.199117256,-0.007566771
292,1205K1,60.1,0.009583333,1860.1,1.314166667,1890.1,1.309666667,1920.1,1.292,0.003944114,1.307283333,1.314691667,0.248589157,0.001031881,222,1.539416667,1.528305556,2370.1,2760.1,-0.000121221,-4.56E-05,0,0,0,0,0,0,0,0,3,63,1.271386741,6.103178549,-0.007598142
293,1205K1,360.1,0.058,1740.1,1.2975,1770.1,1.291916667,1800.1,1.29475,0.00324894,1.297883333,1.307625,0.261591934,0.001044655,116,1.4935,1.477388889,3570.1,5370.1,-0.000362311,-0.000135229,0,0,0,0,0,0,0,0,13,59,1.25423523,6.419861538,-0.007935788
294,1205K1,60.1,0.009583333,1560.1,1.17225,1590.1,1.177166667,1620.1,1.176333333,0.004623025,1.172733333,1.17825,0.154775871,0.00146507,155,1.499833333,1.474972222,4650.1,8130.1,-0.000282058,-0.00012713,10410.1,11460.1,3.70E-05,1.344344907,0.015309468,1590.1,3900.1,0.000221679,3,53,1.139728777,7.467527828,-0.009479008
295,1206K1,300.1,0.03475,1320.1,1.100166667,1350.1,1.0865,1380.1,1.0885,0.004886829,1.09285,1.0906,0.12105519,0.00185521,45,1.100166667,1.094694445,1410.1,3960.1,-0.000117017,-5.90E-05,7680.1,13260.1,-3.41E-05,0.695868984,0.029101162,0,0,0,11,45,1.098818533,7.731557812,-0.01025284
296,1206K1,390.1,0.055833333,1350.1,1.1615,1380.1,1.1595,1410.1,1.164333333,0.004561165,1.168316667,1.180416667,0.138356457,0.001739652,180,1.523916667,1.499194445,5280.1,6300.1,-0.000167157,-5.69E-05,0,0,0,0,0,1380.1,2730.1,0.000160273,14,46,1.145688271,7.38570586,-0.009624313
297,1206K1,390.1,0.057833333,1800.1,1.27875,1830.1,1.283083333,1860.1,1.280166667,0.003167865,1.280533333,1.28795,0.284843716,0.000949302,220,1.462333333,1.448666667,3720.1,4590.1,-9.04E-05,-3.26E-05,0,0,0,0,0,0,0,0,14,61,1.223685877,6.629611237,-0.008239026
298,1206K1,330.1,0.036,1200.1,1.027083333,1230.1,1.02925,1260.1,1.030833333,0.005556796,1.03295,1.037933333,0.066095571,0.002479871,59,1.0525,1.047,1620.1,4320.1,-0.000125517,-6.59E-05,10560.1,13260.1,-3.15E-05,0.418638278,0.013521372,0,0,0,12,41,0.697007923,0.71997414,-0.00249236
299,1207K1,330.1,0.041,1320.1,1.101166667,1350.1,1.1055,1380.1,1.1085,0.004795217,1.11005,1.1228,0.119177288,0.001859657,168,1.49125,1.445472222,4710.1,5250.1,-0.000184376,-6.39E-05,5280.1,6240.1,-3.17E-05,1.431876263,0.009581298,1350.1,2730.1,0.000189593,12,45,1.097518308,7.299430445,-0.00958849
300,1207K1,330.1,0.044,1560.1,1.14125,1590.1,1.140166667,1620.1,1.143333333,0.003818673,1.138333333,1.14485,0.209203333,0.001230999,222,1.565416667,1.552638889,4890.1,5220.1,-0.000313015,-0.000106741,5970.1,6720.1,5.65E-05,1.535967949,0.014022067,1590.1,2790.1,0.000115976,12,53,1.111265744,6.892540353,-0.009110059
301,1207K1,330.1,0.043,1170.1,1.025833333,1200.1,1.021083333,1230.1,1.01625,0.005447995,1.023883333,1.029066667,0.074662043,0.002425494,62,1.051083333,1.046666667,1860.1,4170.1,-0.000133816,-7.06E-05,10350.1,13260.1,-1.72E-05,0.58597449,0.009535537,0,0,0,12,40,1.049875711,7.156261358,-0.009578588
302,1207K1,480.1,0.07775,1290.1,1.077416667,1320.1,1.082166667,1350.1,1.0805,0.00468221,1.078183333,1.084525,0.103868375,0.001980679,51,1.0945,1.090777778,1530.1,3930.1,-9.85E-05,-4.85E-05,9300.1,13260.1,-1.88E-05,0.761940476,0.012475458,0,0,0,17,44,1.09955104,7.592228212,-0.009465287
303,1208K1,480.1,0.08875,1170.1,1.062833333,1200.1,1.061083333,1230.1,1.06525,0.00519134,1.066683333,1.071266667,0.073586716,0.002450357,51,1.0825,1.080111111,1500.1,3900.1,-0.000107371,-5.37E-05,10500.1,13230.1,-2.47E-05,0.648358696,0.011750287,0,0,0,17,40,1.113863324,7.171370175,-0.009144282
304,1208K1,480.1,0.09775,1470.1,1.1025,1500.1,1.1005,1530.1,1.095333333,0.003530847,1.09815,1.096508333,0.21954523,0.001239167,50,1.1025,1.100583333,1620.1,4140.1,-9.31E-05,-4.49E-05,9300.1,13260.1,-1.20E-05,0.813075815,0.00922042,0,0,0,17,50,1.099417982,7.177225765,-0.009422272
305,1208K1,420.1,0.075916667,1260.1,1.064833333,1290.1,1.063416667,1320.1,1.062166667,0.004535794,1.062483333,1.059783333,0.112985201,0.001957504,40,1.068833333,1.063833333,1320.1,3720.1,-0.000109661,-5.60E-05,9270.1,13260.1,-1.41E-05,0.747746269,0.010352294,0,0,0,15,43,1.099660852,6.898438597,-0.009011904
306,1208K1,330.1,0.028,1860.1,1.400166667,1890.1,1.395666667,1920.1,1.387,0.003688907,1.395683333,1.405491667,0.263201302,0.001013967,96,1.442666667,1.42725,2070.1,2550.1,-0.000414093,-0.000150256,0,0,0,0,0,0,0,0,12,63,1.332042016,5.901036121,-0.006905984
307,1209K1,360.1,0.047,2520.1,1.3405,2550.1,1.331833333,2580.1,1.333166667,0.002237948,1.333033333,1.329033333,0.434242664,0.000522825,106,1.467583333,1.389305556,3540.1,4200.1,-0.000405067,-0.0001493,0,0,0,0,0,0,0,0,13,85,1.266511427,5.460293113,-0.006340298
308,1209K1,420.1,0.071916667,1620.1,1.214333333,1650.1,1.219166667,1680.1,1.20075,0.003398079,1.216666667,1.227391667,0.206661195,0.001218054,121,1.5165,1.467111111,3540.1,6660.1,-0.000452263,-0.000212627,7800.1,8670.1,3.89E-05,0.723102778,0.011043923,0,0,0,15,55,1.180929149,6.044852724,-0.007312951
309,1209K1,420.1,0.080916667,2040.1,1.255583333,2070.1,1.257083333,2100.1,1.256833333,0.002441838,1.260483333,1.266391667,0.34518814,0.000729056,112,1.448666667,1.401365741,3630.1,4200.1,-0.000166984,-6.10E-05,0,0,0,0,0,0,0,0,15,69,1.208715675,5.656432497,-0.006776471
310,1209K1,210.1,0.0225,1200.1,1.100083333,1230.1,1.10025,1260.1,1.102833333,0.005668226,1.10075,1.094033333,0.070663402,0.002491189,38,1.107666667,1.09725,1290.1,2970.1,-0.000165378,-8.21E-05,11280.1,13260.1,-3.28E-05,0.678725124,0.011450964,0,0,0,8,41,1.143481128,7.419710935,-0.009597927
311,1210K1,210.1,0.0205,1140.1,1.104583333,1170.1,1.102833333,1200.1,1.098083333,0.006184661,1.098716666,1.09205,0.06506532,0.00267899,39,1.104583333,1.103027778,1260.1,3090.1,-0.000154803,-7.71E-05,6330.1,13260.1,-3.37E-05,0.743307112,0.034800135,0,0,0,8,39,1.140731713,7.160785806,-0.009581153
312,1210K1,300.1,0.03275,1140.1,1.102583333,1170.1,1.103833333,1200.1,1.103083333,0.006039582,1.102516666,1.09765,0.062220113,0.002712703,38,1.104666667,1.100916667,1290.1,3090.1,-0.000164732,-8.14E-05,6360.1,13260.1,-2.85E-05,0.748839105,0.029439545,0,0,0,11,39,1.153001443,7.221368991,-0.009466115
313,1210K1,210.1,0.0215,1140.1,1.097583333,1170.1,1.100833333,1200.1,1.094083333,0.006100914,1.096316666,1.09085,0.065233837,0.002672949,40,1.100833333,1.0975,1260.1,3090.1,-0.000157903,-7.84E-05,6900.1,13260.1,-3.09E-05,0.733942097,0.029398152,0,0,0,8,39,1.148898486,6.921341185,-0.009212802
314,1210K1,420.1,0.045916667,2190.1,1.319916667,2220.1,1.313083333,2250.1,1.297666667,0.002737449,1.3019,1.28765,0.385782141,0.00065572,170,1.437,1.39775,2130.1,2610.1,-0.000222808,-8.69E-05,0,0,0,0,0,0,0,0,15,74,1.26316556,6.489919943,-0.007697646
315,1211K1,420.1,0.059916667,1320.1,1.093166667,1350.1,1.0935,1380.1,1.0915,0.004654902,1.09285,1.1014,0.116361116,0.00186783,160,1.47925,1.468333333,4890.1,6240.1,-0.00010256,-3.59E-05,0,0,0,0,0,1350.1,4890.1,0.000252969,15,45,1.091968828,8.072850964,-0.010315434
316,1211K1,360.1,0.049,1350.1,1.1015,1380.1,1.1045,1410.1,1.108333333,0.004535903,1.111116667,1.120216667,0.124178462,0.001787795,126,1.42375,1.412638889,3720.1,4920.1,-0.000396341,-0.000147629,8790.1,12450.1,-1.05E-05,0.612656504,0.010138278,1380.1,2670.1,0.000179201,13,46,1.095628959,7.591897607,-0.009792224
317,1211K1,450.1,0.067666667,1290.1,1.047416667,1320.1,1.052166667,1350.1,1.0485,0.004705055,1.047983333,1.048625,0.112824512,0.001898482,51,1.0565,1.053444444,1440.1,4320.1,-0.000152603,-8.25E-05,0,0,0,0,0,0,0,0,16,44,1.063602004,7.594834771,-0.009751342
318,1211K1,240.1,0.047166667,1290.1,1.036416667,1320.1,1.039166667,1350.1,1.0365,0.004245422,1.037983333,1.038225,0.105092907,0.001951916,61,1.07375,1.03825,1440.1,4740.1,-0.000103239,-5.54E-05,0,0,0,0,0,0,0,0,9,44,1.071659044,5.907000877,-0.007715985
319,1212K1,240.1,0.041166667,1380.1,1.0945,1410.1,1.097333333,1440.1,1.09775,0.004151449,1.102316667,1.114883333,0.128221937,0.001726208,123,1.423833333,1.416916667,3690.1,4080.1,-0.000227228,-8.18E-05,0,0,0,0,0,1410.1,2700.1,0.000280145,9,47,1.093093238,6.596200893,-0.008594369
320,1212K1,390.1,0.076833333,1530.1,1.106333333,1560.1,1.11025,1590.1,1.110166667,0.00337536,1.11125,1.122975,0.219209683,0.001199583,430,1.914166667,1.876888889,3690.1,4110.1,-0.000165298,-5.85E-05,0,0,0,0,0,1560.1,3480.1,0.000292378,14,52,1.092353057,6.490601906,-0.008641155
321,1212K1,300.1,0.04975,2790.1,1.27125,2820.1,1.268833333,2850.1,1.271666667,0.001877674,1.270016667,1.274783333,0.503697272,0.000395246,222,1.625416667,1.602638889,3600.1,4200.1,-0.000197937,-6.88E-05,5100.1,5880.1,1.47E-05,1.432709877,0.015296209,0,0,0,11,94,1.191369254,5.308679943,-0.006909898
322,1212K1,120.1,0.01225,1770.1,1.302916667,1800.1,1.30375,1830.1,1.303083333,0.004080497,1.306316667,1.308533333,0.194364941,0.001212954,167,1.4285,1.382333333,2160.1,2670.1,-0.000139198,-5.33E-05,0,0,0,0,0,0,0,0,5,60,1.233809551,7.165120683,-0.008522318
323,1213K1,450.1,0.061666667,1830.1,1.308083333,1860.1,1.309166667,1890.1,1.311666667,0.003193348,1.312183333,1.320458333,0.294280569,0.000922354,170,1.439,1.399416667,2160.1,2670.1,-0.000110853,-4.22E-05,5490.1,6750.1,-2.53E-05,1.374329457,0.012777113,0,0,0,16,62,1.243784032,6.691844612,-0.008063178
324,1213K1,390.1,0.060833333,1590.1,1.124166667,1620.1,1.124333333,1650.1,1.127166667,0.003506542,1.1276,1.135641667,0.193044792,0.001252456,343,1.539583333,1.426990741,3690.1,4500.1,-0.000188711,-7.03E-05,0,0,0,0,0,1620.1,2730.1,0.000184142,14,54,1.115753803,7.128013429,-0.008735575
325,1213K1,390.1,0.067833333,1860.1,1.317166667,1890.1,1.312666667,1920.1,1.314,0.002911088,1.319483333,1.325091667,0.292368403,0.00091601,167,1.5075,1.481666667,2160.1,2640.1,-0.000171324,-6.50E-05,9840.1,12150.1,5.45E-06,1.247366453,0.009867231,0,0,0,14,63,1.253851629,5.935875074,-0.007174013
326,1213K1,210.1,0.0435,1350.1,1.1585,1380.1,1.1565,1410.1,1.156333333,0.004153595,1.156516667,1.164705555,0.123581258,0.001831235,58,1.184583333,1.182944444,1680.1,4800.1,-0.00047345,-0.000359989,7530.1,11160.1,-3.13E-05,0.295643443,0.019345101,0,0,0,8,46,1.164292917,6.418756124,-0.00830771
327,1214K1,30.1,0.02375,2190.1,1.241916667,2220.1,1.229083333,2250.1,1.228666667,0.002642823,1.2341,1.23635,0.321836747,0.000732422,118,1.37175,1.369805555,3570.1,4560.1,-0.000126943,-4.83E-05,10200.1,13260.1,-5.75E-06,0.940434466,0.010997392,0,0,0,2,74,1.207472497,5.913696426,-0.007488763
328,1214K1,60.1,0.038583333,1200.1,1.096083333,1230.1,1.09625,1260.1,1.092833333,0.004235295,1.09315,1.084033333,0.076151503,0.002429704,40,1.104833333,1.099833333,1260.1,4320.1,-0.000161155,-8.71E-05,0,0,0,0,0,0,0,0,3,41,1.147661219,6.954652056,-0.009131763
329,1214K1,60.1,0.028583333,1920.1,1.33,1950.1,1.33,1980.1,1.329583333,0.002978553,1.33555,1.34775,0.249889118,0.001004364,180,1.457916667,1.421527778,2130.1,2520.1,-0.00029602,-0.000111297,4440.1,5070.1,1.61E-05,1.381814394,0.015477303,0,0,0,3,65,1.27895707,5.906206051,-0.007194381
330,1214K1,330.1,0.033,1890.1,1.294666667,1920.1,1.287,1950.1,1.291,0.003393571,1.294566667,1.303725,0.245346014,0.000993395,167,1.4375,1.42,2280.1,2700.1,-0.000164841,-6.30E-05,3300.1,4920.1,3.85E-05,1.396456061,0.014697375,0,0,0,12,64,1.217933453,6.601697693,-0.007703811
331,1215K1,120.1,0.02425,1590.1,1.176166667,1620.1,1.179333333,1650.1,1.183166667,0.003809499,1.186,1.205441667,0.161117957,0.00140812,168,1.44925,1.430805556,5130.1,6090.1,-6.39E-05,-2.26E-05,0,0,0,0,0,1620.1,2610.1,0.000245926,5,54,1.142778234,6.883079493,-0.008587962
332,1215K1,270.1,0.060166667,2010.1,1.340583333,2040.1,1.345583333,2070.1,1.345083333,0.002573421,1.3511,1.357583333,0.287590856,0.000873596,138,1.427416667,1.413555556,2220.1,2550.1,-7.50E-05,-2.79E-05,4740.1,5580.1,-6.63E-05,1.311114943,0.011757711,0,0,0,10,68,1.281477705,5.407090999,-0.00626809
333,1215K1,90.1,0.071166667,2190.1,1.373916667,2220.1,1.354083333,2250.1,1.358666667,0.002033785,1.3573,1.34185,0.313911094,0.000783152,146,1.403333333,1.388583333,2100.1,2910.1,-0.00017606,-6.65E-05,9390.1,13230.1,-4.03E-05,1.08151292,0.024134195,0,0,0,4,74,1.329512025,4.929855986,-0.005655499
334,1215K1,30.1,0.07275,2010.1,1.346583333,2040.1,1.350583333,2070.1,1.341083333,0.00212637,1.3477,1.345183333,0.248801064,0.000956946,96,1.395666667,1.389916667,2100.1,2490.1,-0.000378999,-0.000143659,7440.1,10410.1,-6.44E-06,1.2279975,0.00918229,0,0,0,2,68,1.292287653,5.583868732,-0.006265443
335,1216K1,150.1,0.07375,1980.1,1.430583333,2010.1,1.429583333,2040.1,1.432583333,0.002337605,1.432933333,1.426325,0.265568568,0.000968033,94,1.44725,1.441833333,2040.1,2460.1,-5.08E-05,-1.79E-05,8160.1,11190.1,-1.63E-06,1.113879085,0.00864182,0,0,0,6,67,1.061190718,0.236294987,-0.001706408
336,1216K1,60.1,0.042583333,2010.1,1.402583333,2040.1,1.406583333,2070.1,1.398083333,0.002585463,1.4045,1.396583333,0.263028988,0.000954385,91,1.426666667,1.4135,2070.1,2430.1,-0.000415659,-0.000150653,0,0,0,0,0,0,0,0,3,68,1.347750327,5.525404287,-0.006351288
337,1216K1,480.1,0.09775,1860.1,1.389166667,1890.1,1.392666667,1920.1,1.389,0.002774623,1.395683333,1.399491667,0.307288997,0.000912926,175,1.420583333,1.386305556,2070.1,2850.1,-0.000240385,-8.79E-05,5160.1,5910.1,-1.30E-05,1.387048077,0.01391087,0,0,0,17,63,1.325948589,5.999420044,-0.006982849
338,1216K1,330.1,0.022,1590.1,1.263166667,1620.1,1.266333333,1650.1,1.271166667,0.004637617,1.2702,1.283341667,0.149983131,0.001485195,221,1.496916667,1.492555556,2040.1,2430.1,-0.000275348,-0.000106578,3630.1,4410.1,6.54E-05,1.410858025,0.011422814,0,0,0,12,54,1.224333319,7.43689108,-0.008562327
339,1601K1,300.1,0.03475,2700.1,1.262666667,2730.1,1.254333333,2760.1,1.250416667,0.002159715,1.2513,1.245408333,0.456339973,0.00045029,170,1.478,1.46575,4920.1,5580.1,-8.80E-05,-3.04E-05,0,0,0,0,0,0,0,0,11,91,1.210151821,6.486702148,-0.007680906
340,1601K1,330.1,0.028,1830.1,1.287083333,1860.1,1.291166667,1890.1,1.287666667,0.00368169,1.283183333,1.286258333,0.252325153,0.00101436,183,1.512333333,1.482833333,3810.1,4170.1,-8.35E-05,-2.96E-05,0,0,0,0,0,0,0,0,12,62,0.964987956,-0.084933884,-0.001628499
341,1601K1,300.1,0.04175,1830.1,1.200083333,1860.1,1.204166667,1890.1,1.207666667,0.003166807,1.203383333,1.207058333,0.242917503,0.001000668,180,1.506916667,1.476194445,5790.1,6150.1,-0.000202076,-7.01E-05,0,0,0,0,0,0,0,0,11,62,1.165886765,6.72091951,-0.00810463
342,1601K1,300.1,0.02875,1350.1,1.1105,1380.1,1.1135,1410.1,1.117333333,0.00502048,1.123116667,1.140616667,0.094585242,0.001993203,216,1.435416667,1.424777778,3600.1,4500.1,-0.000223551,-8.43E-05,0,0,0,0,0,1380.1,2550.1,0.000176276,11,46,1.102749936,7.464056067,-0.00917537
343,1601K1,300.1,0.04375,1560.1,1.13725,1590.1,1.132166667,1620.1,1.135333333,0.003730256,1.136733333,1.14705,0.164033511,0.001389905,161,1.473833333,1.442722222,4770.1,5130.1,-9.07E-05,-3.20E-05,0,0,0,0,0,1590.1,2790.1,0.000164071,11,53,1.113423879,6.968519417,-0.008561898
344,1601K1,120.1,0.02025,2520.1,1.2455,2550.1,1.243833333,2580.1,1.247166667,0.002476108,1.242433333,1.237633333,0.358772508,0.000588202,220,1.453333333,1.444,3630.1,4590.1,-0.0001542,-5.66E-05,0,0,0,0,0,0,0,0,5,85,1.19229973,6.331695239,-0.00750235
345,1601K1,390.1,0.054833333,1590.1,1.072166667,1620.1,1.076333333,1650.1,1.076166667,0.003574444,1.0732,1.092741667,0.179898928,0.001263853,221,1.412916667,1.405222222,1860.1,2310.1,-0.000178603,-8.23E-05,8190.1,10620.1,-4.64E-05,1.269429878,0.018485125,0,0,0,14,54,1.050844733,7.162333206,-0.008822585